source_ip_entropy,pps,syn_ack_ratio,port_fanout,connection_failure_rate,subdomain_entropy,ngram_probability,packet_size_variance,mean_packet_size,iat_variance,fft_periodicity,outbound_inbound_ratio,volume_baseline_ratio,label
1.7727626875146272,397.13524544355533,1.758408453347363,2,0.04164877616542976,4.701772682545894,0.05990404020441857,4865.449640158043,498.6711669853379,8.502630887774155,0.16560337786387344,1.6333181737870797,1.1189768791933679,dga
2.2024978433801743,468.5357051996168,1.8991779280525876,2,0.26341099854183625,2.415876223797875,0.2903460426228106,22482.106598079612,1539.7864563236117,13.267767175592786,0.008844545653553458,0.8877232047036145,1.0769430236743556,ja4_malware
1.862310786696558,256.3746964985419,1.6793401550841334,6,0.03012328317378422,1.2049378114383047,0.21074246845765848,27407.66921838109,1412.232929167378,10.077620763674549,0.29467092658579214,0.8299608670150853,1.6520853265249702,ja4_malware
2.2981599879589734,414.85893516971686,0.8359294155130248,2,0.021957179936112434,5.78836866100642,0.02009131981102092,835.0116739202078,678.3164539203069,5.219952496190162,0.10603423158663204,1.896654221467919,1.8516677445666943,dga
1.2096526164309354,495.96949320506826,1.9182798365328597,7,0.015516447499917319,1.061989576962269,0.1539798687912684,2620.1647322619483,860.0546484340695,14.3709957732316,0.016645795957294405,0.46868858163422544,1.8302089089209472,normal
1.9552288649260285,81.68620068708172,1.196628986069397,1,0.17696163376506696,1.069484350839546,0.21248149310336106,42905.06161802642,1334.9267782973964,15.04939609780881,0.012023218374092403,1.1746167055186245,1.0747941977266646,ja4_malware
1.3531308520997247,292.54681697091513,1.4605779726725832,5,0.2717099850418311,4.676161250311679,0.06934540636003392,4795.89003200435,760.4412305010756,10.733860783476752,0.16648162854603787,1.0472460653547466,0.7322988679020832,dga
1.0285513763882443,413.4786395555175,1.3506687306206595,1,0.23278134895452748,4.9436830076610425,0.021375245451304453,819.5420976391323,619.916236007376,5.451716734633835,0.0386331395272279,1.8584416249659774,1.5884623739647137,dga
1.65570203594437,296.01411647725695,1.7291377247157105,32,0.6617222065328139,2.8379223148121016,0.2143386527085534,2195.472713078736,752.8675293480565,18.364328767204956,0.26001797781996744,1.306256852138549,0.6470581188674733,port_scan
1.978881010840153,18.89866651803839,1.8181454296738093,6,0.1592169873180702,2.2398319603682104,0.2813614507211101,1996.3838665584997,584.618700591374,4.6222123755138576,0.06699677644858215,0.4306920871622789,1.285200179946622,normal
1.5339349055820342,35.37343373473753,0.5228755652877319,3,0.032815125871338835,4.580050745951542,0.024064978590144517,137.66748541034917,954.5590136631959,12.788307721130673,0.2746928391551907,1.574754492281371,0.5211851137185273,dga
1.7901181903245182,159.21455482581305,1.2021556578696864,2,0.04502750376448251,2.1503396065972695,0.1478633951413138,462.0806802303263,742.8854383300348,0.24107412515854446,0.49666315448342857,1.0191134407814075,0.9688682266896665,c2_beacon
1.2624085914645917,58.637551177886,0.7600808497285529,2,0.15215808244320347,2.180859532081863,0.19560662565706496,329.34939618947567,637.8850940539924,9.90674518978436,0.2712219510704872,18.602160640216866,4.4333905987990505,exfiltration
4.338997525762316,9704.824723482696,8.541927138264755,2,0.27448170353116574,2.318528614045313,0.21210744665330095,1940.2607102256927,924.2019448040097,3.605746242055132,0.27946158976689767,0.7802982914595178,1.65618385868659,ddos
2.905805063424431,6096.261371813301,19.892770379665052,2,0.0913882164327466,2.4740438246510665,0.2989845461306997,3233.9545656679857,571.6576450795985,2.388276552910078,0.07688604074630473,1.929924727264759,1.8630592542815532,ddos
4.393793940606859,1144.5051821966622,17.986847694839277,6,0.06014824573084676,1.4760627191878926,0.14186624377940574,2248.2461266453015,514.5878612348858,9.853371998011475,0.015151309557255199,1.4079014680282327,1.8569653671296265,ddos
3.8234140010690374,4584.830454404675,15.595085044261593,2,0.09644790091615615,1.1379055684916841,0.24110325218754722,3953.186518159761,992.5373611742586,10.013836746453235,0.08033751586351502,0.6317607416464301,1.1478445197435425,ddos
1.5492558526984896,148.86066494731895,1.204300805999503,70,0.9399252392503015,2.082278327809572,0.24569871056864492,3633.910620456286,321.6356446639261,16.178093301711584,0.28788796904399416,1.706088876058612,1.458217985798932,port_scan
1.7823809827372084,54.128786169337175,0.6031333478372114,7,0.13242950932512546,2.750319846070453,0.16729875712502634,3619.591439317278,925.1028153271874,4.63812524267445,0.15696474452591555,9.426197175356505,4.005422937818054,exfiltration
1.8239085487961972,217.55149630672568,0.9663919794572742,6,0.10301368788575911,1.6563965173216901,0.15872664236907408,1079.683861267948,731.5830734090085,0.10735244272022634,0.5178903894577385,0.40346609386659316,1.2823587459799852,c2_beacon
2.158018648166482,320.9247298263806,0.7630197671808828,5,0.21351174627581634,2.3945473236598582,0.23336665713809,472.14699293551666,647.9634632646187,11.940838753054273,0.1893084434199136,1.5170110102420205,0.9012990475497986,normal
1.9695795296547747,76.89496597446409,0.9235493393298008,5,0.2871523046566039,5.045341455555572,0.027870190146857217,879.4047885655792,604.7847985410331,16.738577502131378,0.023673115457952976,0.26396793327568696,1.4838010036123244,dga
1.549588674739371,72.18588800407144,0.5578129989851536,3,0.12709653616518152,2.2078893299572533,0.17478436805864467,4869.408550354938,383.1439861669049,4.047539296065531,0.2765763962322869,1.8789429368134245,0.9986227008616753,normal
2.099188030809488,211.40857963004797,1.0096008511239294,4,0.2041594750683548,5.534476080808008,0.04033838506558215,3703.898655510214,353.99830861662304,13.813786077456884,0.071972437540262,0.4348558276319258,1.713808256530619,dga
1.0465610839501491,76.88707859185364,1.3603757995496604,89,0.7173532480128959,2.2432139242955245,0.2628436662223165,105.8332886054967,824.892331679283,14.938864745185473,0.09055488158950788,1.3654254343665382,1.9326283735457548,port_scan
1.6437952932012807,300.5863310429419,1.4290507444811689,45,0.8975479276489211,2.449934489239233,0.19762206114452052,4294.651644545416,457.82018483215654,2.179236379895397,0.17959453421913313,0.44277276812624594,1.9543222584030326,port_scan
2.8740408647795785,4190.01985021463,8.287135955944542,4,0.27737776599559466,1.0706548894158954,0.1516986947802861,384.3947539580395,630.0340834134352,5.265348966566029,0.1776492987277429,0.6734191638609456,1.0738722598427872,ddos
2.4190405942259954,203.55354761987266,1.1374690784991521,5,0.011693813261196118,1.1774689860157783,0.11671240642969566,4360.3399038499765,713.7543318676849,9.257596854006914,0.20681413610104443,1.8474702527793272,0.5976164407662738,normal
1.8336547117110307,232.25586388432623,1.5098335738414868,4,0.11136539825159748,4.6280951294528565,0.025497894508133025,2315.8067844397833,570.2627322572132,9.752689104428754,0.11164651553320029,1.245344868206539,1.2636498546206325,dga
1.7878519595974307,20.63395716413053,1.7253244602482418,7,0.2914325756858548,2.7503050940800073,0.14758957197924963,710.7385590140833,843.3741932793428,5.251109169309867,0.07703197470604568,6.197357779081356,4.840535040940559,exfiltration
1.2129089152510149,222.97614781306157,1.48853546886056,3,0.03940019624423948,2.197947097684546,0.20444347640036592,722.9110195630909,788.6518069644075,19.844759293480294,0.005703757150384847,16.085192301256274,6.2638071450988395,exfiltration
1.8807067480830058,142.37929607923266,1.1324718056833774,5,0.17287193197525375,5.6472809355179745,0.0360298579114391,4261.923928575139,588.855771036727,19.607896146700284,0.19720478393891916,1.1561147319338632,0.6138425590683068,dga
1.0388029119613549,364.8756609787093,1.1528282154091887,6,0.05102783574155085,2.454473410996756,0.26280524761059254,13972.603539962129,1628.51009330476,9.092745360159471,0.0656688306332003,1.9904971040103205,1.5456551357924275,ja4_malware
3.358840951629384,9951.919094913315,7.306152057956281,5,0.16978106856711264,1.0721211109928086,0.10258519104577005,4584.139201232225,435.2815107800561,2.147743959117017,0.0876379173564434,0.22082368638879254,1.6296606868912233,ddos
2.2598844535657827,114.33338614442947,1.3925169998629465,4,0.22800651804684316,1.1521387650980461,0.2237328385244064,3779.033852670207,762.8189168368775,12.039682561060708,0.0567455020359321,12.835841305249463,6.299425555543285,exfiltration
1.768442527528384,413.31091160942964,1.750879480153325,1,0.19201664453141917,1.403244951252771,0.17774306434869094,4243.5841827672575,479.84752895575616,10.563799522993625,0.18177524193086886,6.661967652151617,6.512188868321202,exfiltration
1.436376757210178,77.04242623451688,1.0917222769081316,5,0.1482190810985331,1.2476873638867416,0.29987800730290537,4317.761705277562,452.48610431851955,6.794154761234702,0.11690135579485969,0.8926303429922733,1.1986270725726107,normal
2.1229120291854238,189.0354469675754,0.8125690121525225,2,0.1317535539617804,2.5146988654798372,0.23945645919732778,4125.904371355878,936.9560210422229,1.5668100522467165,0.08600760763712262,1.2818009916842206,0.5689054956600843,normal
2.3794831069869176,1472.7518991529814,14.214878772279166,4,0.2839664664054764,2.285620508577435,0.19953336546839362,3202.168600449519,528.2910998375028,17.715658706733688,0.03203994687703974,0.6156073012356962,1.601490395269218,ddos
1.7661937601204665,244.66487291723365,1.394664345744313,4,0.0025904021513678543,1.3607034740004833,0.29493153337395417,46126.344004126906,1940.8919273860909,2.5624354029199683,0.22282351335421632,0.20853925245984883,1.89543984978439,ja4_malware
1.3370211744002374,353.90433420533293,0.9799974946358792,5,0.2054565857951404,5.141215088085348,0.05384625935126889,490.58407113396436,553.9428891203202,11.839900250507435,0.2004333231178603,0.2715110184720979,0.9803868087049261,dga
2.3709722969075804,301.51954891321736,1.3381538433654794,5,0.03966885579367963,1.415272684924088,0.22386196067595307,4529.825484108309,768.4965635586154,18.649519955118123,0.29038984131286677,12.492240730672414,5.39581362861115,exfiltration
4.989602713777058,1371.779784998565,12.626767551281016,3,0.220056476332799,2.388873438617538,0.1624090566600638,4829.072621977122,801.5936647979199,14.767995920021436,0.06527261452243,0.22841767375168998,1.430494687206205,ddos
2.017989648956333,489.85292663799925,0.9972609302468509,7,0.1838787036526628,2.915541005000742,0.207260461802169,30426.225714651762,1323.9584637076055,8.753880700506063,0.2136381873491405,0.27629175970690223,1.5884819651768836,ja4_malware
1.4389166182519646,193.5486415750192,1.9255508721622938,6,0.006939817861889108,2.6382707535747176,0.23319550590733815,21659.47358929531,1971.0341499437757,8.253610516942123,0.046631440070170636,1.4610332292758421,1.26516743581736,ja4_malware
1.7000815055905512,479.6302986414765,1.9213033994989885,1,0.21382490812838992,2.112380593595579,0.2297193582940864,2468.9963916037177,793.1208016233918,8.690219641583013,0.12918297074425023,1.2392102055370686,1.5617379562547566,normal
1.3330830808873335,407.38336286239127,0.7925770458918351,1,0.2284566876715679,4.723654823099494,0.05927857892411596,3519.712703767607,645.8719012906809,2.079909546903566,0.28582422547592906,1.8076350123614953,1.8241575632694174,dga
1.1119551906118945,476.89012277404987,1.4208065665905274,5,0.01715723806515035,3.5849027610911337,0.04157480857812325,890.4075137021501,617.2430430622414,10.003014366838102,0.06163899782496304,0.7736062260171559,1.1283173834353373,dga
4.938256168505834,5170.417665698717,7.658101554648711,7,0.07639940740826782,1.2715413645783535,0.18540429638019562,2909.2258145000887,911.1264504524623,10.477667303709152,0.06818509245250194,0.9277618081046093,0.9561782133165474,ddos
1.4887380372072279,200.04243063018836,1.2634012276270314,4,0.07821113440078338,1.678047251839653,0.22755800802691553,1450.6117503085045,953.0860186544899,12.694817200404872,0.27489061017449434,1.9750903831201287,1.197499738255269,normal
1.3218770092292937,175.84367681568975,1.8126614199837674,3,0.27839118244974725,1.065184886494029,0.15756180299227357,161.0817332056221,837.9618948192842,16.6605399759024,0.21436562948102464,0.3556715532416921,1.5439004036032533,normal
1.4925418075070331,154.43004466935386,0.5082096632519413,6,0.08384621207105687,2.5020175057651155,0.2631527223190827,1604.5543882162926,593.7610149666508,4.092244666697271,0.13582526228125713,1.1022197411472974,0.5192693728338413,normal
2.4138502465980833,372.9587556770518,1.678907844791056,4,0.044625374157212794,2.000069354782914,0.2617774091081572,4194.25381320622,534.0331678567488,0.877132753047034,0.45338401919290167,1.7555709967762945,1.283132715176435,c2_beacon
2.205108883589816,493.6695083464897,1.1907842261575448,7,0.0737999736010466,2.5017326172531167,0.25051341353084394,2989.991288165292,699.199984308183,18.310773537669107,0.29524546841251703,17.569619652170395,8.627943669809884,exfiltration
2.0353738914914152,168.2564733847784,1.832234185499376,40,0.5386907318419076,2.308870113093225,0.29956270543618,3601.4609291544452,437.5382960134372,12.39628613339973,0.18974797050501416,0.9938924839189454,0.7560254476910192,port_scan
1.0110434046265082,83.82975716848769,0.6940442051874116,2,0.18706391089282376,2.513006095454621,0.19849258340008658,1663.9524616599153,444.6408782366708,14.563353016217283,0.06261806503108816,1.3040466255350622,1.4078665412263773,normal
2.3838062316127413,241.73135722666623,1.4900910531822058,16,0.7981690806957202,2.909590054880655,0.23818700688654734,2983.758034405844,815.0327629952184,18.94279109167649,0.23480955294687428,0.43096512817009625,1.5202636155052995,port_scan
2.3916931452584205,155.0561028259126,1.8960267328169307,2,0.2354166062554054,2.601154235030641,0.2874030001752527,3715.5001886659993,808.0251643034729,18.938187194434036,0.19736753442179844,1.7616467443087576,0.5550682813706745,normal
2.1534316073667767,67.71384745665998,0.5375875859822781,4,0.08825318517399017,2.4200471531219847,0.2825827607248046,45565.843965321954,1708.2748182937657,1.5762173450362278,0.05806610561116282,1.4779197644705893,0.9144221243121915,ja4_malware
2.1888083982296145,207.1695124770287,1.0793492766682533,4,0.14714070905240983,3.6701833892811893,0.019418229696626432,4574.779875306807,931.1986892849383,13.743114522030941,0.13764217949184918,1.105280953301821,0.7651695839765942,dga
1.3578216826421308,195.25336334191087,1.2257131170360116,4,0.1399500189065394,1.7645506342430977,0.2160902300878667,2660.6315748953216,696.9528702754533,17.769130579538636,0.0080036691214722,8.58310670904305,5.471861729006864,exfiltration
1.749812645804521,390.94718435542984,1.0501519265111603,42,0.5665654175004178,1.5174163319507157,0.15495193071853927,1942.1225072795655,779.1454936432713,2.561624501212706,0.2632215262963422,1.510571676284641,1.4749708206170622,port_scan
4.809878103995269,3533.493304492753,18.909732867635725,3,0.2807786134142938,2.583549841410383,0.2672436618374473,815.8934747513208,887.6296644485864,15.614862349128455,0.0951879497433666,1.4663497613480545,1.8843271367732506,ddos
1.7102341015854308,314.72990895387045,1.1249989970598202,6,0.09490843720101455,2.190378704250852,0.2973396403037059,3728.1822384128213,947.2334249382524,7.827441645304386,0.20759800991595426,0.9807229526374677,0.5413214319371842,normal
1.9681310596518646,92.32823896844151,1.6522281630828608,3,0.10649512762483788,4.293240229710893,0.0427487601919987,4757.719857798016,397.0082374932855,3.8683281800575378,0.00920517744035223,0.2643820653421856,1.5739030629188469,dga
2.205627656006664,338.62676882550954,1.7005455878180238,7,0.11675445542260195,1.4407579495826146,0.13230931978742427,4845.852043372854,807.1222110179554,2.6516068904147967,0.23250639409944857,14.646002879472771,7.061045526121388,exfiltration
1.8990741872812653,373.7357952148086,0.831196881813401,2,0.06040449571581456,1.098148095448546,0.164881132828321,3427.463629586009,446.83246242938924,8.245629130165144,0.17855429195673064,1.6879677301825176,0.5855883753979418,normal
2.218148566055753,59.81052551922912,0.7069347169468212,3,0.21319643334046529,4.178049935594718,0.02710166318502661,2165.1108054331603,701.2716373774421,8.02713680554506,0.03875546198473553,0.826800176383284,0.5017096071350963,dga
3.9617210290695573,7905.969183478329,11.59910409220646,6,0.22285866625478276,2.7707417964949013,0.1810481353633261,1260.3145214569597,513.6515207422904,18.816888325642882,0.2504558137590667,1.489170173558923,1.5402578945641423,ddos
1.9906951963950297,465.2380543894546,0.6515874551827963,7,0.10589673238778069,1.3231363931980449,0.2971623142108347,3712.3808042648902,761.2615920677761,0.619568186067091,0.904814110409011,0.6037803523064122,0.5681100749961425,c2_beacon
1.6802473113431091,288.73794858325425,1.755935361156138,4,0.008725369707848573,1.4578719195849983,0.23013408328433355,1960.5422607088224,310.33301401463433,0.07298902347499632,0.7639684473118361,0.21532677976073789,1.9570742689214176,c2_beacon
4.552642429267711,9669.772568267224,17.895713214105744,6,0.046405334897572655,2.388132858414517,0.1941690987198348,3357.523751023244,333.1574337755311,10.439530538181858,0.07105742326954356,0.7202149023732936,1.2841907655788962,ddos
1.0434992548067041,491.3596747212209,0.6904028851863797,5,0.2638235200463055,1.9832206685949088,0.22016097782541383,1278.320415066666,747.1288890379062,12.005829721996365,0.19465408019808325,0.5778817635684704,1.8373636645074976,normal
2.2077857038785886,416.91410287774767,1.8939451038554929,61,0.9057332906417398,1.7118035096296067,0.26772840214209437,2192.145421752182,654.6210111020821,1.327158969995249,0.06105427591005486,1.2249990875026682,1.8223378892036366,port_scan
4.667792305664584,5398.828025300377,19.048140235567587,7,0.24759311384823016,1.4778454255846478,0.22209889629404622,3571.8580990370124,440.67916748827906,2.258091072592583,0.12485913990060339,1.4865538911487772,1.5894980240419856,ddos
1.2574752392071298,226.5494242046864,1.46418280474419,4,0.290229103826011,1.2072334956657649,0.2821314760132492,11421.882377658434,1888.5491771278864,12.137054162352412,0.11942387636546438,0.9796565947908507,0.9622272946031138,ja4_malware
1.7731925164504314,283.2468767010498,0.538320464429336,4,0.06207346047861412,1.8223555024707694,0.23475615841274614,4085.8950953346175,396.89433771092126,14.696147621298879,0.12294947073961919,15.032613822149662,9.648753989735766,exfiltration
2.0195776397197274,195.79301237237593,1.9502962216795225,4,0.24246082895585408,1.6111319593082642,0.16391229439644564,1692.3198630782254,650.0422435360088,0.7656346829565969,0.7012209382624133,0.21892568781964233,1.3260698232438246,c2_beacon
1.6367137353870524,262.5629791937769,0.558600512755466,1,0.020231102145607548,2.5028382000312375,0.11128160579381477,2688.519872863713,615.1244779538782,1.7543400618114817,0.1619351932660548,16.05053134625532,7.021232432481403,exfiltration
2.4389172753621633,277.5361556519183,1.908366983385658,4,0.03830974070603138,5.218393568267462,0.05805730893488762,4888.754956337883,330.4920153191971,3.8154313982999226,0.27101630604106575,1.748359033932051,1.6964635722421728,dga
1.1068793924251217,134.8724126045778,0.9185212076415817,7,0.08537177080414364,2.6642294438701932,0.1912442470063087,2208.1191320481507,856.3482086573763,2.296638061930577,0.19493446796118807,11.171627063001623,8.48745609512093,exfiltration
2.331732815707949,477.4135872055684,1.420301755345485,1,0.21282210349118974,2.5275702904206794,0.22375863639037408,3601.567783790552,735.0552669397671,2.937003883441797,0.1071645703393533,15.398831311212598,4.650077299771823,exfiltration
1.9125185329790824,437.0962590211522,1.8035815386524228,7,0.2657135594091943,1.8814713735285864,0.2699856935626629,2397.50321451213,711.211406545481,15.645610183816911,0.13732894244528734,18.418064505640423,8.527603305669563,exfiltration
2.3709103090366517,123.11132352247654,0.5282898696019591,6,0.14946637590287018,2.4713414129764777,0.11624476416311072,805.5158624124764,766.4720362485926,18.961562197825558,0.056987907996848705,11.689252659084406,9.01538591632482,exfiltration
1.6773010564539121,48.90964074309709,0.8070781341982639,1,0.17918033765410443,1.2082046617057476,0.24532358204603977,2405.4054097160138,363.80615886907174,0.9404375801670417,0.5755118175328795,1.7206833250664375,1.5624459392073553,c2_beacon
1.0643218193300998,216.10773859881874,1.411723052250999,5,0.07173180666919497,2.9730565127712483,0.19935206994856702,3851.9806054802275,554.6445292868204,0.21185192889204973,0.4128309832753689,1.069344366881089,0.8165692447479984,c2_beacon
2.4263056292482506,217.34824553279276,1.2757737941371823,28,0.7561857314812767,1.8722574929217086,0.1420740142420827,2649.613319446939,598.2970004515257,4.906505008173354,0.04468746291663208,1.753073525287014,1.4277804876607152,port_scan
1.1309318519313623,281.96220281766546,1.3610792275366064,3,0.022010117135704544,2.989883601445719,0.18485985845712505,1808.5322086010588,683.5189181097477,0.06000432351076673,0.7444961366249598,1.0161737383565221,1.0546693461457892,c2_beacon
1.0830931137463902,128.40306528215203,1.9563270928186067,2,0.19540049962201392,1.3264133694355742,0.17865002688013334,2652.2000776572822,455.1880038637762,2.6107201126726496,0.2758419925530274,0.9986052340688607,1.9684643879756156,normal
1.1240949998836578,434.0737085472748,1.5083966468351673,4,0.13388470157413246,1.1437243316819201,0.12537174959234337,1415.7168734351278,478.34069686827564,12.057975783663778,0.29991445531886785,1.8743274717405871,0.6272809811498077,normal
1.3827073879070744,307.95448504887514,1.8998318079256913,5,0.10820325969471076,2.470613367015787,0.2804828251860064,14044.816747317487,1768.6582999741763,5.609497343439181,0.06144662725803221,1.5308044641391427,0.9609913957797832,ja4_malware
1.004965498220487,281.3699730594917,0.7322097444326662,7,0.2355550835017576,2.7764091415622056,0.2728874146844937,1915.807532018403,386.6411207233348,10.454860643891205,0.07323230552075934,11.404081034134167,4.35744993634933,exfiltration
2.2818115151574965,5502.664504457698,12.3522848496617,3,0.18765156462453228,2.5548703200349268,0.1975180955656186,2994.1069813431113,362.2297613613677,10.222769898191038,0.12761903699457353,0.7335877252938403,1.1591083719652715,ddos
2.374600344642479,16.94631537114639,1.391819016379861,1,0.19692111441375088,2.916399956609311,0.2665899199250361,1236.5906163228676,434.0406674698347,0.6901234839597175,0.4575020398303465,0.22504794181742407,1.9057652985298208,c2_beacon
1.8165217123988646,456.0284689285939,1.2499989088453138,6,0.06027972733406209,2.2157166897170772,0.25666601122843946,2857.7672886736873,609.3549049760763,17.449400122558927,0.20274452860515138,11.65081461349834,5.7231057451333065,exfiltration
2.2059684758290095,435.79030262300626,0.7410980716763237,6,0.07320492181994949,2.30426915651703,0.22551209964650962,2251.487173268944,452.27128537694904,0.7814491574170584,0.7734413724424509,1.3365446898256488,1.1540291473218076,c2_beacon
1.0779427996976563,212.87278595672583,1.4881301147250514,4,0.23626667545896501,1.8739785766229036,0.28485607673581215,2766.080648263323,827.450394411927,1.563005833551431,0.04522324988282806,1.1893323369311062,0.508399158296361,normal
2.229463261991848,388.8224774079719,0.6354416670560963,34,0.5893378358264997,2.098243696382724,0.23313583963082596,3916.724983103241,771.1474007814609,1.2195787454241382,0.18085054990326774,0.739142822646937,1.5000795150253026,port_scan
1.8354666499502124,332.1352341720679,1.4857355032903299,2,0.02940304811868012,4.978706218274171,0.07784654947204235,1952.72853615033,683.1865646510332,9.241267413621902,0.19123353807073418,1.357364707405187,0.7444586397591861,dga
3.1779915058449024,4434.089339555897,14.327761869257396,2,0.27946639800619344,1.8209941252419768,0.2940231571565114,2750.623742186504,462.7935634867428,18.059361083148364,0.12977085497125915,0.360814804811982,1.4137311226671414,ddos
1.1588461056261299,262.88302261598506,0.58923003827501,6,0.06457312445374494,2.8882872941525495,0.2750199794122945,2865.0514085639943,756.2708647403019,19.432593713526565,0.27420141163529027,1.9979538327050292,1.4988720509037399,normal
2.0443005562317627,313.4821035385558,1.670652330908827,3,0.2834187460014006,1.2391178836065053,0.28326537890325254,31903.632399989958,1771.190156852575,15.495433485643058,0.27372064633742094,1.9511160991800498,0.8936681149976462,ja4_malware
1.948566151721555,60.481621453163,0.755346329898799,42,0.9325658756561377,1.4161425510035042,0.2835777570029702,1989.5483246569534,805.7104344375473,2.3019168638611736,0.2377890980484486,0.47437744191454373,1.6413733326205127,port_scan
1.669192467854375,63.43362347407471,1.9713439855043031,83,0.6848562997021557,1.555130383906612,0.10214000160390505,3841.3718020937067,649.0817025207023,9.063172534016976,0.07550990223522597,1.8738134384425151,1.0925168764011188,port_scan
1.9985271041598054,384.7537407775448,1.7450287687385422,1,0.13446482627134984,2.6813923410675216,0.296446139494717,1142.10606312415,666.6476585589128,14.036456890052872,0.2973600092328753,0.9533553986659757,1.5340052908818393,normal
1.2158462538268762,438.41403899249565,1.5657991576140167,1,0.291060471770953,2.58048631077887,0.28267622131242026,271.9447530217599,800.4418224854425,13.548592531374014,0.2941920825427764,0.5141942904354883,0.5683709805013168,normal
1.3373334555854313,41.95916689696936,0.993908321611216,5,0.2102315067716362,1.0976003318564318,0.1722423346404952,1781.979021155004,891.1678321140482,12.047798381559614,0.15400955872522867,9.895244269568224,3.8101518569099393,exfiltration
1.8679421888917926,94.28392551336812,0.7076437680329026,3,0.28962695658296944,2.164802490814206,0.24109479010931226,3411.6549589377273,842.5292305054999,11.807429232878862,0.065212103167166,6.0157903518400335,8.841399684291218,exfiltration
4.757678047158725,4704.38228877053,11.342504458620738,5,0.22461422657034968,1.5979155284358417,0.19607400312882312,3482.775328573052,955.6036762649546,17.6153727763504,0.20014520356578627,0.6724101475503883,1.1250738680443182,ddos
1.8863732372221251,33.86225143378712,1.9649961173248838,5,0.1000649779435066,1.0945006777129702,0.2096795472069436,1093.1211605518158,982.1094272888724,16.998371190160952,0.25795501705966023,0.6283756777386851,1.238749773017139,normal
2.1803865662532074,98.65405959312538,0.91272878840257,6,0.04052393766525723,1.9432803812487573,0.11226081315468846,1354.1015012156445,518.6714685414261,19.94890410838605,0.013819470030657333,1.5067308312178755,1.6404129270295227,normal
4.112765144989357,6266.470406551463,7.011613947618685,5,0.1636474937022581,2.138627616822825,0.12365872449312015,2894.9860515610444,577.0519354509859,12.089950117185582,0.24221276695113603,1.076543521122732,0.8538736437419266,ddos
2.1909525832981283,97.87913422919345,1.627999796662242,89,0.934958635894771,1.5090676668800456,0.28310350158577047,4062.371983910589,654.6936112268938,6.1614245147086395,0.0455438864077542,0.37085095798299195,1.541347161747996,port_scan
2.293893862358315,4087.3185848249705,12.708946135868613,5,0.1654416360874927,1.9395970150913946,0.25628460570943545,4861.279581104803,639.9847550566346,4.460708764790262,0.20787012153478138,0.8282926454643242,0.543681435439755,ddos
2.1306399760724055,256.07741219928016,1.8522695265080276,7,0.20632608254036403,1.7003915650890367,0.2408785846450588,46376.82473559843,1691.666938560176,10.948691545348252,0.011144830163300534,1.4501964075937275,1.5322157696761975,ja4_malware
3.2941672650606257,9653.213840350934,6.4489091013746185,6,0.2793457006399391,1.683806611618713,0.16151802288438596,3029.0968253583083,532.497625535919,5.619651932469736,0.1832859123994516,0.8537949025520581,0.6818746346863265,ddos
1.1510261005490618,357.4870777965902,0.9347464097736902,1,0.22177057723168905,2.2872222090016705,0.2589553846295385,3461.1578077156687,801.9408711581777,7.098315077719408,0.1677900352853366,11.376931770680761,9.785084441821645,exfiltration
2.8357730407845576,7506.037290061979,17.86359604096736,7,0.2935364491435512,2.243459174074533,0.10610101533812784,687.7825934272438,802.661074606326,5.9673072693519735,0.0683596737929731,1.3958916903613965,0.6893381357134438,ddos
1.0394199623652296,25.86519182205301,1.3222597886872378,5,0.22369509995591236,1.3315216463439488,0.11195854211015649,2360.9332934449435,914.8934935864615,0.7927457670445273,0.5835856922371564,0.9775547406091247,0.8151835377720906,c2_beacon
1.4814510875839841,392.5749501244226,1.1334846099666422,2,0.10855193584901765,5.160608219893235,0.015815109929678054,2823.3621999357906,843.2436622823201,2.388135655396544,0.013188310261370394,0.8519453161885648,1.6485655078428507,dga
3.503514993526741,7311.463429872034,12.590385942400978,3,0.1200805656445777,1.3483708272399626,0.21571207512176344,4267.647898561244,517.0840142124171,3.3177124398130373,0.1523047172588667,1.3429369320996218,1.5893267631934402,ddos
1.756169482521544,368.4028995603454,0.5146470089012942,6,0.15984337960435624,1.7563581200666416,0.26350451582686674,1660.7920380836017,842.4789643745239,0.69023682362346,0.4644327515170876,0.913969476997577,1.6157451835083747,c2_beacon
2.043806409658809,199.8275721846018,1.0663220465601535,5,0.13687241046493434,2.723223835512626,0.25598632594230497,2016.4309709489196,673.7267750103535,6.467079244164491,0.2099524054193121,8.608331936058994,6.0084615744972405,exfiltration
2.1069668318888146,385.17239309638796,0.8319408050852911,35,0.810927650907793,1.968834387603305,0.27020930786628544,814.5844298608948,573.612815173437,5.103251753074069,0.07826973482557911,0.5939038867806253,1.0295668287574227,port_scan
4.264788352369396,7706.671789409821,14.824428329408148,3,0.007838134851714218,1.8378683308346442,0.2458141442826081,4724.545282822013,499.18709920410424,3.254091628983543,0.05182046139722002,0.38205593801542215,1.4678332054696437,ddos
2.5157260874874465,6710.2008504317255,18.651409191604813,5,0.03511478125428712,2.2967053314192913,0.2541693169176067,4632.088487326223,991.177842938471,19.48977107384939,0.24388402338811602,0.5900090857303575,0.852246524592426,ddos
2.0854247110981072,274.05686104019736,1.8629416453824588,1,0.2933747668067056,2.9581824349545007,0.23209575146437733,44939.10799566738,1592.4800188136671,8.338727366564298,0.19704860484274825,1.6030068294056556,1.430452960052142,ja4_malware
1.3220177864719576,349.42686334750675,1.1187271757107173,3,0.21816779916256165,4.479677264765949,0.016575353112972174,4133.305241313937,412.8003546203099,16.506955198163155,0.196015282015596,1.7043159262644767,1.6640014378767929,dga
3.725511047936698,9805.772379768714,15.324932966283876,2,0.25501641933688396,1.653266264856844,0.158509266801042,1009.9504480249464,383.1716031244521,10.69892364300675,0.03518685432503764,1.5433073709437313,0.7045234285606965,ddos
1.4403906366500254,455.68059949696146,1.3168226030620094,1,0.1547062315565916,1.4179192149692281,0.19304249431271464,2091.8607984588407,489.5187354647208,2.117220098646455,0.05367743569693493,1.2840947396260272,1.530086299337077,normal
1.1483884250156917,167.1790473869593,1.0297548202469449,4,0.20182147270874376,4.201147874884367,0.01817742650929617,1770.4089460616005,895.9281625656878,2.733711383913465,0.05491086924988898,0.5164462135320784,1.6610224325594005,dga
1.8716749138313535,340.5527637197218,1.739917226986895,2,0.12517608295760585,2.358103112575986,0.2939587415501439,3968.835199603213,390.80967483343386,8.880330259077521,0.04772152644825067,0.39925078994989005,0.7333933356263678,normal
1.095725884156263,373.919357695292,1.7690113419618632,2,0.022217305010722076,2.0153539949235557,0.23506889413523768,3840.7153392896394,535.8906332067606,16.494552362583676,0.17089352729392845,1.7657420864808364,1.424460644078135,normal
2.394365487519358,467.9627385805821,0.7447849186776021,1,0.07688013323462325,2.6191307518315305,0.1541896662558924,1981.968305912294,419.8978227525584,10.678356909039934,0.04000326726598289,7.539363724690971,5.253278450480346,exfiltration
2.1177087752236288,124.815340632309,0.9102001720486098,5,0.13791176425793547,1.1835241703123105,0.2521348239173541,38066.40514161954,1797.2051755454154,15.49965658400462,0.26538498618127276,0.9110727714632436,1.165135037323954,ja4_malware
2.157784791855609,462.634839515206,1.7000510404724691,7,0.05249427275877687,1.7243792292498838,0.15640791515501268,16123.934961988758,1902.9426375716025,19.626288279483447,0.27536064340149524,1.254881298368016,0.842912222712572,ja4_malware
1.509124240892148,364.10180003137214,1.0425086767315734,6,0.2596856312966144,2.6845833223168913,0.17739847578614937,4024.5878811110983,596.2249227768227,6.915743099947722,0.11548243518975967,14.043523447737089,6.665284171700226,exfiltration
1.7060826035295764,20.502923903193526,1.4115311176866148,6,0.2992816418242947,1.678128046895944,0.15925358011192464,3696.471984218711,777.1584749960895,15.105126235094858,0.1572182961887568,5.423449829011232,8.385902627895856,exfiltration
3.8966642705740946,4511.1913179806115,16.938724630409986,7,0.013380980196420556,1.1539755450660178,0.14450447219812151,2517.1960321798038,908.0940629776741,16.242477438234978,0.012924788343639105,0.9501126406094254,1.2432812781837583,ddos
2.1719410531472736,32.13482732481893,1.9531284820423982,2,0.23105608483325485,2.627831367419141,0.1707717278646668,1615.323659047165,606.6187468895121,3.3985872947593614,0.14218026422771815,1.2633927475475628,1.0376834681488427,normal
1.2956573765092565,340.1738474936072,0.5584842672938479,15,0.6338510607215116,2.9404463503607294,0.21639381597882462,4643.152072845467,753.2966727487931,16.13022332096045,0.24517456320567732,0.7723384091268128,1.4628009474489347,port_scan
1.186418005362331,11.32768471364594,0.8972098248724165,6,0.028709095187855457,1.8113915198833648,0.24445314011634234,2483.2173999276606,815.0172646463669,1.7700901182848738,0.10299009245367116,19.712003146575473,8.301752887316027,exfiltration
1.560909495020729,230.89513864278726,0.7783191274239967,5,0.20833930533624093,2.857820188260115,0.23319510570056473,18977.38415896326,1723.6212054712719,19.406309493899975,0.01955688517004914,1.0464117024093775,0.9523999830370873,ja4_malware
2.307297122671991,238.73101104962763,0.9583583234870738,6,0.14990841407875607,5.861731573058968,0.06000584147005077,1031.385708988312,449.28138517383206,9.323804388588135,0.07667681365995689,1.8929138753509742,0.5421887920897664,dga
1.7691837788790585,282.11617706198837,1.4771556373395027,6,0.2029105150490062,2.2865260317346974,0.27586940641643976,4068.5214196605193,650.320443205901,0.6161062980965457,0.6896022726969877,0.9718592083780784,1.8794257026103112,c2_beacon
1.4517018492632427,100.08820155841902,1.565006395014392,7,0.23689871497210588,1.3920513825463712,0.19879037860348656,3230.586288521492,879.6150306076775,0.10838722314080883,0.6536539270287683,0.8393348844412498,1.0628057733221665,c2_beacon
1.7770252797443806,69.18454617969802,0.9214952338128956,1,0.08257120242977105,2.059076754429775,0.2254875819871325,13036.402808544877,1317.2629430232062,15.566970210990196,0.2962353719443514,0.8371628017447301,0.7251720453670477,ja4_malware
3.1084990401510115,3209.939376603545,17.011785750178078,6,0.10824956433547554,2.0686932805781013,0.14517029675624699,2712.6506191303893,478.6385820205038,8.68794382635116,0.2271180895607312,0.7980384032606707,0.8194814535405136,ddos
2.365249546960763,429.9412731740395,0.7344957642600357,33,0.6305745350516715,2.1112925668267133,0.2626868505516855,2073.1204744324637,501.03097924714757,7.8037272715167845,0.03265967653240702,1.5583734763751271,1.1360792544255496,port_scan
1.7382298233631437,195.73582056827956,1.5351901543676896,2,0.10246147866048685,2.3321045985382973,0.13733842365625307,1074.8878868066558,940.7285693829731,3.021232336908384,0.15299667885355936,0.9724732217824925,1.0515707072487015,normal
1.1841368986172291,125.19758727152315,1.8126262985811235,5,0.12417909571638025,1.4048105590075246,0.2629751885370745,298.11646382571826,433.61960260055656,17.680361755172132,0.17856470655499485,1.6736632898654258,0.721592843811603,normal
2.2002498032787017,352.4918400947351,1.0732113123819516,2,0.03820254679381613,1.6146504470311058,0.19980017308170658,24242.73634566929,1879.546660651682,2.5237651387064197,0.1240562186581617,1.5585806041654393,1.8002078494266973,ja4_malware
1.602843316960279,268.4755633206286,1.6136882848849148,2,0.28867300697787285,2.486692807410037,0.1213106993664524,30803.021875494913,1561.4811095376197,13.625377448030253,0.26078674605802626,0.8237683250156191,1.3867337199655019,ja4_malware
3.9040474071319893,9760.04859043124,10.96916176130443,7,0.23701146649146837,2.4974629554206778,0.12762195223697456,3356.1104667319737,378.01542103406103,11.598495432001005,0.25043562957721155,0.906057192486629,1.4758378485788568,ddos
1.5089179821120582,383.58733022146805,0.8839030169784576,2,0.19525961250426738,2.881082369711085,0.22799793817541916,1309.1277992604985,393.0604570337294,0.18379914588445703,0.7717268608910159,1.4806667960411524,1.7239207313162281,c2_beacon
2.052536424784521,261.12246760933556,1.049898839617335,30,0.6213670108676743,2.898477536802334,0.2536801065346759,1297.9806325259904,994.9877964200356,1.3104864387369521,0.23826514101011162,1.132819588296925,1.7282956596430177,port_scan
1.4738935777461895,232.10715908508007,0.7644370475331952,1,0.24315591469793923,1.6449266371635554,0.2763814434277855,1314.718280172796,325.2174347853865,8.068071377673519,0.07527288866247368,0.9684773475794053,0.8740035937856692,normal
2.21037847009136,435.3674654880377,1.8176090211014408,5,0.10730388025595125,4.0456866499708095,0.037382622040718724,3806.094021349054,524.8588834975108,9.855168359982772,0.20183851637428704,1.598142608699289,1.6401149828048702,dga
2.117143233861726,346.95587409138534,1.342728395094499,6,0.0509142315295682,1.8404449580648763,0.12338944661784167,3356.7369355384735,359.4823271880169,1.139614642220991,0.09258460278282571,1.9236663815495092,1.9932892685929129,normal
1.8203517025703193,468.10605668848854,0.6979976900089735,7,0.10679327763136838,4.864371296628322,0.0449990024449916,1230.3476844029906,866.5169284974064,13.992931354719728,0.10774472866855041,1.9783813848622425,1.5832910355392216,dga
2.1247149584601903,443.2589901817016,1.2900556895189403,7,0.2274641011622862,1.1095392131508826,0.1682118068432819,4216.858211995561,351.6379668540282,0.34279143589775346,0.6195529761323834,1.8591103932437014,1.1504574739054294,c2_beacon
1.7359399587087219,186.5384907987591,1.0834626602688557,1,0.12714989192322837,2.4671668535425573,0.29238041937705983,3556.123752390727,573.7769895423794,0.673476009742705,0.677564066858167,1.0421976893330565,0.6122791780630513,c2_beacon
1.4912433466188182,449.6780778795059,1.520628208504883,6,0.2790316557750372,1.7921305025569745,0.18920634384597823,4079.733704070841,852.3994279082484,13.55108983458648,0.1538863351533902,0.6448147190642359,1.8050388212857067,normal
1.2505043814245378,61.534107871613,1.1693498330192484,6,0.03646800905939983,1.8252295389180049,0.16144279942311804,2275.6093933152483,483.82335219589703,0.9528352303036718,0.9261097965080236,1.857587316350747,0.8280363291331774,c2_beacon
1.0848047495294968,340.157057025351,1.8044383793851393,26,0.8191788954946095,2.5189596995869064,0.28174208453366456,4565.51632345773,999.6685883822887,15.049144227472464,0.16273534032607187,0.7610535885070326,1.5550811057569054,port_scan
4.789377217772856,1555.691923079449,15.802696685005031,5,0.20155169456271693,1.2947265330494915,0.267225083223705,1004.4650095407637,312.7235382182725,5.64044692260474,0.09786334208073004,1.3434882010056186,0.6526208496232557,ddos
2.0556671096707126,16.456601787950774,1.2743169133767263,55,0.7586542126727236,1.3532386918492976,0.21390377462793808,1823.2682550524346,328.50486003066237,6.289924871527799,0.04117155708378077,1.4038068772008008,1.1045555850517272,port_scan
1.2224397678220429,363.593656996481,1.949400123978161,4,0.24799012462931067,1.336612878495549,0.11941369151943518,48611.01880279297,1309.3429673581788,2.9832301504025387,0.06349146790227017,0.6493810713103016,1.9175273449771455,ja4_malware
1.3328136048340606,34.674117804915646,1.9224206178546392,2,0.10900935407183926,2.56439521786598,0.24137492859183582,21251.284705526494,1602.8376218514054,19.84587344217101,0.1384574139332432,0.4333648869264993,0.6355526006111731,ja4_malware
1.433629960233892,183.10573354561393,1.5032305660583016,5,0.1075074429548339,4.580816636398734,0.03435117761141038,1621.729941212198,916.197549490077,1.6000099283803222,0.017860532665285044,1.624996070072475,0.8626180417105305,dga
1.4202779912090169,211.4708561623715,1.4495999455324433,5,0.12145823272676895,3.5825872337203,0.0553275677958393,4253.216725514313,515.7049660774321,10.258152244008807,0.07580851832917211,1.9306370630864642,1.6498118770479473,dga
3.718443236213143,9630.45223449174,5.965936611735528,3,0.1175742621963335,2.3874431441863444,0.10723791552411502,2089.5448470896063,762.6547556870032,9.136029662212819,0.1799265146148107,0.8558333839966543,1.0710106469507232,ddos
1.452013948772077,71.57528790558263,0.9811011784301774,1,0.14471280138873432,1.2789976959243798,0.21804265486892493,3796.369236785083,379.43945317119824,18.122446965723643,0.27329575184934124,1.434885508365587,1.3980317157569753,normal
2.405497648310609,28.484692488216012,1.0079010279244964,28,0.7405946214175448,2.923727136487234,0.18721554937141732,2053.2366227397447,556.3265327564544,7.471451676649949,0.1060255102917121,1.187103780598284,0.7757840558651254,port_scan
1.1110173787564543,281.07946219270667,1.7553752887824379,6,0.11372651493643969,3.5075994514591256,0.036803661209056975,318.81923158386104,523.8585382895068,1.2467538497760042,0.09077267462528694,1.0346438718654611,1.3779912137246215,dga
2.0662996781995107,127.72243097079384,1.3374573525609224,1,0.19701562825829325,1.8322682832159514,0.24001522608295947,1756.0977402229792,684.0195831505821,2.3210528773082455,0.04059995385510089,13.088128827849546,7.875345825092099,exfiltration
4.530710617153876,1558.6911886312414,11.688497403577538,6,0.23767607910522492,1.31578884387321,0.1695762399759636,2789.4528866930814,492.4006602825944,4.995686591112117,0.16295651566216685,0.9888220589401457,1.1742939083634143,ddos
1.7702045882129434,323.2299235051611,0.927831571704845,3,0.12445014596374873,2.613810176214193,0.22742030216179085,3133.1843036033138,547.7189833960306,0.33439812258837603,0.6368508264291886,1.2060397176483877,1.0047704125701173,c2_beacon
3.699928030793732,2042.077827441757,6.698127754041085,5,0.04911091845565755,1.3580950982954658,0.11076508048832233,3014.8562119290664,840.4176119280819,15.733658610793936,0.18384170239842826,1.8442562438282513,1.1724014618180263,ddos
2.32862463371734,212.85954289491428,0.8067862687236986,1,0.2451726727455284,2.646135863961252,0.22061700005787005,3149.8207516831135,440.5237016476017,4.686123122411999,0.006884532374558006,7.250916422321995,7.653070258513266,exfiltration
1.1073692291213655,11.160313069175045,1.6985173108014353,4,0.121135648824519,2.0259869877223746,0.26320318558755307,2252.929317117334,440.4315257914919,8.370226022621805,0.17860132426594463,8.903741913645746,5.209841535920577,exfiltration
2.2223217887745603,41.76558392699543,1.3737110269985138,21,0.5550768209557819,1.8585152414426371,0.23900774879413236,150.65847696443163,779.6858821445161,19.57624974663773,0.08349186042284021,0.48545731621055793,1.7729116517921424,port_scan
1.5556895590523032,324.0354309472181,1.8606294903642628,1,0.04605946390111424,2.407555389080449,0.1702821702799076,561.7263357858913,458.3322228614435,3.4653866113744005,0.1755929713756571,0.881076826649668,1.799088072775754,normal
2.2446846146986195,405.641486928378,1.734686914925142,6,0.19799587327113424,1.4734039890532067,0.14882381501711534,3138.1545592871853,663.0912098062317,11.15961763103149,0.2246481001405034,0.25629905229465155,1.6969011757683032,normal
1.604258866214825,53.530313810441335,1.2867542152047127,59,0.9939386753368389,2.6176179585405803,0.24271802148130905,1431.9955982336885,623.9781350286856,2.81705820920858,0.0916137149749892,0.6270940806133558,1.8183437838998495,port_scan
4.536804916875015,3992.0139900886825,17.57445618798812,4,0.2611012530112564,2.584945331117554,0.16738364988976798,126.08261199805925,656.2402778059773,14.806691207991648,0.004216106376025863,0.627076668801345,1.2997159709091513,ddos
1.8613080581291837,491.22575924835235,1.4560016539655594,32,0.6825477416122796,2.3508204853305124,0.18057000237087834,1938.3545302965058,584.2145468890672,15.15027506221308,0.12575947392578954,1.1379658975789293,1.9947917287119492,port_scan
2.2096980769428844,485.0993421739829,1.1836360152963936,5,0.105134121431695,4.976122162737326,0.04238820242631678,1789.0070682580906,796.2215556455495,14.545406695005264,0.26375847187085344,0.20769497695587125,0.5057737656855728,dga
1.1577863365511785,188.3044834498513,1.7591322224954753,2,0.10520646715853087,5.058917756756454,0.03020675314530006,4009.856077334996,885.6041377244991,4.925832235609208,0.03332379980118183,0.3813112906923144,1.1447846673245277,dga
1.7462497934534023,353.68868796962994,1.0861290965501875,2,0.2037739473623339,1.600847853844384,0.1818115132914581,3904.9638049641635,522.9414461167873,0.02968674064831022,0.47834558155424206,0.7213613953033036,1.0146583539949798,c2_beacon
2.099369066424119,82.30654475148305,1.7998737151657427,3,0.1422257145514649,2.5595966334871303,0.24042486531699575,45161.24011625444,1630.3544080102374,9.40464370800317,0.25904052729897,0.3247104873596197,0.9394560035440433,ja4_malware
1.9591249469098213,453.3152159896907,1.2999816593969031,2,0.2705394090705504,2.646208761463404,0.19236187385707076,1985.3931578521833,417.75302113154623,0.250385152548397,0.6453508776118607,1.1435599441612954,1.2406979110484642,c2_beacon
1.5864687006328901,484.762236544769,1.7932087802071885,2,0.237869084156357,1.5220446748562109,0.26753091801603346,1426.8552697277448,452.13893273726006,2.560311894443158,0.2690962071360421,18.22204082790306,7.38831705316716,exfiltration
1.3409758789823016,476.73607934947154,0.5833342538234814,93,0.7657429625511556,2.4228580043773302,0.24464655344047107,4456.018101795344,973.5031407610124,13.681345043387763,0.05673216700323936,1.0852902394038362,0.5539791260985214,port_scan
1.9900909673312315,158.37111667402905,1.84974857083589,4,0.15980029826233996,2.576658003555448,0.18621360234682405,45696.63652933498,1372.6448489728532,8.991951734505149,0.03940946926661308,1.6014907329766697,0.700304617771997,ja4_malware
1.7986102151268064,496.1294666995141,1.6919840294646666,3,0.22937034274708626,1.772629625298873,0.24939850378188944,298.53658678392975,877.426841161558,18.595342409753417,0.09736380798424916,19.573160136107422,6.802449002210086,exfiltration
2.1417165072087925,421.78514907842515,1.4855165055447042,3,0.2348359381130636,1.9993661024522325,0.2798840832045631,22971.337407195533,1714.7668310015124,1.0028885586960363,0.12415142646273188,1.5896733004970802,1.7924874681428014,ja4_malware
1.4033242879376875,81.56642608935326,1.8305090259544297,6,0.1654525101750156,3.6027691529158155,0.05206288577258565,1295.5833000902742,774.8492000666859,1.5310843153798104,0.03722579911734233,0.2047711960849128,1.3273005289259114,dga
1.5585367641890693,283.4037779963391,1.1078888813947374,94,0.6960552290073534,1.2166725920272459,0.2469472038921738,3844.772860096659,678.3942669291844,5.532632412737386,0.23122711838424378,1.2343600333809495,0.9989506502738412,port_scan
2.323378456239315,107.61526919603038,0.8263989311870474,38,0.8281824645355332,1.1939739253539905,0.22647318278529804,1427.2704397236034,993.3539772249837,18.21294605444869,0.2030073606539305,1.2245983646976029,1.5832933392786908,port_scan
1.672012628982083,484.4775075616428,0.9568314569214271,20,0.5054726588840666,2.776394395460367,0.2518498308216819,1660.6674960744215,655.7774204145912,15.455409536203646,0.005243980946148019,1.2196937620538326,1.345103509641128,port_scan
1.2299264749367411,455.4417590672448,1.8092884381612682,6,0.24732466280504783,1.9627507945233165,0.15672022992111478,4406.947474693641,424.47012483187996,3.083071569602457,0.15945141955282457,1.9289548350284684,0.555912331989558,normal
1.3948902210444982,70.89484381159481,0.5022099045803137,3,0.17488744442019152,4.423052341207821,0.07239779042923715,1574.694867300015,485.6859650362372,16.344990300503113,0.040413504126737554,1.0452801699997623,1.6997960661780827,dga
1.3291647230399373,438.504829102021,1.889698479082708,28,0.8093651121245917,1.7141983282671067,0.2871594470387334,995.7676187260761,495.3604649240895,8.44233064583801,0.26361809135665987,1.4085636647462012,1.6047116860907114,port_scan
1.152507854355574,304.3596202426948,1.351901345642739,2,0.2291532201865074,2.019469319752888,0.22710825859461564,1587.5549928124965,875.0886628472249,7.956007582112537,0.22889708079991053,0.20189355060869865,1.1387998372631398,normal
1.1346500800817287,54.28731202532737,1.723407878922938,5,0.18178765681818285,2.6246337113574714,0.2896045010185898,3637.8409695192386,779.8019815437129,0.6028788312479523,0.8980783185749526,0.7891828289770475,1.1338061794947851,c2_beacon
1.550920664913951,105.20936477429723,1.3833999871667688,1,0.20149622238617987,1.7565341763866604,0.1717079683411347,656.2256299976234,433.7319618142757,0.5449144623557165,0.8037056640510154,0.38327590588652305,0.7865834124456577,c2_beacon
1.2463496921243378,491.1036829782501,1.9784619773604422,1,0.23251133129715654,2.1194155677399173,0.15808992509850406,1120.6616656033611,920.0671556800262,8.23946264744798,0.023195967101759352,6.811595007084393,8.526044102090875,exfiltration
1.08503606227729,307.67062800963663,1.198321700402273,7,0.2646518797765792,1.4522967403301945,0.13388264490268928,915.6343106338052,590.6625434630846,1.4867536108935235,0.05624190115747738,12.635957352395074,4.888596710073712,exfiltration
1.769363188227281,196.77863577848547,1.269392418169189,3,0.12300889096808783,2.250742639727731,0.142564905583673,17339.656329802656,1749.760645444483,17.418432978179634,0.07519069676461841,1.5030527048100022,1.8109105213336822,ja4_malware
1.2219468106242612,318.0874955911205,1.4467117994125538,4,0.06811379860356592,2.574810328961111,0.23688169301652562,11470.560419260579,1941.0259379806123,11.416593762041947,0.014330196587572806,1.4293565626354099,1.7515517573364348,ja4_malware
2.047181175967956,208.37893256900156,0.5527639732766296,2,0.25144096644909125,1.306984410748381,0.19830263461056796,2185.991366359894,789.5965972256188,15.441363849327265,0.0009623072055552017,0.511955767812649,1.717071427284147,normal
1.263878026645478,243.52611897588005,0.5326581809428754,1,0.02651320328832074,2.436151340728969,0.11643448019023883,4172.166129281139,748.4945175960454,1.9301494287092416,0.2571378965270961,5.028185030120206,3.1046547327950518,exfiltration
1.8504381761072168,164.20820699768055,0.5578195117567926,5,0.11243630057165267,1.6012568513174192,0.19602810166374773,384.87928217920336,515.4903279103696,19.039217494387213,0.1254323832822755,10.219521610245472,9.185840647923829,exfiltration
2.062556604759866,265.03916810214866,1.571281032090553,7,0.05832000597564595,1.7209719684845424,0.1411247547300833,2477.766985203322,899.7004505939918,1.2834649729793501,0.057783886647190114,14.852683896554545,9.288219272022396,exfiltration
1.9551599080037325,209.33453703747094,1.6613628411271564,5,0.0034258130346589864,1.1431942723971293,0.2670491234741378,3221.425885862918,830.2827853365137,8.222289254380172,0.24154488878341412,7.690994248918048,9.707240083242564,exfiltration
1.096020405708023,448.34501478349705,0.8477520152295936,15,0.5399314966755684,2.9624129381987956,0.2783808781920034,928.1413547291689,971.373942763414,8.989358289705416,0.25220160456414553,0.732854243437123,1.9773334737833612,port_scan
1.9017111223680268,416.5542379233351,1.1984798295200632,4,0.11830655843360868,1.4007556371560084,0.2387680257446582,4411.356410209201,637.0082068648151,0.8826620798311099,0.9103638439413279,0.35329153011840103,1.7281177992141723,c2_beacon
1.2396580623109525,217.59856175264335,1.2957533182879903,5,0.006226654604847081,2.7418138164520913,0.20586643891323136,835.0433321688112,928.2507225220384,0.4087433220260441,0.8968468587277272,0.5097989949388162,1.3191983559889482,c2_beacon
1.096010067572983,242.92813281633693,1.3029023180098804,6,0.0462638596054158,1.2286438330322775,0.22386519311424102,1188.4152855424318,948.3770770217143,0.7289826962024267,0.7691861668091453,0.681799111023888,1.0270593321663053,c2_beacon
2.2948953154562934,196.22144460428152,0.9903944905839176,29,0.854778709615748,2.4080233986290183,0.10398341955212782,2982.739838667486,552.4418229405746,8.905345481244092,0.28009787178900414,1.742589652615625,1.0187957565479975,port_scan
4.062488146910264,5057.513613749441,7.928012334193957,2,0.16990601351439105,2.874686642679059,0.18377520192219166,700.9499534256997,730.0082887864176,17.283051623618416,0.057740810781008164,1.6959620413964185,1.1332468201951973,ddos
2.276697440233309,429.190855477387,1.3839967491912142,6,0.17805467773265765,2.2625718346121704,0.17559773463944675,2473.48287008711,933.6304263568828,11.464418951860681,0.007659551141535092,1.6590090982127228,0.7607399737017568,normal
3.6333989945740637,7362.605022948034,11.99659920304157,7,0.001827721649045233,2.2845568083181287,0.14243345984323047,2456.4480887605355,839.8483094338893,18.27193367064123,0.11816406453339526,1.3109328658037167,0.8270937268086562,ddos
1.5028588622240453,372.1564258230225,0.6686483814943069,1,0.009432480368941098,1.5283940412530648,0.2603451455770108,1790.520846310757,967.6080629279436,0.034625927300077776,0.5348858293114129,1.274366911808901,1.1082067784392686,c2_beacon
1.298180517902862,109.3954578222889,1.6892777846990739,2,0.24878003383324143,5.263267819468096,0.035974084996189606,2999.5436942947263,308.84073469630056,5.434156899401433,0.06497195989170952,0.6091966151331,0.981876596763338,dga
2.132378364514373,489.70542436769466,1.6101313991950663,6,0.0016663509001824007,1.130205526992135,0.11656591616588344,1723.750048546305,732.5955657396584,6.120910373055455,0.00011772016545397168,18.648579352552808,3.1346211761719895,exfiltration
1.6048341141240476,410.5379068838431,0.5509525131899835,99,0.6678922223536448,1.6357776573471576,0.2745505647854287,3884.5335499429357,939.3360482413951,3.7705532866403297,0.23385139586901785,0.36676899343569813,1.786739442807097,port_scan
1.846925011029809,263.8226455900758,1.647187611934459,2,0.2901297518410464,5.249171825673275,0.04073805045847913,2879.598544792227,865.3597408020705,5.5771605367793455,0.17818593088957788,1.6283754801352768,1.6600601793523517,dga
1.3124802191948512,374.6200320682723,1.0039642716273263,5,0.17577555689098903,4.509774132798212,0.018053152701347844,4158.288445790271,958.706530710718,11.67159358050674,0.010391419494394049,1.1898601758140115,0.6665343948573456,dga
2.2503181652999413,209.60595075483803,1.6975609837377947,6,0.2760166239043863,1.5710981685546257,0.1400943841107885,19330.03089412618,1870.993094688994,15.192102560288138,0.18427902867102736,0.4712756764733362,1.0631807910129856,ja4_malware
1.3891727141415875,45.979978865710166,0.6626582001941848,2,0.04532779793016489,4.915132246688162,0.058459509037145516,2929.5224411053946,882.694415572652,18.340398980722327,0.15806672461229707,1.1105342012019939,1.8086310512437835,dga
4.105699723792664,6460.525081006733,11.741797914288309,1,0.21377275930479941,2.6270506228691413,0.12533227078220832,3959.6978935643615,770.2963419365446,1.4495657171510248,0.1117283174699108,1.6630976355196756,0.8102756125033883,ddos
1.32178766505241,314.31700095380984,1.69015733690671,2,0.028591388194130596,1.058503988551571,0.16545725280021664,3692.894019009213,380.8880602349251,11.296573917513138,0.18427241778013834,6.116173906970934,6.031365833144459,exfiltration
3.4665364752638474,7098.313068173997,17.60930222557011,4,0.19597370318772625,1.7373102883101939,0.2951355683795803,175.91149966182743,475.60536522006134,11.189776186164998,0.2621086201408375,0.6557751532850469,1.7645430781306013,ddos
1.6582023637181342,208.31488520100228,1.8552321989583827,3,0.1468937536455307,3.8368478286400958,0.06979816929532856,1672.4685017723118,737.9236407907827,6.955937671946859,0.19569458989287455,0.5057366192851305,0.9867602424898646,dga
1.0019760578200887,209.46934039895402,1.5761700453041128,72,0.8605749791911523,2.9673492581334138,0.22695334982168927,1082.5909073457624,818.8399795182148,2.882359527400417,0.23480872788777696,1.7971142268975386,0.5814559281801132,port_scan
1.0590779205388705,326.55604667434443,1.6826186439694977,1,0.2320431759050399,4.9020419837120945,0.025662954369804078,4216.139865163998,417.3458813582559,7.507208328407149,0.10140837196337554,0.7243162588018424,1.8995278188604754,dga
1.9964703104910813,254.42030968042775,0.8663075011488324,4,0.1404961604082993,2.1608765944056896,0.1443908079121898,4726.313668636283,633.1387042602698,2.9336007244163125,0.17808395739538962,1.5785132340740442,1.5064089123824227,normal
2.616915965105601,9926.083432443205,14.44799762279424,7,0.2983794987325446,1.3403240161331647,0.10579218601625968,2923.3681636670567,464.8564804748735,1.5252934766662074,0.15016384263856042,1.9876010528966235,1.2696337574496734,ddos
3.0555190789388784,8446.409691045781,7.150726260511693,2,0.12388305906987179,1.9104714765759285,0.21923473013239508,4072.749563213044,972.070440764181,16.797363937768232,0.12947620397149953,1.519962509415309,1.9467573141447492,ddos
1.5715318391447237,303.25382386329096,0.8867126145535316,2,0.2823228854294092,1.5761199374442814,0.14907125298672536,607.2003147192866,725.690241379062,5.45161641542655,0.1287225347960458,1.2483735228599206,1.3511098619701598,normal
2.4480751781911727,7803.93615869763,19.57713441615334,4,0.08409316291053993,2.43373748879936,0.16429915044631188,615.8971974200496,437.8852637771276,11.097972975445929,0.23944779322675952,0.6504521973022441,1.949112423261253,ddos
2.2694761161599493,398.37198514032036,1.2786151150285026,5,0.17748796240872486,2.1793102115458245,0.1264433762276924,3324.589778113291,885.4972372684834,0.7177746223668795,0.628383348915304,0.2041135528077148,1.308081656434939,c2_beacon
1.0839516602093915,450.6449114482742,1.4360122632729881,2,0.241670813779677,5.291283412387241,0.05797928865590254,3908.1439620562464,408.9667078079645,11.414495668537777,0.2806013796797239,1.4476726677372476,0.8966122475920085,dga
1.102337743308421,449.8061519503046,0.9448874884774261,1,0.008689130187924509,3.8871916410960785,0.022471992817748965,824.1963940689097,639.1674441390567,18.06362601164632,0.08297494153573519,0.3813397634029496,1.746261877020622,dga
1.1062748973385386,46.24791894181871,0.9495639688675271,7,0.07380633414893918,2.59290141138052,0.13147882952266396,48612.658234059556,1660.285494217042,18.254912270946342,0.27456452968175116,1.4011529573974937,1.9582440008942177,ja4_malware
2.646859030289698,2851.8773913201617,5.33156149580099,7,0.035829926037691806,2.0996729243553407,0.19307953202085099,4355.650793612542,723.5052723454814,12.105337280086202,0.17326786503555364,1.4123691626293073,1.0647487137953286,ddos
1.1374507598153194,26.678620272786933,1.2228337382646908,6,0.15110615702124486,1.4179274001330973,0.2952423982700007,2699.8471229612132,812.6459373584776,15.5346228502032,0.2362023593652011,17.32734165672283,8.335670614347908,exfiltration
2.094993355145523,264.249054486145,1.103330339072173,2,0.20606710614252197,5.753932415948855,0.07999699638960635,4888.368433865346,700.1508848429061,4.950805491217302,0.0923510459517887,1.3554579338008053,1.7463370016399535,dga
2.325555280106098,328.37912997111175,0.7825976258659346,97,0.677720935719372,1.9936089330173121,0.29894221059082204,768.452366024037,384.639430656924,13.185882141181354,0.2523253464073233,1.7762985822230777,1.4094592607008163,port_scan
1.8747028710509581,81.77039448515886,1.839752930006859,5,0.2935826467665026,1.4154855922551908,0.17489199187856458,3035.175188069137,698.6079247763001,6.57657985960755,0.014754335974411358,8.721848014701525,4.768932469361475,exfiltration
2.2700669464743446,447.2702988373467,1.4902808750477967,4,0.07864861550875361,4.6402470977146795,0.0577141173999588,4152.187387863851,883.2165020496128,8.74470165094289,0.03404379388660602,0.9785271572210121,1.0984060197060976,dga
2.169216311156993,365.3398272169257,1.5846707032180791,4,0.044022969962295745,1.639331135254174,0.28373292301225905,660.7820629585374,556.7069210425773,14.788459519017122,0.04773532412714183,1.4076584489971307,0.8992427275460176,normal
4.1906710384271575,4973.284485069741,12.246476068331603,6,0.06442207784616345,1.981959676676559,0.1215086601749879,335.6549176959676,853.4039316362273,15.42725505320634,0.26289552728727683,1.3790365302731054,1.572892296607657,ddos
2.341094685342294,290.1643618809702,1.8927364900311918,5,0.2502825826718186,5.785603218818842,0.07419539357540729,881.6782471597169,944.9400522662785,10.382977312166567,0.2908126303687127,0.5655545822780899,0.9664929767699804,dga
1.4162940288484802,465.46713317433955,1.8016962588164371,2,0.09389856405053844,2.114000171254407,0.2661326125925308,3342.941516091624,792.0415434272404,0.16389194248832262,0.7457982895921831,0.4467644876783906,1.8012418568931223,c2_beacon
1.183744792000579,292.45062156984324,0.9905897002882664,87,0.6146842321247384,2.3272340351166867,0.29745892056478224,3420.025601796255,451.7400988612594,12.158954176294914,0.004821087028068227,0.3822206862240549,1.5267920038504732,port_scan
3.67565837652299,5626.323081875782,7.590284237986271,7,0.0007224431450887247,1.2713083160715,0.23045840892617517,385.0177674841667,708.1683281325086,18.862565360301286,0.22041087371621232,0.4997987287187166,0.8034575655163372,ddos
2.3264171482744684,249.74067462376019,1.1179813856777971,6,0.11363956589565306,5.2124795378673845,0.04583066065626153,4979.258375234347,851.4035203827912,18.418887581982037,0.08866271558385837,1.6925809643234913,1.4710710817940698,dga
1.3087355100769595,465.69678119644766,1.9641703009304115,15,0.914389191335589,2.5202958529728656,0.2872150972979416,1071.5320322951534,913.6486343468376,7.141256393272757,0.2270937662122573,1.6779288741187415,1.9510195349649009,port_scan
1.1579171197811875,465.8884626186837,1.7297132873570362,2,0.04249169039187149,2.874125449759403,0.12215006367928033,4068.6887211873704,406.72655628487036,4.566602526545417,0.19523395067224278,0.9200449924119434,1.7812209596095896,normal
1.9637249139933215,356.9647054849581,1.0836450672831202,6,0.10088574912820851,1.587920941849142,0.14973493240723465,4274.628674447795,802.2636728729317,6.391403820312743,0.29407338758278423,1.0186269631706897,1.2531991829519469,normal
1.0554068036028261,464.80318978296776,0.7070551081254834,2,0.0810885677043979,1.5777259283087444,0.27689313783947345,2931.6500549464645,360.628081015793,0.5579752271055809,0.8662344855010162,1.6918988711953593,1.9305505084706511,c2_beacon
1.4464435097841686,276.72376701464304,0.7913715586033543,6,0.08014614775563676,2.359599682938293,0.14301843878774667,3504.7208304521737,937.2445479354574,5.626537339350484,0.15559324020621046,19.087620552024923,6.958284160268544,exfiltration
1.1357093740523,261.1233010281335,1.067804071225876,1,0.23921711052376435,2.7556870545440706,0.1975071294852816,29138.24510358654,1236.4846122807137,17.35922778894948,0.14742969511473,1.839509743838544,1.381264259355433,ja4_malware
2.580760277025023,1099.293592963149,8.732645549885264,2,0.20644479944268537,2.1189815097384486,0.13198143994523517,1038.772551337403,342.86357727180746,3.785059955143719,0.14682073281037972,1.4045132023984321,1.483131933781665,ddos
1.4881668596022046,388.9484688825656,1.1950135052672404,7,0.2634228300927684,2.0623509034992615,0.21715403600810762,44384.98205063121,1708.2683350747227,15.743348453702882,0.14832244099176473,0.27952429868184486,0.6925075066216562,ja4_malware
1.0267551759654816,203.12163081726777,0.7642074487596198,7,0.29619378598714313,1.2216415393974083,0.1320676249885736,1122.362129524392,993.3095252477256,6.479347364869224,0.27581907731032307,0.9417887033259322,1.925051694806202,normal
2.3539797158914255,179.77454114951865,1.0678891813395963,6,0.012703834199611441,1.7505562793869882,0.2950808647652443,2407.6654784384036,481.85877193841446,6.22266445587536,0.29966746462632693,0.7220861205924682,1.082388042518677,normal
1.2895590821311655,40.4700734264802,1.6114815939706457,1,0.19453088649498743,2.4363105431595025,0.21559297356983903,116.3331454346379,380.1181272727183,7.4111986918823245,0.2197050548666316,7.536325785177367,3.229303690845157,exfiltration
4.563066666622536,1865.8184673511869,8.945144554243234,7,0.025050274627778455,1.2243753321202655,0.17209685900600827,3566.650835933547,665.95393193262,10.85172408268299,0.16586578643170505,1.621711208990046,1.5836122955800274,ddos
1.3612420870617206,476.9695750563109,1.693682847750455,3,0.08110229115829172,2.6116339227012446,0.2381294146210307,2157.0717491733503,474.2158097035153,8.761816732581238,0.220047239258981,1.4528737305633674,1.4785702009157968,normal
3.0640048188394724,4835.069200651242,11.820029957842266,2,0.2742982872861938,1.9281792753810283,0.12159862292981222,910.2001439719842,787.2063028539717,15.513163231817813,0.29640678941305254,0.9287351100829393,1.086222834435556,ddos
1.2469117263730272,301.65429180255217,1.2562679065862208,7,0.06732476780240589,2.8005561992308188,0.11199816691706965,855.5353227291944,445.147333118519,12.25193584401401,0.1423146398734104,1.8784496924049345,1.3422402999052796,normal
1.7213656424501178,301.33812835652355,1.1986361605358824,2,0.13447570636612313,2.1151669936527657,0.2928027404719594,788.2057761062109,752.9831516514964,17.650548718552827,0.10309377771892927,0.2337510561253025,0.5755187693547028,normal
1.289562236303356,212.6482863418852,0.5949927180538371,2,0.017654561199729534,2.973889162407789,0.2399844340275295,2758.465948132879,885.1195122871997,17.236010492801725,0.20247813024316785,1.740089829074501,1.228954255651708,normal
1.67562504852621,387.4348390674659,0.5379422432368064,1,0.03071309461407351,1.264463578723846,0.1859658546364736,1283.2736151827937,452.93686353915814,18.3339203330493,0.11967139996461768,16.67110860983028,8.710814684992435,exfiltration
2.2599080044718756,188.51257353835896,1.9295168799240021,6,0.16969829524584704,1.1678684291886845,0.15560224632885805,2498.4696000932745,918.8100242772447,0.8235657268075557,0.9295417050545738,0.5934104331110264,1.2675177691502435,c2_beacon
2.4730946730049084,325.0343239302054,1.1491355032149486,1,0.08095209669732017,5.5606543384588605,0.01651697113323758,1680.563106795421,934.1146732378677,3.7272737677958587,0.11463389463146419,0.9444299845367834,0.6243027420708767,dga
2.4174108824954987,375.6788834027006,1.5130871910187376,42,0.8410074883436753,2.2396410891586735,0.12185672168727431,2765.772465604759,318.9210165090339,17.591500192457985,0.021392080934757817,1.4270861538259334,1.6674969934750172,port_scan
2.1873628272005146,265.0638515934128,1.5406738423541022,2,0.21741799289070882,4.605963841448963,0.027991748762767693,1285.737772464083,747.9001167968452,16.18800214453563,0.05762385836782878,1.2211826010763747,1.8775170399548635,dga
1.3988049421892794,452.630657262386,1.6962662535211288,1,0.1500628947940056,1.4694069781037915,0.2630089646816187,289.7407460220813,556.7201692509718,13.463109092369033,0.24167583170864007,1.3839613824511465,0.5355461031781021,normal
2.1349892951678564,10.621379016434465,1.2817832829666183,7,0.17020107562752165,2.910465780724488,0.10533325325638972,4184.875963761943,968.5323785755929,11.947033031211381,0.11986057217263252,13.969168194786464,3.894721510045195,exfiltration
1.1637159951486025,214.13872020388246,0.702038037385021,1,0.04517948617290105,2.2173195052535677,0.22208146388669464,2542.035280406808,997.3855440573934,11.138778744857486,0.030929841025592986,1.5425932921310417,1.2248937231326256,normal
4.48562793681463,4782.742298909272,16.596398021852703,5,0.11118648606313046,1.8400594783663038,0.2686508726224466,722.8210191173931,697.8987047385358,11.6649751847637,0.0487590145848238,0.9682300740642644,1.450035261280537,ddos
1.6878409636877347,263.6541454309872,1.1567623485137557,1,0.13279680454807746,1.4598960356372648,0.11251422316923188,3383.4565533279956,343.1367988643284,9.129991000405695,0.2789653631858897,1.7107464297219568,0.9348599423232136,normal
1.1549636275978283,487.4009622547173,1.6728099842546857,1,0.0847866166284273,2.9350476170251634,0.19810823567139746,21943.636896986216,1750.0109726343649,3.189109060848308,0.15982381443559282,0.714917512373469,1.0212097387504349,ja4_malware
2.9915233258259617,5768.15729459909,11.512166665342559,2,0.12674487804863532,1.896724321649524,0.2712066044411877,679.2352124381973,820.9223174043432,17.826343390791216,0.04033259130890384,0.20282789147285749,1.9154525579676065,ddos
1.357818722606115,229.537949420777,1.5864091430716771,2,0.07168100604824111,1.3115936749832349,0.2098355991435305,1024.0214391707568,808.302616355514,15.134741017227686,0.27225770873483846,13.907631862741328,6.051802108807443,exfiltration
2.216322373350814,404.0954601200931,1.612007287877578,6,0.08391453830986939,1.2724874448451078,0.19935826035069637,2469.83737399022,399.84633249726437,0.9263348737552144,0.8547362237952364,1.7324661927368943,1.9559381306079007,c2_beacon
2.2410773691359274,7336.289931381964,9.610999000557243,6,0.26931922089111743,2.555265210036095,0.14921139609736508,3218.9884626455714,797.8664330322692,1.9924934714645217,0.012298730940609237,1.1359476377453899,1.030450882255371,ddos
2.2483897020928016,79.3819853986996,0.5296496680140375,2,0.27293898681997014,1.5982502883330445,0.26931964325756336,2486.2122032944762,693.6306460924206,16.38200484422032,0.0947494455265442,1.5723233114684896,1.6578832039019598,normal
1.2176953819975744,222.93591150186828,1.3107150382561326,7,0.13660563643304616,1.4945131466135406,0.24025416142187153,3816.02415533286,549.6849597587947,5.672625361193584,0.07353008470050977,1.1908830435949138,1.624974686124979,normal
2.484116996327229,302.12207477062424,1.4889294080962823,7,0.16526605375211448,2.1615757377956113,0.17400216324916812,12175.762134553039,1500.9546801554138,13.585156416092397,0.09836803521459599,0.6460578767330679,1.7557186850893776,ja4_malware
1.303095453261434,493.7843684009186,1.3642772015771623,7,0.10494221210635413,2.965692788875505,0.16258370608453754,1211.7350104090171,390.95945904715364,0.9257516687562304,0.7092022367165678,1.280567738505006,0.7284463013229345,c2_beacon
1.6393859360620868,149.4250298903978,1.07025241802008,3,0.19343689894085564,2.9969800580835293,0.2089856115737317,644.66826646379,526.566602627603,0.03273263029101894,0.9268467164873608,0.8509739290613632,1.8813148647492668,c2_beacon
4.195494157022127,1690.8863384216852,19.374435462166687,7,0.15110306611130325,1.334820703674248,0.14712204691956302,149.35742960525434,903.5112399496704,3.508946063984808,0.22030372247441798,0.3966002288125383,1.6679233184384534,ddos
1.9519436761273945,270.6241847595734,1.229420919005873,3,0.01162539945852884,1.7869141479766435,0.2296187860563033,3577.13559844097,689.6615804812142,12.498360150058486,0.05789233253035315,1.831363742599024,1.1783694381223024,normal
1.3826618595379871,111.89925662471144,0.5632502388583969,5,0.1052763833883177,5.85466977927053,0.06806278555289982,486.7288681987349,666.4136759410717,17.678867393201873,0.07773144725124465,0.729531367383129,1.96120489429996,dga
2.029144547658173,58.473007501362936,0.5897365059759487,2,0.24191961863876357,2.7258527499096568,0.11273271786377273,964.6546931996027,568.0985595185405,1.7402169989063405,0.2788276215138562,0.8760073564235147,1.460256872162374,normal
1.2096954971914862,297.35813477725003,1.3131185524260789,3,0.12271053961371892,2.196335760081549,0.1367616247757001,3038.1326076130586,954.9785475786297,18.859669280394858,0.13087395628386528,0.5310820144442355,0.5938276794159416,normal
2.034022631431937,5255.979419727204,6.589123197496369,2,0.2188587112047317,2.3897192390855686,0.26539644077559627,505.9456229633378,413.35148567424693,13.397271632235668,0.2479201508425178,1.502499940063497,1.2152810601581756,ddos
2.1342983123883417,27.346301382789193,1.777902225572526,3,0.11265627484313373,2.0370990404592018,0.2595805703913163,2525.852271099535,301.114806223813,10.543700312292913,0.008222970226157922,13.230590587157499,4.1993707835898775,exfiltration
1.3302527934265815,151.38193919310982,1.869225753335674,28,0.6389994745993939,1.9237567206208235,0.12155169638092499,667.243913629225,677.7997342970366,12.284769784207853,0.2566068468379345,0.6171563065124215,1.9571987804702802,port_scan
2.8694630567800736,7633.58804914443,18.10262493966018,3,0.19109286663765152,2.2412887673206745,0.14934447682705046,4461.649286881308,390.96223682029955,13.483352057244023,0.2458917914695657,1.856042106499926,1.872574428467336,ddos
2.049514283352601,338.07973934549943,0.8317587740451358,2,0.01763976897156717,1.1369525674445533,0.22221143340729604,2313.829664397626,950.1196487256381,0.5901631270998056,0.41152446821084293,0.8131828385382931,1.440057202500689,c2_beacon
1.2937722320437297,434.29294592075377,1.8932287906578582,4,0.13207050960961342,3.880769186826459,0.047779612106914185,3064.2230263947586,373.30218433616074,15.830413064203706,0.22796895775834314,0.3846132638699903,0.992806440240557,dga
3.7914462287051656,9722.943148462084,13.818282723590409,2,0.17771930174754444,1.7011996990557494,0.26677271413459425,2591.8597654596792,727.5840237125103,7.839352615996155,0.26595686825761317,1.7000591694242946,1.1728353376731462,ddos
1.916562248086969,185.78234228170905,1.12588726406435,5,0.1860172929309715,1.0531464206509529,0.22466751968247128,2288.984538263372,879.0836292389693,0.5820293362026215,0.8700301514892169,1.9529625805384834,1.3310027094523786,c2_beacon
1.0601080493311963,482.1484651999076,1.9158961835893518,7,0.2859952953481542,1.3736891711400372,0.204271198910898,2713.143284313761,876.8731083060062,4.82775964684703,0.2719457950287478,7.55100837302131,9.260083037846481,exfiltration
1.4772194561820073,140.1204467768444,1.2677141287068416,2,0.20525682220883612,2.104244559116342,0.20390658098982545,2773.373436700192,587.0949540748804,9.32346822867804,0.06741160471888011,14.418378964824386,6.931242969653236,exfiltration
3.194754932524028,6505.821585712756,14.19931411236996,1,0.12432415872746455,2.062686210540612,0.25683945086858506,4246.360609464096,341.6093812990167,1.3338281889577455,0.1570045815407358,1.2393030662329576,1.9783089789491461,ddos
2.339798296373044,276.8673143241722,1.1451802720296589,1,0.05288144311590288,1.1953585967446365,0.2775321324403128,3171.838632790456,640.7535788068185,0.14043911596908226,0.8782202650118178,1.0523029368781192,1.5319790267280171,c2_beacon
3.2458923818716854,4634.510419007311,8.450005647232576,7,0.18144736742284776,1.6428429499292965,0.10996870880690829,4331.10655543593,662.9858583140874,13.100252574671908,0.04261266447539312,1.2623511286099236,1.0822050276724446,ddos
2.0510646791141096,213.8765739170413,1.3108774584890583,4,0.20440200557462554,1.7423629800502547,0.294937002806685,4828.543801065152,863.0311589991812,6.2269784804991675,0.17589506851963801,8.383138930404797,5.21963011489538,exfiltration
2.2783061304828793,362.3111701380947,1.8838177852127065,6,0.09169162203071483,2.9711028899332543,0.11122794963265284,18980.591817385648,1839.2098015018314,12.19660302648415,0.2633329976367536,0.42481973962063196,1.535546677781449,ja4_malware
2.617217261524762,6447.864018515612,10.532638889644772,7,0.21591358428519816,2.057628981900679,0.23683038739716794,2237.6707287664353,656.4279480033451,15.871529951898648,0.25587837930582064,1.9955669045798623,0.5791750711796626,ddos
1.985667749654573,37.03714383818476,1.6641799287476817,72,0.7621505878940042,1.921226118212683,0.2014466543475991,4885.168562528055,443.41793621643234,1.7740838773876373,0.2936397476194443,1.2980106197066246,0.5393605867241047,port_scan
2.120184417023539,378.4619295717086,0.7058168866859186,1,0.07366981164283548,1.8742560843996015,0.14892542655180574,134.71823543274542,648.3879906318741,6.631362287067235,0.18950051567398077,1.8991056971445006,1.4834098736648231,normal
1.677771985173309,260.10724434734607,1.3433224190911954,4,0.2975704782008578,2.4972265785439975,0.2152955866646323,1599.190774022244,913.417097900826,0.4604136105695329,0.5212053413772542,0.30026900934914347,0.9803091096864405,c2_beacon
2.3314288637049394,69.21160654525332,1.0872557940516308,2,0.23358654211357469,1.3793309886801042,0.15020066236257812,1341.9658094872068,882.083877517732,10.375723421556332,0.2990238667354378,15.744280562997245,9.847837973420024,exfiltration
1.5825897542230563,92.15764817107674,1.9390235873346489,80,0.8425046970748222,1.7459810480432207,0.24873657324856643,1771.8539434324475,388.431929648331,2.3520880311060264,0.14581882905205432,1.737257922779809,0.5753985006644957,port_scan
1.411079778470667,401.0842694078751,1.778513828968991,6,0.1746447393980682,2.6768378511759963,0.11085545765148758,15244.2415093473,1762.7037103361056,1.652720283876612,0.04751736978961887,0.4841287716852918,1.7355747117328382,ja4_malware
1.2384635989887594,126.5323052098864,1.7608374786427496,75,0.6597383239916492,1.7351747917006004,0.20529806171132287,272.59877095587206,807.1858934982735,12.100717578879635,0.03610268627291496,0.47406053902082584,1.8616756182925087,port_scan
1.9751875233381955,439.58829065966347,1.9638463105518444,7,0.0795640368337698,1.7931054456576947,0.29287340166608,4550.8938101538215,496.1610761579965,18.412231710649223,0.28185751199390335,0.22771397892902576,1.3427704205989535,normal
2.2441429223241043,10.813746760652261,1.7904228293284112,2,0.02652068721020232,2.9181921267422215,0.2581730261726535,2982.5159175649273,985.7351767870016,10.973519818381988,0.002063403310299916,0.7626999220116346,0.6623456552553022,normal
2.3943402050982256,64.93663313992528,0.692529225710431,3,0.25415608549157964,4.301936008653229,0.03200425214713569,4479.386396197395,809.2272235476121,3.515700019963556,0.241654753867257,1.4272402030577243,1.8452289632848569,dga
4.772498268253502,8111.777677944969,12.605220029726546,1,0.25285061274297,2.4944556940656955,0.10685714681069503,2716.992053843795,431.46865830354136,13.404650456536256,0.031676682266100396,1.4578603183793386,0.9462502996033832,ddos
2.353894984719126,5601.908402261066,11.378858097812326,3,0.16462586331758128,2.749509564678172,0.11683570849609791,4121.857939365692,313.68692467515416,3.7941613861099492,0.1302259411011037,1.2960914120083862,0.7867309896113698,ddos
1.3225266158078663,61.46586459154224,1.2632747834323659,58,0.8150010218499817,2.033542863539237,0.17460788222072263,3578.7188070468933,565.458722087988,19.27084567641121,0.26975865675576877,1.5081402981530143,1.313546027665011,port_scan
2.309098107412215,9696.871868348888,6.718915406450273,5,0.06575224189596779,1.2556290718442675,0.14897412891064415,3473.2789010431748,727.6722894938498,12.29564192205896,0.2877494472000517,1.4648838355878637,1.817804834919406,ddos
1.4502773703153073,90.65758145346992,1.7148704589659818,1,0.18715875284848496,2.718708503824712,0.21011803015690328,3903.4214613678146,849.1929768204359,14.182077535683028,0.15785140493408056,19.54777189821101,5.282646012924367,exfiltration
1.6766217117826365,31.028904424384887,1.0702329057397648,4,0.0376067235046747,1.6945811625937923,0.2350254894613427,33849.43343057313,1493.9028719955757,13.413056169497644,0.13112490986336897,0.28608217770210925,1.5224671231238052,ja4_malware
1.3143355440241962,46.23748505886182,0.9018337870642632,2,0.06051412368533669,1.9253484651243977,0.1254658684347379,34145.8662323063,1273.1581719076862,4.991687604251577,0.061969039637330844,1.2677404539983341,1.8716308882503148,ja4_malware
2.232032006767337,1760.8822981215249,9.749113585424755,1,0.03465635810278128,2.913496736908377,0.22974169734235064,3101.8452460883886,761.5244458710163,14.040509617894468,0.27681950483102086,1.1823352736710402,0.8573853934681248,ddos
1.210373633497916,339.09027633937075,0.6441428494578219,2,0.2546376339408266,2.5061465472410194,0.1298455456880513,2664.776854439973,793.4114275804832,1.369032973116068,0.053965939410758335,0.8915744057680872,0.7075560393404052,normal
2.201896203778476,357.17589071412993,1.6262955521574327,94,0.63109049283738,1.324073276697682,0.10712395355755161,2546.3793850508323,882.6713281495647,2.7045455563190077,0.1393630560885002,1.9382272593624967,1.7821560525461018,port_scan
2.080792622875995,365.7689930325556,0.9892384505812819,81,0.6496940497548795,1.4523586068170564,0.1445865131700701,3145.2141511030563,307.51835601646223,2.9017738145287404,0.09482595077675873,0.8056662757337052,0.6767991291061197,port_scan
2.247507931389824,408.24574157272957,1.3464486831297473,39,0.7811893988653411,1.827299878036203,0.2449675842111138,2342.4566785977136,816.7268129495154,10.509610382184688,0.10656703209635573,1.85846444028822,1.5241983167101187,port_scan
1.8098581388543473,63.01742113476479,1.871261079722965,1,0.14889222837224372,4.486726878559234,0.06284559364171526,435.7854269463212,942.141381261847,15.179062623726628,0.2741142917800351,1.9877926537180166,0.6269283473267917,dga
2.2248531451358655,172.06051360688465,1.6314072724068387,2,0.14677955724923933,2.8807028250763613,0.21799704444860268,2533.1382035137185,646.7104314700894,8.821458207464985,0.23220722579773112,0.503286894749728,1.483060175069942,normal
1.6720449413389888,473.61213015587447,1.0014970288809033,5,0.29371011065468816,5.174583302587069,0.06838477168211778,3251.0246332309493,460.54385799163697,3.9622438940214897,0.10691881942349606,1.8456320186055237,0.7974282013810466,dga
2.4585076143573525,431.1251219851392,1.6445621635224137,5,0.19039514578097666,1.7324736173819675,0.17654562410936642,946.4037491068261,385.25281159168077,0.11110422360833987,0.5054486479983307,1.4200216938272354,1.1702361824380252,c2_beacon
1.638387795653224,213.38063687584847,0.637903895100056,5,0.0018582839990996525,2.919190727537339,0.20044152237281965,42282.62628933981,1609.5191544588326,8.582209460334143,0.2468242908661748,1.9502131596812602,0.8236223736733512,ja4_malware
1.8237165753995193,224.61490543098256,1.4569051163699673,4,0.05908786278600787,2.565522696112205,0.2112436905448349,3613.3954165381547,484.3396511149385,1.692206998887361,0.19591907529592156,0.3217511981055159,0.6367543032991286,normal
1.8741417701563496,275.68539879060853,1.330781496334669,7,0.23195417992150358,2.7257967508685397,0.23074107645352052,12219.494773117789,1381.9500222419938,10.379393167975076,0.12578738826472943,0.20949530264120936,1.3314840790101756,ja4_malware
1.9809501080212124,52.10360405200172,1.1283714433172913,4,0.288461838767176,5.594001081734071,0.04083877602019795,3349.2011549915965,365.90524502865827,17.293773603847637,0.200000810135675,1.6604980357156018,0.9422172500868955,dga
1.8641938189332148,470.7056292699838,0.8220336787817013,1,0.2377076255840033,1.1364182762747674,0.27134244140000124,37146.09123808023,1696.7752397138468,5.443946876552345,0.2822664427014422,0.8683558376948151,1.1297737125617888,ja4_malware
2.2778881033602607,364.2085316538912,1.5205532944564246,79,0.6114708508841395,1.4285999022422762,0.2784453673416475,3170.93613145242,484.13195347784705,17.144803421431384,0.025074634569313057,0.9837469620657124,1.8579403770064356,port_scan
2.386425679843518,18.482624759449283,1.8020832488100587,6,0.09099258680523532,5.659656929436222,0.030817738743851977,4300.446990853465,523.2962648611999,14.951734741875626,0.12704469446437713,1.6172649431549952,1.590537814486371,dga
1.4832165220501856,83.13191264676146,0.7754937107163205,5,0.17761920435170572,1.3880423098967658,0.21872472263364445,4129.853449619934,310.30307888700355,1.6660110973581546,0.1255630187649007,10.813521116593286,6.943105053504683,exfiltration
2.337515899382371,75.83978752340013,0.8287838247179484,2,0.005531340862558143,2.2632570843426354,0.17303694060421343,4629.019821107082,397.1959707255808,5.500351459418473,0.21499961113935864,1.8701087925497903,1.8161793721294333,normal
1.136470507695083,453.63041275470806,0.7275182346378143,5,0.046267852303084486,4.001018840938382,0.04659602096234548,1602.6119652599111,654.965533449611,17.050661163733036,0.002835615901735966,1.353727739102961,0.7357637485319624,dga
1.0911350398143884,426.3631723636484,1.2410229374611532,5,0.09699411404372636,2.194980143224587,0.1676929739606397,1758.2124299201582,772.7758893021535,18.384306238848982,0.1826551210692071,16.488996309193514,6.108216392318297,exfiltration
1.8193806475597343,421.06119831447353,0.6371530349489323,1,0.07105483432229318,2.1006724070650513,0.2607252634698938,21154.623881012034,1282.9720051601412,13.11178022327313,0.233756932305696,1.535282853619589,1.2384259385556162,ja4_malware
1.8704409815228886,77.73091710474569,1.386315694472337,6,0.2170190703367257,4.59086232846491,0.07916853650067764,141.68719082784776,367.0546443128331,10.145633091805148,0.16739548742713173,1.6714286391024957,0.5442469441518241,dga
2.2940054129046805,282.94444919539177,0.9891165798748545,7,0.17505724925621718,2.5921927222321197,0.19275430610730981,1052.7265361970985,867.6994267667677,0.5431561614112043,0.616615817488996,1.8851076958578377,1.2230251500775948,c2_beacon
1.5555539091540194,317.6014215663515,1.5613372823331941,34,0.8955889993734027,1.2511555712622904,0.27915483266427277,3144.9346411231227,488.7694412520413,6.52250439369299,0.12597701311255116,0.2150035989622118,0.7421953228105067,port_scan
2.419934791339412,148.73291844590483,1.8090653181563952,4,0.03139369193432926,4.262229001882251,0.03636075163242887,621.1462321452212,818.9820098457863,13.813595306884217,0.09245829941686107,1.7175700394039175,0.605909838345734,dga
2.3186609066168966,279.8670841254755,0.6045256995704278,4,0.017817183141960978,4.084368386029808,0.03592579203936637,2872.413184961784,609.7139416829631,9.515148340204021,0.2632429933092658,1.8141457067633495,1.95956501511097,dga
3.7541201641560265,4521.0353560683425,10.168524345383524,3,0.22702567833851425,1.6055793429548602,0.27266723480419675,4003.798706203314,577.5526927072881,15.462791593020519,0.2149061883992822,0.6604381385402132,1.0619690293253305,ddos
1.6634228086804321,339.23583932269634,1.0904127286508145,74,0.9534869197946148,2.839951691803563,0.1718393242785788,1655.7564699293637,321.6730665429935,1.4476068626186724,0.0693021382890013,0.501544040419442,1.8692397225442559,port_scan
1.6177163448783554,101.74708286151734,1.2169198711097464,6,0.19611914177307618,2.785809990725366,0.1967023282007362,3808.9055384726826,479.04645739749526,8.790564560495927,0.07076767625461222,0.7377023449539772,1.1506240391647613,normal
1.6651212982409966,173.72371984575744,1.0140704641324338,4,0.0360331890304153,2.124018349425736,0.11449099471917437,1759.608603761677,340.8900656882331,14.031478748807556,0.13152212715904463,0.8632427659590747,1.204984898500329,normal
2.1866801763373216,338.69850206385905,1.1728954433551526,5,0.060675405503006916,2.6279710743678795,0.21702879843863343,1410.946017101404,496.15485104820016,5.354781370408529,0.14065258232687905,12.276752916805755,4.59599959088618,exfiltration
2.404065355073445,353.4316949591227,1.6284933716503291,3,0.10789988809998328,1.1938690835786274,0.2348288601786269,2072.8038553469028,946.0603938881222,5.340292962631115,0.2639329368182612,0.21096250341522818,0.9535146682134246,normal
4.205668075982081,1033.4748256066057,19.786873383878415,4,0.17796227185041033,1.3142038054769067,0.2983801080951845,2632.181131212415,890.927785998884,12.816584976586578,0.18129102882823478,1.154117108243326,1.9259903901930358,ddos
1.3036068896885775,281.2350116439096,1.2448857182694224,6,0.06005502917545786,2.6723995019155504,0.12278145096380443,3980.9138898658875,491.9416816053799,16.021428292056406,0.17440539226501295,0.8922153208356565,0.549588800817672,normal
1.4373141312809836,30.780051575627446,1.796494369732901,27,0.980223756002159,1.3496314924739334,0.23712320475664048,1483.3460111216332,708.1922696780634,9.307935841131535,0.2651107942271106,0.9888160488444573,0.9928913101550711,port_scan
2.4948908560185403,381.70255885684884,1.2582799495484063,5,0.2603409308655563,1.403998920855774,0.20574164495816083,26299.20388574228,1276.5121557638984,6.261874002465544,0.29682926240962737,1.7814703707985813,1.1054790458764299,ja4_malware
1.3888386889491602,234.58207293234008,1.381186144216841,5,0.06919585714751483,1.3404599844567124,0.21410838405197638,1429.1127649654231,779.2143480696318,1.6447843607422894,0.12229732237329505,10.884825296921704,3.153879286351041,exfiltration
1.282743256408556,230.93126898939883,1.2920229206182436,16,0.5164963144000965,1.201021692408504,0.27457965577068955,830.186793628861,804.1779474571961,10.253203879839674,0.15852560620710351,1.5313897159461078,0.9857346505425131,port_scan
2.4999737326633586,22.61485694638425,1.1187265952467436,5,0.2757911281119506,5.554270661979514,0.03902320593121248,2995.208597207732,905.8830500301306,15.765970339404806,0.015814116766713283,1.9380317843980306,0.760414261378582,dga
2.4267919900057615,74.24325958284773,0.9526473000453962,6,0.23218183159129685,1.4185546951439019,0.1113635356799963,1161.5631242652462,899.1795601218874,14.105287352869022,0.011965680813943202,1.4805305254632304,0.7857795904811042,normal
1.7338479120391754,10.272619226238671,1.6508416750407884,7,0.06468717526027264,1.7702416245158692,0.14100561592125999,28920.46414585799,1383.8345512810265,1.417764830228442,0.1623964305833972,0.6103660415471569,1.7144122148917451,ja4_malware
2.1177821924932667,449.09982038757886,1.904265397460294,7,0.07903479430707173,1.5102493121152678,0.1286597678504982,3114.164390943265,348.7277012590239,17.27492836583462,0.2684753647156562,1.584793927132674,1.4343119852854027,normal
1.6322013037310759,185.21417042316256,0.8837326013943201,47,0.6220446228474182,1.7242335579025714,0.10996572146770452,4750.684342715515,647.4115991615107,2.374382687891821,0.2829226619688513,1.0035922626917078,0.5098217879042399,port_scan
1.0314193328046009,41.44338358531781,1.29071829682772,5,0.05007044844589896,1.5044156790159688,0.29763827351275507,4264.667192578168,737.4302442838263,0.32305300102028983,0.8399890003568544,1.3054040793530233,0.8124142202481821,c2_beacon
2.3867527978702268,269.38844550218903,1.2164210411923424,6,0.27153038714092953,4.325306871424112,0.03312703346294168,4227.337477894796,963.3595582307977,3.1318438821369337,0.012990005786183633,1.371000534476292,1.880939004897664,dga
1.1983829777554864,64.4155346382544,0.8979383455488705,86,0.8094701034665299,1.5789707973268652,0.17434556503052703,1729.297338138169,893.4042384080064,17.971723867302575,0.2557363610200336,0.7659549817602831,1.2190321583017023,port_scan
2.2728407331604368,419.7601366528746,0.9960741001191582,4,0.1169668406617827,2.09040980244528,0.2738183741037058,1679.3666189027672,320.3501299181579,17.124705055799257,0.2952942035345516,0.7867838817481245,1.7163110268659385,normal
2.1816923396457595,5349.549484042138,9.868742861608428,5,0.0701975828195437,2.9256148551234276,0.18812164483790558,264.4693675274919,849.3185935366139,18.46676521279031,0.04765244721880998,1.5463996651639318,1.8339313680392497,ddos
1.196206490519252,104.60524623125563,0.8385353638552715,4,0.13766147130568104,5.679627874601806,0.0449375414280664,1377.783063207092,362.4471525529326,13.975239894694559,0.252639679810916,0.3116477931419893,1.440695327522338,dga
1.1705467431097625,283.5624456196017,1.0979587764059406,1,0.2357594317795978,1.577398158019288,0.10593013258396072,31883.91395363497,1487.649594632647,5.069462694046042,0.04545745640252811,1.8267072469832464,0.7726896733158252,ja4_malware
2.1474982861240384,322.4184632344449,1.4382172353709044,1,0.07111862309539896,1.361412391533619,0.1079892931235253,3121.530763840159,343.11654263992654,16.575032265364833,0.28218329945026754,1.3487721294428527,1.5748102910029143,normal
1.4270801235069033,102.27776765756239,0.7555117904877783,6,0.08389089873075907,1.29166460147136,0.2896295369029668,3086.20390563514,475.4262120821419,9.193084394390866,0.1519634334969016,0.5168779758078601,0.7346182281584831,normal
1.5766113340708108,351.2290378520197,0.6559067935930896,3,0.05062222799174032,2.0567991513686854,0.17036056270956326,37960.62902153068,1671.4497949632193,12.325557189556765,0.033357754711874396,1.8144867486927012,1.6364679527934178,ja4_malware
1.2169190790354512,215.38349570088104,1.2219929305399486,4,0.14061510291070242,1.9924208372666468,0.13602782703035932,39631.15081471851,1626.836780960003,7.7628670206832915,0.10615219832147765,1.8174795798898078,0.8750190088513954,ja4_malware
1.9891339520378526,156.4823890482637,0.5007781162485583,7,0.02153914270801376,1.59482391818716,0.11152021007579496,1333.382144572218,916.8632509701963,8.136513470445344,0.03650708621222685,0.4941498395724733,1.435293131555612,normal
1.0635258273702506,270.1166932010291,1.7008754310107752,4,0.03560321012365347,2.37750442551984,0.2523015495639793,4428.391826444543,443.53541896622835,19.57261369844969,0.07719139633650914,1.6826140816842157,1.2588800201372965,normal
1.7066443092146988,129.39705248729965,1.4150907243307609,3,0.132288789539411,1.1574865797658342,0.27464798727077616,4690.842046111122,396.2894432452479,16.162750524168356,0.2042899800375477,0.6516432721146164,0.6120396800497279,normal
2.079571409987608,407.9335924837198,1.089177408195774,7,0.1458192686010343,1.3025527000087607,0.20769830500872832,29526.23160078772,1292.5249694213217,9.883294436749532,0.12858939046265705,0.5243921353107142,1.798300884315921,ja4_malware
2.0947792558701974,177.48562754035297,1.4257978109463307,3,0.041333918427412054,1.9913372074717217,0.15727087150114297,15533.903972000433,1739.8420254876937,9.967128001924447,0.022815319269693702,1.585238464443959,0.679126004757288,ja4_malware
1.3549935444963717,344.79659525281835,0.6829534463144343,2,0.03476965959577483,1.5543962804210796,0.11689617913541439,3619.06138142689,676.8754430606373,3.482259864488344,0.013157485025374793,1.7748183270016904,0.591437500846784,normal
1.914770118529941,271.6767488712327,1.069503045729237,1,0.25825674327003845,2.746029356705959,0.2794078082715168,40148.47657915062,1348.2374548921373,7.052886428910174,0.22646363987251383,1.4147528771417344,1.8477084313555043,ja4_malware
1.7506364285326967,308.86254913564073,0.5618644667332797,7,0.06852870755849809,1.755259510349213,0.18293002226510036,1592.6027253152554,847.2722576867781,0.9927041073083132,0.7461133648186506,1.3380771132867078,1.7860812090874227,c2_beacon
1.1862964480502656,287.5516707199345,1.3061144040966317,4,0.14176129463526446,1.7863471310829542,0.15064963237064025,12665.673430109158,1747.8874174740458,11.701770530270336,0.2639673994173491,0.3099853463245318,1.269488026007352,ja4_malware
1.945017766864598,59.19386636840655,1.965789094871536,6,0.27887969160215137,2.0222875268598863,0.15766371356209374,1968.9101191742222,645.2714123212322,14.843279208220078,0.17174687273663403,1.805671128860747,1.4164235496829043,normal
1.0624212607928387,489.1793197461817,1.1352430920194807,4,0.27183204322955445,1.7300944937695169,0.12369705047096032,2585.518299062408,999.3280122538872,12.220210763128744,0.15579417222470757,1.370382093527076,0.748425770810601,normal
1.8081411015839315,485.9878392362987,0.6472033908158905,43,0.9645491932075683,2.5333033699081406,0.27475199370218345,1707.661779312072,975.6450021364274,3.6054589445280727,0.2673701254657693,1.6605894738816693,1.7402240451122064,port_scan
1.2179444296721404,311.18668349363764,0.5079438198582531,15,0.5198158577340317,2.9204252479539345,0.2747331523678964,4225.90180648815,378.6548104412542,15.968339292161387,0.1984520335988611,1.9144498670891936,1.2132454956836851,port_scan
1.2158078994567139,77.72063210288007,1.9229682480689616,7,0.13232322888518527,1.193505796722192,0.2396380489435432,4859.180449717455,330.10227551803575,3.3182837053939256,0.21786860909551972,0.7888020608380906,1.4391534677138158,normal
2.210874587286188,122.96805053583971,0.7076529130552922,4,0.17303576650944033,4.056762402918756,0.042435269607300964,4595.1959351392425,628.456962052637,8.464629205023304,0.17170655212040023,1.4284438912798563,1.4030746695380036,dga
2.0789387816778815,490.01136134131383,0.5308535842805122,71,0.7460159566529214,2.6084204170479546,0.1606547846277446,195.9555310731713,765.725091361624,17.807120916875892,0.08245853589170964,0.6451512721468343,1.8865027652719757,port_scan
1.0849084120993757,495.930213665245,1.0493133296277897,6,0.2495388462922383,5.023401631624024,0.04455440369201015,2387.6270695043336,553.850259261057,4.552004548914666,0.27754725725268425,0.726429483655548,1.1982350563090756,dga
1.8361818725109185,358.4316216322197,1.4023038784349275,5,0.07595511877650986,2.9058513450823846,0.24568500207195607,39046.113237362166,1417.6849223114336,11.19020243220833,0.07023759270440207,1.960406089683535,1.9194261786970268,ja4_malware
1.0706193775492878,377.12353875693594,0.5733731033224251,6,0.05243336584207211,2.3065934849715983,0.1745172829647741,3151.927372432881,544.7120170824337,0.8039516986075925,0.5463880914232798,1.2881824014605443,0.5798972781141688,c2_beacon
1.7111990126352554,177.27966301704654,1.9720806518795024,3,0.040941166213353274,1.3630462162193875,0.29082165581400155,1349.5855672467915,569.0146613727703,13.95419456026575,0.05524205600802274,1.3029358820605887,1.1311216922322405,normal
2.384501257715912,234.91446606967133,0.8535728827001071,1,0.1189154618450295,3.624803959345417,0.03554886513953331,529.8129349220825,678.8904341227471,18.62377621876476,0.06000754809058225,1.2437642962678206,0.6630002785748889,dga
2.6995037997777365,3111.420692016943,13.058919123996327,3,0.16185010299655278,2.5523916575198506,0.25467975244748764,2079.583257589492,487.68910181988565,2.84471265796871,0.2762463914143841,1.1126831833404522,0.9987482858516867,ddos
1.1381179803886883,100.91797032692374,0.8965732611614532,7,0.19626296500901838,1.952012654421242,0.21544137463595614,22283.81451046934,1467.281691272283,3.152659061806156,0.0981799866869545,0.22160590351499687,0.7947960486971744,ja4_malware
1.2419076685504027,103.88547473472292,1.2209114464134598,2,0.23077277438946642,2.1354911981875055,0.1743422519659068,1532.4573128375257,856.5191851073084,10.714134549284637,0.03689123178961577,1.692971408293767,1.210041519796198,normal
1.6922371996734202,247.58354791705779,1.3559275569206004,78,0.679304387396775,1.2823322034429308,0.1011171041954035,1432.7649892397053,682.5119739619727,7.729455777264734,0.05825616025362768,1.9344861220489178,0.9323273942472603,port_scan
1.371036639213675,323.4097380124045,1.539828546023654,1,0.16679879527969746,1.3209085961874196,0.12257893701425492,1769.1045952581196,576.1536443317356,0.19103476934051475,0.9061735879074881,1.7415346647229388,1.6899120689341127,c2_beacon
1.021538806065652,270.71968658577686,0.9699840189505571,91,0.7080310304990566,2.6545236489678334,0.1082228596784166,3743.52702475118,721.0625288493285,18.7662909657545,0.04480365449732515,1.4531134465606756,1.5633972103796294,port_scan
2.3647005087322768,425.95687264690076,1.9337324647254277,2,0.1260418419383632,2.0104717815470687,0.27830671464990675,240.31419717314222,546.2656028801171,0.5115303049621271,0.6496317497736909,1.616147661471968,1.3561024089093334,c2_beacon
1.300597388131559,38.11321463522326,1.2961735318962784,4,0.03505623263999834,2.625093411076794,0.23983457153782217,1618.0122630764597,546.0877173309975,0.6372331308855439,0.8208451886424082,1.628770167295446,1.6787277037310229,c2_beacon
1.9098845717436874,39.88044927597922,1.7995621060984248,7,0.25487609889199275,4.4698207009466,0.05519248234027859,1934.701804046476,557.500661379557,15.272949257527804,0.0848466878737642,0.9841461784811538,1.9526060460889616,dga
4.043883094374056,3712.0466818600967,17.410002870180808,2,0.22708465463761957,1.8124282280168802,0.2633194093782325,3952.137150037898,604.5491010310461,1.979939124263803,0.24021856779162098,1.6118405231127308,0.820024719968149,ddos
1.5166548525829322,213.68700170638326,1.9496892786956455,3,0.009470343856675788,2.871715071450688,0.24195536578233925,4309.755391070433,832.2317321424058,5.828232015782011,0.014062331457910181,8.582703825823238,9.317816424685503,exfiltration
2.1522217625204894,474.7727478294269,1.616484495014876,1,0.014810264956177698,2.7743800289810876,0.20507905451319092,4253.340806153282,432.4108686749868,7.585694904496094,0.18481369241715612,9.629205679296312,3.202966697442013,exfiltration
1.9376408560300429,459.9246318830767,1.5609237450635742,7,0.08738793119893777,1.2398043884019634,0.22146815744893664,447.5962311381635,567.8373322330169,14.131832360379589,0.01868150400751457,12.99025876630844,7.871626930136439,exfiltration
1.3362965473619113,71.18370028313471,0.977075221599965,3,0.2800491736898878,2.215958377263556,0.19628108959136786,4410.752647343791,934.0878971458916,19.34692263320401,0.2019610009102142,14.905936814093318,7.583880826944595,exfiltration
1.8761469533691033,390.8981324892975,1.4951798858436303,5,0.0909606229903775,1.9244558602873363,0.22429168130038885,4474.259785681892,559.4397830539431,6.3961105103806375,0.130025926652552,0.461607880208856,1.455662619767358,normal
2.223710072015556,178.60919731921467,1.4120800248682297,94,0.6137669666020152,2.931739755128982,0.2036684340845653,3446.728822254266,748.8931713047812,14.133659484482054,0.07115235074205883,1.9180001626287626,1.9929032099984252,port_scan
2.0132262593561436,149.24299295963112,0.5173090620348816,5,0.16987670214383585,2.176197816484098,0.20752566641963743,32041.962990058222,1906.1829468606977,18.326721050866176,0.1623301378719738,0.7868298722753284,1.4653603419637409,ja4_malware
2.333822537607594,475.5696659505197,1.2633552273278272,2,0.08674903157825208,1.851366466761816,0.2679165428553509,28123.786198033533,1643.028922433242,5.6023970610604525,0.030613730892321778,0.45507133719607445,0.6553093905561478,ja4_malware
1.7420269947265752,497.2221181311784,0.8199040768105742,2,0.0875184655042772,1.4822970094495604,0.2378141499768711,4139.533654861663,589.9290824774661,15.2458216907815,0.0041926849080038625,8.300706744214649,3.4246928415777527,exfiltration
2.2964883800176077,481.25934534783374,0.9550817880081475,3,0.1743372208509942,2.966808988713791,0.23384260652950614,48730.94935422865,1285.5575230781537,14.844311647626537,0.2930442647406591,0.5144263451054747,0.6937914170905461,ja4_malware
1.1746155912263871,390.04598339734184,1.4518068773005068,3,0.04876902400858494,3.707819623422805,0.07505701614287993,4674.480964244082,633.1399708959962,14.679721642896375,0.18894776389752269,0.9179315475480119,1.9933475211271805,dga
2.4905895287761295,182.13992544471049,1.8204945739975391,2,0.2623467518992903,2.338988518054865,0.17038258311238222,4112.655132501664,867.0652534356644,0.18010500832241677,0.6995769590169708,0.2644537126455148,0.5830512421603007,c2_beacon
2.3141351306916365,335.45040923206864,0.8061416956297841,7,0.09037259548196638,1.0555334279016355,0.16017525763900206,3595.968215349342,355.2263466922941,0.8476972550820486,0.7619374220867081,0.8936567390708996,0.9377510250542359,c2_beacon
1.3740813637483178,305.6779826233275,1.449723773217064,1,0.12638403830497638,1.032964401192314,0.14602063081146785,905.4557570297741,682.2976453806743,10.148128122857171,0.15743854510002542,0.824154496869913,0.5309514320488211,normal
2.1347035733505075,80.76784595989332,1.7182650890352018,15,0.7904288183414747,2.185489708383255,0.13201063985422848,1141.3102912418315,465.24698484603505,19.4449115393223,0.028975473448961373,0.4865047319746719,1.0676645606669628,port_scan
2.02107179019926,12.323282526818222,0.6920789158216805,2,0.13696419689821565,2.8244106808173526,0.16283097761566848,2579.2256511089204,857.5266537984799,14.933552118903664,0.19050237475824192,0.7070609566975343,1.757955702182968,normal
1.5419144657828114,94.80223843479195,1.6619536474144958,5,0.18207995569587182,1.701644240411276,0.14198926657987093,4541.169890203339,512.5850555979473,7.234485286090028,0.16549539041108585,11.744258985053733,8.393422464680643,exfiltration
4.334190941494631,5865.229185703375,13.288265325637504,1,0.17362343973558209,2.202100629070882,0.2920040695575561,3689.252022101492,457.14053461925903,9.373518655842112,0.16511265377634554,0.8218634204253192,1.5736239677775032,ddos
1.4767309420982904,120.48509994201893,1.470262952083151,11,0.7324242909519034,2.564512522860908,0.29376490271732075,1547.8698293732737,735.4069444853919,15.510709834418865,0.04346989617190062,1.5986691993944022,1.7577606988392738,port_scan
2.3539035948157627,225.64346276841061,0.7888862348463648,2,0.07886139964793479,1.3002591134985142,0.19157947395027708,3368.11460146069,357.00973686857253,15.09211693585726,0.08361305416690197,1.6743419139453004,0.8786768880448868,normal
1.820166829628569,376.77784736939253,1.6984325008033208,33,0.8418820445020074,2.299351645155004,0.29217619772229775,2533.5462951935992,722.7138520540489,9.080580259927395,0.16206209795244797,1.429907188125033,0.8601822691471495,port_scan
1.5639868286638534,253.1952419073742,0.6362330829778364,4,0.060497250326326045,2.214367851699839,0.22534294386328457,34132.277920558554,1402.5486160616042,19.22793953029727,0.16805763170890767,1.4522183346140198,1.767778348067399,ja4_malware
1.0324181198204956,24.507571673020472,1.8395465293044546,1,0.016480496759300776,2.110511239800112,0.18401671306055833,3275.020541889363,434.61982819298254,15.787749300270166,0.23771869405501583,0.27350407521538606,0.5916941035401377,normal
2.0731106944237023,395.9190197523762,0.9060451422426605,4,0.22193100796984508,1.443475975274198,0.15143009480615532,3781.4865013773806,541.4060621877085,4.323422102643658,0.07069738667071007,0.2993640197745281,1.5415745206303262,normal
3.130405844945068,8477.30300265713,16.81166325108039,3,0.22540120191764065,2.2992978144234906,0.21622296289478668,663.7209034935149,316.2956370375771,5.072897945469694,0.10947527059310222,1.7482205343579655,0.7102824869534738,ddos
1.3490996431033762,217.98309617664884,1.764279623317667,95,0.684870847184305,2.5591050355365272,0.2596836376469957,1048.4741284225797,924.6479077789288,5.269166308153558,0.17443784303628065,0.5889922406705357,1.5751275459800278,port_scan
1.9885804945830234,418.3274751291492,1.8349429635339884,2,0.09751664323873334,1.2797166129132431,0.20855653132927732,4479.345138305087,696.3699547390539,0.5871435564472387,0.45270184997368085,1.975461058683417,0.6454536759035248,c2_beacon
2.446658466395431,474.79370056686656,0.6741650911094632,5,0.10232686638453733,5.822186717898039,0.061374281284628074,511.38231934106045,330.7372239862031,11.730973349718811,0.10071729468743383,0.43384784866715354,1.2970922285483661,dga
2.0862688585636793,49.965000339703955,1.2505911883884162,4,0.21898933829657216,1.2765766952194306,0.1255873312992034,1934.7500735430128,903.8706544968179,5.204208605849116,0.1988658218073675,16.74770466715028,8.475990922328567,exfiltration
1.3781866776786744,166.807543062395,1.5984032752387343,7,0.04409968507039828,2.6452132453042054,0.27028329821022834,1424.1451550542938,572.7773252001052,13.62138346465153,0.19070246323153903,10.057827617189025,7.457784836683563,exfiltration
1.5004566374923574,58.93261380875745,0.7827114545184521,3,0.032474832442457115,2.64613523313683,0.15412213903903876,1670.86190600454,522.5891532315587,9.485337112232648,0.016132412870566635,1.290064958470593,1.7947272952412712,normal
1.5702151514422449,232.19566104562358,1.1917806913937679,1,0.06293441525622766,5.320702602617231,0.07769801441333059,3986.6855924929177,656.7564511925978,17.67811601181261,0.02105075263271946,1.6201857412309761,0.9773154919821294,dga
1.4825721939107992,321.3312907916475,1.4288306546832872,4,0.06032467249560881,1.0626358637425823,0.29793909439875776,4555.753533743425,483.66115678102676,0.014176066917179198,0.4549042132903792,0.3521825335262324,1.0313099264068328,c2_beacon
2.9405849865129037,8779.307797984458,9.868862033204742,5,0.12689018263866822,1.9815690882238859,0.13441243768343356,1831.8953944532204,310.4702891537539,15.809967707912008,0.08624265867219202,1.3163763777065838,0.8817222460208851,ddos
2.4898440433368982,338.99602102129893,1.3055100010767713,4,0.03416656948441813,1.4208272176426933,0.22033700200001835,30626.68245279656,1224.678813646348,8.783659596032937,0.29884394835792905,1.124410359393554,1.1262310237699462,ja4_malware
2.0854243409474824,301.75698152505487,1.8771691603698561,4,0.22103916733488863,2.4638230825133354,0.22285579632778757,2969.700215581282,981.1129819807745,6.077004028865395,0.05611326809409266,16.79293877038729,9.13819699915421,exfiltration
1.4113789265296657,43.17691382777845,1.1409570761993604,1,0.20153860822910835,1.4817256667961223,0.18586405491607522,445.88736271814344,873.8102085894678,1.1459523002137355,0.09402354834383363,7.0423339431602345,3.8575542406620924,exfiltration
1.4688691329629688,329.55429811020355,0.8613128384697998,71,0.9015794870417047,1.8149564764650397,0.20975818994068218,3000.2090550396765,819.5448537479172,16.64114995936682,0.20135499849868507,1.469869111650116,0.6864927214744109,port_scan
1.9450754137803279,316.40101259275116,1.7882816781147313,1,0.07173801472327092,2.3554586299774214,0.205848903903609,26494.036833578248,1839.6507510449896,19.890367494686775,0.2776680312320325,1.1877910016683542,1.5030734940724662,ja4_malware
1.3692955429611968,52.013187701590056,1.3203755307695122,1,0.07004240952904217,1.5754092539771198,0.17552644466800724,46329.365487475836,1662.4229669802407,12.185514236437374,0.15816224253890762,1.5899134950409046,0.9675582259148351,ja4_malware
2.106811344013316,1119.634096110724,15.390741831841654,3,0.009327328018152925,2.172803911075866,0.1508055452306378,3185.05875375306,700.7116905034127,6.729916910816776,0.16826379610810677,1.8798297605923804,0.7824121209489328,ddos
2.2071465362452027,229.64035049463203,0.9898202640076699,7,0.08850576261371862,1.079047237380461,0.21593294386201187,4834.854747576052,757.163046412928,8.656292093639609,0.0544363365904322,1.2502883926452373,1.4381961331593858,normal
1.96199514607904,136.37189361635998,1.1492131716409548,3,0.17849313613334458,2.4540558863341007,0.19940840782618768,2267.1285179777087,719.0228051741194,16.981756442640645,0.017157078964131222,8.532689613790359,3.860327469590151,exfiltration
2.2212542154776704,99.73891960499542,1.6324897341067997,3,0.05772000287203631,2.54358991490391,0.132342430426682,1873.2020332790048,367.81004500877026,0.8336148998860531,0.6444833111764202,1.7958251529064115,1.6321246658034538,c2_beacon
1.901300424059586,53.53514308304039,1.310130259177667,1,0.046510362876022004,1.7937028956439232,0.2618533426444165,3056.629384030859,463.31691380493044,0.9373489750872368,0.8960461790219425,1.201675961523257,1.2516352223424554,c2_beacon
2.1019316379027426,97.95111544958284,0.7304027488066378,4,0.21631216640001763,2.751476971926415,0.2106862739773967,552.0624405833257,686.6510070153029,14.81329908409905,0.036722654319140104,1.161954114035323,0.7922577567672842,normal
1.0060567981016277,74.72516531023902,1.3142996328238392,4,0.1386339849570086,2.232112156843872,0.16547780879917656,3349.998734479669,663.9926734262575,0.1309523999661329,0.5675351301548467,0.34731414451462617,1.7184981382647955,c2_beacon
2.3913438265097615,329.9318420163592,1.5149785737644565,7,0.14174060326934645,2.1827252195034195,0.2147690604049195,1620.7766973105283,602.4632965056423,19.84601105586237,0.00934674324800112,1.133085165098544,1.4312955613766234,normal
2.033800806211472,253.48136546212731,0.817787027923072,2,0.009294355717623326,4.936662473322373,0.03337276558920214,1228.4236597814288,669.1299645694263,4.901770485525199,0.18725576619819717,1.4170707738518737,0.8234272086401371,dga
2.1580105917812062,133.33495068847157,1.0268763220030757,2,0.1978270544313438,1.8612403319874053,0.257329149543136,2207.5002399033997,539.4266669054242,4.388643453343319,0.1037844313124437,8.903271823263609,4.403473187837179,exfiltration
1.7701900438641347,426.4122988794004,0.7656053572614262,6,0.06527959067726742,3.813237456335244,0.050953811802466324,2859.6168990487417,720.4857262577802,6.9262299020867015,0.28310678719427196,1.3792662956244268,1.7427181888954286,dga
1.560246958624943,184.55398961289666,1.117882082385621,4,0.21538607473919114,2.9143039766974375,0.15781521245135732,3450.356922445387,940.9307047434288,0.0784575166774257,0.5281419525320323,1.200322157724938,0.5250612049919069,c2_beacon
1.0556418553814315,51.974895786341534,1.797300925321317,2,0.2749627376797097,2.993163835444323,0.17495136331487232,4002.7867473215492,817.1418901788097,18.02764352900181,0.039785969892063275,12.67299797996742,4.085244206739999,exfiltration
2.4686923960575617,471.71013989262275,0.6070642152542474,2,0.03929184021789184,1.0102982478005051,0.2688167105078466,3248.4412007247943,777.043863634354,4.893305919107432,0.14930107111880817,9.155241281200514,4.524463130744831,exfiltration
2.0421971932277474,204.12158502903196,1.304731885628376,2,0.2040104806223674,1.1534808531193945,0.23186283918329056,2068.323999962162,810.4898707022725,17.147312416689253,0.12501030707040214,0.7838119877665508,1.3590562038997906,normal
2.3012359476284874,168.0203160741876,0.6611044344328658,6,0.13391684764311285,2.3660299128979956,0.21881919739023756,2895.4948494333976,549.980917127633,9.64541345108057,0.1988783101681856,1.1122885391915895,0.678286984355345,normal
1.698977729471841,113.9522296864177,1.8115013845022199,7,0.1819596301223834,1.063162661385997,0.22818913442504468,4684.199198022667,935.1906306155713,14.29852485515677,0.24764064997968588,1.1865072977167388,1.1444436439976626,normal
1.4875583998555808,270.20071892230175,0.7689019428958935,1,0.2884229483161039,2.1391880251666135,0.17729807237149176,1506.4371885860637,911.0996981491539,0.5703723380216482,0.8996261333744133,1.6829441148549082,1.7591002219970808,c2_beacon
3.420956289649829,4133.674117296614,13.734970851977158,5,0.26466480492047856,1.2827006676303785,0.2171598511171266,2546.823848755496,497.9948999216541,14.774620346639576,0.2163163106299467,0.4519072756773965,0.6697377763107092,ddos
1.5978556311370857,340.9325212793581,1.9847652208305646,1,0.20661380355891898,2.666719122221785,0.23199372485013586,4231.494403587002,649.7320435974252,0.2673967698583362,0.6929079300129506,0.8916590766972567,0.7189292411653341,c2_beacon
2.136315949899862,173.32308860091325,1.46880449877082,92,0.8295358563031505,2.5866040700348014,0.1329695076708461,3703.2061567854926,769.3301691228352,15.214177711018195,0.1275424141926166,0.884352137139464,0.6073778215297749,port_scan
2.821975665719414,9931.723155801397,18.139767878038857,4,0.28940324938171813,1.13397662857765,0.13423692329221487,1466.5130998428779,652.6052411137662,4.722718517795689,0.021547561371597312,0.994714318927763,1.277898611561353,ddos
1.0532034250630242,447.75318209963734,0.9080047466926391,2,0.09444756527856323,2.034014433880621,0.2503022937040611,2279.859111777782,981.8535448287425,0.32402342240721643,0.8030878955710576,0.4318255860907729,0.8486257348927044,c2_beacon
2.0570345248575403,180.79253255696975,1.8478445437761417,1,0.15739888178022218,2.454017798767943,0.18228574116725882,3580.0268965123473,349.44081586751133,14.654498583887102,0.2165099106540841,16.06688710062826,7.046156477445216,exfiltration
1.7404324947310554,396.5120731197843,0.9960351819064905,1,0.2541192806822297,5.16747379897625,0.03064466938140361,1049.2026007123281,688.3987345653243,19.529516083096073,0.018947001419184293,1.9834261558632182,1.6074358206349872,dga
2.081950178427575,437.4626217645149,0.8420038972232418,3,0.1855534096820541,5.0807907351406865,0.07159870871920604,328.4216288287412,670.6520693984489,10.853407911569702,0.05868382041103672,0.6185738275830517,1.0225274453562643,dga
1.6412680044406476,440.19892284207475,0.7765112203457172,91,0.6324041137208675,1.7564152184898532,0.25215936116677334,4818.00084272557,866.4819744533426,9.396528362117737,0.13392707250458216,0.8907101736382619,1.8519781259027588,port_scan
1.1351653671829194,424.62646194126336,1.7597505619654108,7,0.016568906882840982,2.9479225645654106,0.20779596682840207,2960.4756054933277,451.8295238678078,0.028726991593554192,0.6675177289470425,1.9519802133328203,1.2184670642453956,c2_beacon
1.5171317477581419,274.5996648653776,0.5602224935196016,4,0.2570159173557654,5.828492235380588,0.053940868516096564,3955.719356926641,880.3047736688027,4.325275073140822,0.1864158709086939,0.7800121165355358,1.4371191393610965,dga
2.3236374924513674,233.4500956143292,0.6004793767527894,32,0.9006249046333854,2.628262644743186,0.10911774250734217,3145.7265057785658,439.5439921185826,18.550684908119514,0.1983220130929661,0.2488121624664965,0.8618297611494643,port_scan
1.7941396878224478,468.19900103309755,1.2085415997709632,6,0.2525981969938026,1.5072055384150866,0.12105024574719905,41980.607464021516,1943.1823834658812,12.62990621223792,0.01344194234293108,0.7272951156771632,1.401869091308138,ja4_malware
3.693600065927571,2487.392490180183,12.793540672438255,2,0.025047713404817307,1.2032308857952319,0.12261052920650109,284.67950900374547,976.4894873550111,14.037160694685788,0.2635243999335514,1.052757690162641,1.2031967342871674,ddos
1.1596292978070744,133.69378236929776,1.800954560751772,5,0.12425325647780115,1.211884713981923,0.28320525096648885,4409.387592390394,615.6473231211962,11.91164847134548,0.1365691042953472,0.4398700599758556,0.5059189400407917,normal
1.352858972988183,144.40887808344092,0.7304594989892206,36,0.9913345595838092,1.3442059302283331,0.12519772639913584,4818.252246851485,859.4085620831291,16.077974781827685,0.29472917706725843,0.33097882382840565,1.9937096985081266,port_scan
2.4334027591789456,147.7631531252858,1.3117858436424255,3,0.15809667129097502,1.4939699202216226,0.25353730275777486,3984.3515069729974,790.4816005150144,0.06067028041775834,0.7302100628649804,1.6143210195449158,1.9586840904122407,c2_beacon
1.953010275899195,438.39266249723914,0.8282274030106794,6,0.14764029421133987,4.2468651384173794,0.035945843186117786,1334.4840982536184,994.5094055831947,2.258228272464236,0.1680596659765022,0.5337741295285827,1.2280304881196775,dga
2.223803790114907,474.5702499639806,1.4653652315057633,1,0.18350792660078802,4.407196556182432,0.013174551531128367,4676.501507819849,984.9621326888897,3.2520267347669076,0.039121726031907986,1.6477403884801194,1.1304425541323488,dga
3.0875286455755413,9422.274975645327,12.87288315367358,6,0.19070280764168715,1.0453166819116835,0.21473012997490765,1091.856085229915,808.1440170775284,19.91690277047373,0.018807516888040342,1.119414375189651,0.7729217901299326,ddos
1.6924808836114427,20.19853204818061,1.1756170695069765,6,0.21561488474171034,5.6177598595489275,0.036849733224558284,848.8430281109132,527.5953075806723,18.805542511344143,0.1659511985727814,1.0354393794084364,1.5527371990702716,dga
2.371012403517777,145.87426539428398,0.9777822745886096,76,0.5390331276448392,2.703621310911512,0.22417376536377806,2368.732273876988,922.8304911164431,8.555387374038823,0.2574050007329338,0.5512964461655212,1.820423783246748,port_scan
1.7800707466459786,304.81066619677375,0.8587918129868861,18,0.712368872890984,2.7931787494927374,0.23675814609737117,1325.5231327347549,950.1700536359232,8.329702389884474,0.047132632954743105,1.6676323125830428,0.7664774792632061,port_scan
2.1609340728339452,370.9857873562879,0.5930946598102329,6,0.19213176363109238,2.067811265444746,0.14505946775646666,4859.659218018991,359.40091048845403,7.464906025960772,0.059001847886488885,1.0627484288920144,0.555199100600177,normal
1.365709822691608,65.50140594268318,0.9548761653062909,29,0.8904493400413791,2.8986021402448534,0.1279397580852437,3715.90357353243,691.677678490661,7.587036072937231,0.1589349146764588,0.8693954901031602,1.3059019653837107,port_scan
1.9216928877468396,400.37210668990133,1.8597691532033442,80,0.9386324116055984,2.736459173608175,0.13140466174176385,2496.2206961110373,507.4786570157195,10.256616204660618,0.2820733256761055,1.5860920121500561,1.292642997165098,port_scan
1.4803809239061316,104.58169029484098,0.6204230147055456,7,0.20826260353411707,1.4649153865688653,0.1386225341421804,4800.9332576620045,627.5118478756115,1.714549118078934,0.16943974553357652,16.0621078001248,6.200432018895363,exfiltration
2.7481354247595617,3188.789926119493,15.210153634608027,5,0.13473783706107878,1.8004132553497263,0.2353748467345621,3618.70497164459,860.1122235792667,8.612746907269802,0.09814832031839264,1.8235180347110638,0.564689850143725,ddos
2.0343969589045034,107.71965774077532,1.4951143224996724,73,0.9425978602868956,2.219785253115199,0.16283720365783205,2165.818286226948,511.1281377435771,13.721979379851167,0.16927304632111131,1.7956743484466868,1.6246634246078262,port_scan
2.478254406655895,321.6567607865616,1.442902777577012,4,0.018612022487241663,1.4024630954428254,0.12029993636530023,1267.0999776333156,598.4641000143445,0.7683347776361472,0.6082430925016825,0.26978415391405847,1.2863764713505093,c2_beacon
2.099241159555898,114.09065495411203,1.6261142214928364,6,0.2893014015600251,4.030230599540931,0.04967898978641105,2550.380137294394,638.0118607590832,11.209895578552988,0.09604933149796552,1.831637452257389,1.564525706481624,dga
1.6188573539105204,221.35023987176032,0.80808544650861,1,0.10051406325154041,1.4234822055522498,0.14201742476470672,3815.6677629718215,617.2343545343463,10.384285119933581,0.14134474054161683,0.7512672096863244,1.7238965932988743,normal
1.0774868755215983,275.75855712808044,1.0795121858347727,3,0.04554051992364938,1.9437614248589787,0.2969170083086562,1794.6675860278724,506.5420632197804,6.343673370610585,0.014057106800146523,1.1884530383940435,1.1421702085475638,normal
1.084868017606605,84.77406006948597,1.8859702869820543,6,0.062266565745289756,3.697321363108651,0.048590338705577156,541.9034705314738,302.20388083719905,3.5904737090528545,0.16093450077595275,0.4966867440416713,0.9508043859493776,dga
2.2853515678201903,7009.078747805444,8.561074920098605,5,0.23508517678934618,1.985924137891621,0.1655626886003902,4942.141392886212,802.3910996225761,6.3082834558932195,0.1947307963882838,1.1861853360324588,1.2737403784433465,ddos
1.5162895387867306,431.19645927115096,0.9527156918082849,6,0.03703813471518121,2.344636569305843,0.16640464601730692,14868.33588238694,1410.2307124249087,5.1024802551521224,0.21145169421967872,1.3944298673827333,0.5626695732141207,ja4_malware
2.067302692874125,104.7859132643352,1.6346360618305735,24,0.7301704299851471,1.1517154155520561,0.2965217752565427,2242.859045986666,756.0986457563419,3.7310139662226973,0.07114277055274248,1.5297433667280578,1.2681576395137375,port_scan
4.762061602357658,2573.7435529057584,9.623602584920276,5,0.2002032071411842,2.577048967604231,0.2856115191971137,377.58607456911994,386.1105186628212,6.569336622377344,0.2626317081263894,1.1331595616846843,1.7513527772435633,ddos
1.0673659290884934,202.26085553167906,1.6253989819223496,4,0.01378897480204202,2.451401941445071,0.21795799677117178,2690.445850959241,692.0402333653614,8.206053061139185,0.10240599665721313,1.36278102836542,0.753950423029176,normal
2.312507413351913,388.73932018628915,1.79921690949653,7,0.15913235388092367,2.6581751666718056,0.2204833924306821,4204.3247349918865,636.0216995983519,5.4529660174061565,0.1776008662346611,1.918222124371066,1.8857133193761224,normal
1.4867642520525528,231.21177211011576,1.9819298823185154,4,0.1130934858355502,2.9154794481215793,0.1239058810405021,4626.031910978392,596.2498874739517,0.40695861923332394,0.8486439071305862,0.8495780094174059,1.7926021870464304,c2_beacon
1.676507874268317,496.9550445416368,1.4196079817108573,1,0.014827218610155823,2.325572695821047,0.2399979709825928,3519.490985569872,829.4972157743828,0.4467846100546507,0.40577549370599075,0.6704363685798842,0.6510556525608567,c2_beacon
2.0603889476696384,396.3845617667572,0.9768465725824877,55,0.8488993959642513,2.491421050344855,0.27324502345170076,231.7202503688048,740.4382421512884,5.935417658257045,0.05890434617720117,1.6115775163873267,1.7076629082837322,port_scan
2.287638897052367,84.4456644028826,1.9279316834670597,6,0.27954434581306736,4.8362825113102765,0.059685864122221405,1291.269205728326,712.5829336289248,15.842465001073599,0.2542337581816505,1.2323408641417521,1.1849068852760714,dga
2.0844320151589173,124.44926980251088,1.6424514691488015,7,0.136091816349047,1.7800454483066364,0.26984402713032185,18662.925229669687,1660.296221550259,18.560174015153898,0.017245297247377576,1.8704772438890234,1.612363368046053,ja4_malware
1.2145328127499524,45.19284884641335,1.3185135411215716,5,0.2681229386148816,2.790328235547479,0.11923820000289496,1134.9828727460288,313.58430534581225,16.407076294345245,0.10991164647284711,0.662855666854153,1.4037229969302563,normal
2.1191768440960583,232.98075082998812,0.768754196713828,7,0.014892587256118205,2.6545429593365153,0.1633973502392078,45144.83092356631,1783.0393506054493,17.946426994590226,0.07507030242359695,1.6150920761685224,1.5136243462431946,ja4_malware
1.1856307054755169,59.92813708412699,1.3461427055708344,4,0.2546935267874562,2.186912545179947,0.1566931100486715,1576.1553282866923,410.7175045564395,13.512022174164516,0.09547516638552096,0.45450817053997883,0.9297157720909699,normal
1.9082338427771406,173.93205057425297,1.38770863055662,4,0.11111236114755912,4.446572209650563,0.04635612609078819,1655.9670082419948,543.9552630553279,13.919798314350796,0.2704086024330451,1.0143046171674432,0.5497101507056139,dga
1.9054694969991983,292.68925581441584,1.8540054796490182,7,0.13272968949700634,2.0719491002251944,0.25544211559878494,630.0185001333558,555.2926329286535,0.3053340114124024,0.6885229388943241,1.6666627259697144,1.8582449958041654,c2_beacon
2.1538846964910183,192.16711827478466,1.0279884982584642,3,0.24964227157885785,1.960376427881839,0.2827957446241154,972.1212813763151,830.735408384348,0.8341738741241299,0.5771616238856505,0.4203782304296013,0.9232420635736145,c2_beacon
1.8910780342716078,400.69217681874267,0.7524955327138243,4,0.1393735439238056,1.446712375214087,0.17176333481861195,40194.12063222338,1436.6308703769114,4.758652876774192,0.2550255516651561,0.43203312464851007,1.8475400409864342,ja4_malware
1.0963660100098798,24.622327934222902,1.693193495190523,5,0.28779918644567665,1.3312948748794855,0.15812316172257146,4959.285545314085,923.4700032622492,6.304822929545988,0.02474916319371794,7.965234252276797,7.236173002330289,exfiltration
1.1581597220859372,364.47833891326235,1.8521730975804345,2,0.18525841302041549,1.7149119384925346,0.2320158966392869,1742.2555045650975,472.9085165464049,9.784403748760003,0.016627380893285627,18.50689665062965,3.544342641222738,exfiltration
3.969469515052607,5442.073133940594,19.69781107393009,3,0.20033917120343495,2.573960232728851,0.12697521367584624,4311.537039895368,301.937933034739,10.452688119997456,0.09372155145236531,0.371611434634762,1.51202786564678,ddos
1.924463454891299,176.26785141091486,0.8028008774143116,4,0.19887733546107625,2.7414667466357274,0.2863589239105967,2207.130191263054,371.6535759452835,15.73879046642328,0.16286228642859438,0.29668765726140645,1.9846538500736668,normal
1.5517877958818218,245.08610625767946,1.8124401365666523,2,0.12371466117040694,2.1464123734071485,0.2747726413339445,3965.9570920802057,580.1038534916294,8.234476392234495,0.0023574666175155135,5.3499528816403945,8.018286146646062,exfiltration
1.9960533261530409,367.5257857041418,0.5870770276286985,17,0.8091687772299552,1.3070542460854704,0.2009930215035086,3403.224455126283,912.4643271309743,17.941003847596548,0.2728554402281596,0.6650440580086654,1.102746520096097,port_scan
3.0076913951875865,6877.295439824144,15.547694842719674,1,0.05030231631604982,1.4622258884537087,0.12046258501660985,3228.3806195139205,429.5952860571713,17.510848177065224,0.08541391746369982,0.21465108870309713,0.8028728662098119,ddos
2.2569703279830744,382.4073361545771,0.7362850119762192,3,0.0426311777554928,2.1653649234615173,0.13475537755647815,2486.5229175578684,639.0209120798374,15.005883187626758,0.20216734632229114,1.2512870397290572,1.4908516898112658,normal
2.71990258377908,4330.345457275128,18.509802917130685,6,0.045884441349263436,1.6593029445393621,0.26020540872619713,4090.213843420631,853.055159357987,7.907531606525698,0.1101874842387495,0.3490977673357447,1.5364956221898272,ddos
1.4058024113652636,21.338646345153755,1.9209796935944068,2,0.009842999849318601,2.9191925241189898,0.16647542700723292,1459.8044852266744,858.7482893802156,18.833602744691706,0.09205015196185205,0.7611886258002507,1.0465766088455648,normal
2.409542965499324,304.9974545300828,1.082094798743669,4,0.28548189207721875,1.151999783593545,0.13665542672201395,997.8582447718363,804.2427385980993,0.326460440032618,0.7670928973236121,0.9163163989083283,1.918953192697305,c2_beacon
2.128894996756479,429.50353912811886,1.8420346429698684,2,0.26258514831505836,1.3524126143781312,0.13643269036787933,14206.19221901531,1910.0807183158947,10.269916155401022,0.08596015046345715,0.7161878267487458,0.6888440851654347,ja4_malware
2.3824697060560673,373.27987930431266,0.6913961546231528,7,0.01944181041531522,4.635741062483404,0.015739377269730855,3332.311161393894,861.9609030810814,17.143540155652083,0.15377769933452354,1.9377746224970032,1.6970779270159944,dga
4.870641107518235,1520.344936582725,9.86219021607213,1,0.023235773326231456,2.3203088375661363,0.1923248732378693,988.674034440061,325.34336941925295,5.327935810955497,0.015561949994622558,0.8851898092537358,1.0809375081289498,ddos
2.2959891213245593,390.94780244259033,1.4657951221010976,2,0.257121553837387,5.031607605045178,0.013479247381233569,3043.3051143404978,336.34605204318905,6.808136501520828,0.1549082702136719,0.6305520081647787,1.0714630054841372,dga
1.0512485085454222,329.5138437213509,1.8241658208968978,7,0.0894327891652875,1.1560476110519158,0.28938813396299135,27685.421533028013,1552.055865659001,14.150737560136958,0.07947548055790654,1.9669950831062941,1.985918018741271,ja4_malware
2.347642044720521,464.7102954416958,1.7636442886677817,2,0.2609510608549026,1.5337691686948332,0.24720414413131966,22555.681776590685,1548.411221057167,1.6650097085758984,0.2621893588697441,0.9584376829760117,1.0149868417783185,ja4_malware
1.9170482049040762,272.2674068932411,1.9118171511925905,65,0.9486646231350098,1.3324740229165772,0.13298884471280886,1138.6376070395208,904.3322876488576,10.661594564864746,0.20135333206127995,0.8083494725524849,1.7900806845347006,port_scan
2.2047389873973446,329.09956726342017,1.9200749160336181,91,0.5114934878732,2.1359535275641477,0.1869284846769645,619.9053360008178,600.8197529300393,9.377126736694114,0.17517751920938693,0.9651815572650788,0.9350515618937401,port_scan
1.9046607360080885,173.21613889521254,1.4157276010126827,6,0.08553672012455663,2.1045062406880195,0.23102277828495296,3613.5791355586684,366.6635272018628,10.099449748390096,0.05051689459361279,1.9357833563927533,1.3710165027638606,normal
2.1397628272049967,6196.7707333509,14.954278476682397,7,0.21071329799159155,1.5587311858969937,0.2410906441878929,3165.137912966263,409.9954134012656,15.364924056176324,0.0359740592541204,0.7430846457387559,0.8829627124640658,ddos
2.2696593438022834,121.34933004646012,0.5268072398346044,7,0.28120817512765117,1.2715820015644128,0.1031454272699411,1419.2039207936102,395.8550006131943,0.2597728685039997,0.4342203625534266,1.0554432710722566,1.0270980666562584,c2_beacon
2.170098888522958,403.8552824030382,1.0412285440089004,2,0.16321434326196096,5.098993173386928,0.018113731097912034,3104.9665448037626,352.70951393877556,6.011379474515867,0.11207627717501252,1.5402614768355039,1.1783078636700641,dga
1.3249826025239893,131.2554047869734,0.510558814524076,6,0.006885912293504681,2.989007073377648,0.24038346632336363,4716.2892034607985,577.3471456877076,0.18844137496379681,0.9085891697794067,1.0457031876663891,1.311250440797352,c2_beacon
1.4072375341581091,286.2340738612617,1.618280160631061,1,0.2562057865164854,1.249634446706382,0.12365088882111815,1356.8538279561383,658.5947516356367,16.22479621438434,0.2669512675888399,16.899148631679566,5.0425728541896655,exfiltration
1.424884768301208,489.575813031983,1.157820867406773,5,0.07028720293658337,4.042193267555615,0.027759802613744375,1670.6854837682165,486.7457197014062,3.8737408779387517,0.15676772153704746,1.8047052882832728,1.3885986722587527,dga
1.9365144290923126,119.02091888754359,1.7930420907481,1,0.14427595446775848,1.356215056725192,0.17549768165069163,3456.3503991857924,524.4518027190519,0.7753274662170878,0.8590361101442989,0.3934506682653424,0.5652772249062872,c2_beacon
3.05112990154334,4150.053588327928,15.026478161885715,3,0.28180899446182583,1.8310049248636002,0.13901607982423597,3300.799094378689,700.5906433094183,12.95053937143413,0.06655360942459933,0.47610276521272166,0.9877869701416451,ddos
2.4684931478281538,332.01783602686436,0.9734203469652731,5,0.28924949404711076,2.1657930861604235,0.2840216387921377,27712.465593766887,1261.3220409755836,14.676650524404339,0.18683364497849805,0.5395719291119454,1.8386846158273376,ja4_malware
1.5745883208066709,486.58021598248354,1.6088313353286356,7,0.24826779815134412,5.531851899304993,0.013913010821544267,1700.5051933140733,725.3992986841326,9.62661379006121,0.005578809477738111,1.7431437144244195,1.9121429794672045,dga
2.242149771137199,488.862364447,1.7335222805810788,77,0.6855719866039889,1.5701024009499127,0.21182934821552946,1050.2388669854895,332.14193391646177,7.671416518497124,0.27628266594207207,1.734257644384235,1.4842424735124937,port_scan
1.9153595229519045,75.37583465797546,1.341561656977049,47,0.6451870911034518,1.982577303887608,0.2583630655291621,2428.7341708384524,836.4028660799871,9.551214727676184,0.07231208542973673,0.21257631416000547,1.53522230209772,port_scan
1.740171501854964,388.2427367802996,1.4956806829204412,2,0.04807718262659676,4.636202351337724,0.07505154721381187,4140.65631677767,351.6029275000771,4.699566128463667,0.14220594733588132,1.8342364623924388,1.6147635456361897,dga
1.1743951385111355,137.527685373247,1.1666481322952855,7,0.2180563035940942,2.737628652042016,0.21462553631066514,4704.522086318987,389.36462049884875,0.37515825189982993,0.8293898685721312,1.7834691996003287,1.1539345982514975,c2_beacon
1.1260078671583915,25.121876067128262,0.8642287621590303,31,0.6965169863329634,2.3345765234620472,0.24354877470835667,1141.3234559646824,498.5021714914435,7.870306629528781,0.2094341527761501,0.5767823824314529,1.251398091469096,port_scan
2.3644105327262612,312.34063122001317,0.6519208176400333,2,0.06978566129566573,1.979427221516311,0.13764771377068794,4591.940013498028,300.4074519326389,0.2845362409565652,0.8850113253073835,1.1948040863784415,1.8066891095422366,c2_beacon
1.6276000662352905,461.12627055404823,0.5762501929227157,1,0.26288016990773977,1.9200749698064252,0.12650926285495254,4877.317241876479,420.30855496194613,15.172942762780483,0.1880766047114067,1.9141342359781364,0.6126340709497864,normal
1.3822430039743603,398.20036614405666,1.7509437743219762,4,0.11678530752946625,4.273630103658188,0.0682984648511773,2879.6995694248276,677.9113237532496,2.5662696203074615,0.29077013148638475,1.5028599698079885,1.2670718351676429,dga
1.8727363011596128,154.81559183901092,1.2262385972427459,4,0.13322262144308322,1.6500766579285069,0.21827674612634512,4599.69950622213,606.429982273538,19.02412914854333,0.21427555535461235,18.521945326772567,6.705922677523203,exfiltration
1.0998382854327673,33.798952025009456,1.2890907903290314,4,0.04580704015242621,2.0648306394257387,0.11590111261847405,3438.726314109685,413.10503706006534,15.369835174948115,0.21056451612437738,1.6147402786111287,1.6742533309314553,normal
2.016897342881129,90.89884233506842,1.235503234805587,2,0.2719734455342977,5.99329137559103,0.055479742553926015,3448.1566036822296,987.1014242187654,13.999828903580271,0.16201463568905666,0.9492518226907702,1.0939232788829603,dga
1.8134596235924134,264.99223063411335,1.283412140239283,5,0.2639491461064795,3.931434247584566,0.06203977564405703,954.2271171950734,831.1626118660422,5.143496250631316,0.09527905608911508,0.2492091163452037,0.5632913221444089,dga
4.078178611350603,8853.105393114089,10.658780109743576,1,0.2514528044286233,2.497161526221765,0.15043344776963,4798.914631293017,744.6092827979691,5.211122067881364,0.15577599893586033,0.7411816462401992,1.480288488988152,ddos
2.1751674692251326,497.3756697251475,1.9225776110018933,5,0.15770732975915097,1.4298156767780734,0.2466883748230476,1406.6899053493553,990.7034217639252,0.608985232483796,0.46415460745745146,0.9662153281061796,1.564959500593452,c2_beacon
1.8105979409461415,497.0113687954032,0.758347227160167,2,0.2848919179983143,1.1253191709732973,0.11402881337173365,1195.982735376796,756.2026709446258,0.8961286177033596,0.9044354461745387,1.8663156809478365,1.7435657960082045,c2_beacon
2.971331815388068,2652.0539244346946,11.095394578469572,5,0.08501377962601932,1.1147982516411192,0.14555880533076107,4484.389999464732,525.0901530913479,15.936306786641817,0.21514015128040692,0.9292129565907847,1.7860398624063916,ddos
2.21271384828952,445.0611615315302,1.297740421521468,4,0.21616348364322105,4.012867130748638,0.02930692260700258,1949.9664355437747,827.4902113833361,10.820338002791756,0.09730891508966517,1.6401852150248595,0.5788368180051409,dga
2.7232937581136847,3701.8566193285887,11.695859977548047,1,0.14538508172835482,2.706454350597893,0.22612514086193528,393.69510534186156,435.2947147089253,6.700186276775225,0.2647833296532413,1.707312781650014,0.7577289495405328,ddos
1.1543159033674393,14.436030127997718,0.9245280761605027,2,0.2687140454070103,2.4193230195111886,0.2941927453118194,4139.568310043262,766.9116839153373,11.135152590422095,0.13898198182320617,17.24143527344964,7.3113985890105395,exfiltration
2.4517086075619154,161.19171100532154,1.5037522442599136,86,0.5575659018219021,1.2372412236327666,0.1131044173907962,1334.8405040525643,775.9148850770617,8.780629655749715,0.19112014049798148,1.0820991025810522,1.0299096823144933,port_scan
2.3923750599504645,108.51288102644678,0.8280246682793098,1,0.20725883034509113,1.663222520661441,0.17470157947679718,45694.32144948261,1388.308048776726,14.371366409796284,0.16201308700833053,0.46718706932047216,1.311691436311684,ja4_malware
2.2433562653384493,224.16193156640648,1.9727140843892461,6,0.08428257850595643,5.894060552538255,0.07086449763504556,4439.590901832381,404.61865466439644,4.941764634034014,0.007335665521821976,0.7346602715125077,1.4239909531851636,dga
2.126205400851309,194.64479315205176,1.8411677797371921,2,0.11436274642242417,4.784308351650825,0.022522651324617803,3267.742636804672,400.73911934674345,16.493017401102847,0.011892439572410906,0.7397748084687574,1.1548829724540384,dga
1.8101618236630674,182.93825424283412,0.5198487342497957,4,0.19486007238836245,2.4246477356242004,0.18046686052380687,4579.83051273861,627.103523215716,15.279281055408836,0.1977990027838065,6.776271641007305,7.149424647407913,exfiltration
2.4693560208798893,19.326732430568423,0.641959652374083,2,0.13348132830810186,2.9398637660996174,0.19219616494029412,2452.39236845326,469.0427244553648,19.620240253954222,0.06889570087187431,1.9488370248345013,1.089127839831805,normal
1.737266536328538,35.159225533608804,1.7666837853990713,1,0.20203790772611885,1.746839514024531,0.1015619699329241,183.68146485727618,700.915269779638,16.192875639001038,0.013943456679079702,14.622392557859923,7.530178620797942,exfiltration
3.520047103259349,4829.312942692186,16.72968603809251,6,0.2446028189187638,1.4805174919781494,0.20956164742216352,1012.1960896508253,985.542283406823,2.6104047685829572,0.19424671278707575,0.20655919315418367,1.8619121100285547,ddos
2.179096457915431,420.3173575490836,0.9787347419121051,3,0.2917038743800794,2.587345248512854,0.23968571091576799,1612.8675936647244,494.70272182897975,9.83819458090002,0.29683197200992345,0.9612306818444991,1.2398139993016901,normal
1.8717644580895982,35.142796922324436,1.622681850481074,2,0.08183314383775214,5.90158864864458,0.018273322112181134,319.01464563862976,626.2278855295472,10.054547280954244,0.27967300735788864,0.9827995589509371,0.6445235040822269,dga
1.8856259873159944,293.9979316587418,1.9316397778180945,1,0.15730055708676044,2.0088761495286205,0.2104475134326496,1359.081183845181,739.4870566074708,0.7658278891705232,0.5010153380949445,0.8513393894896015,1.7207903212967954,c2_beacon
1.774572380368182,23.603671660557048,1.0827490826561688,6,0.23321479804459258,2.4586857735189964,0.27027153547789806,181.2990833374873,448.4722062255356,14.842330666380342,0.2674627753116156,7.582227187696687,6.976247664648554,exfiltration
1.8884612107914658,92.24747770418459,1.632107917945825,5,0.11721817448679321,2.686117705074559,0.10069062141510565,26004.00698578423,1527.328582164972,12.28401442372966,0.16308952394262385,1.458800250080327,1.6434273118850617,ja4_malware
1.9620077116497443,347.8656353987486,1.37026986480402,50,0.6616134130720638,1.800545663145992,0.2841846997389111,3359.186815631192,422.6692140009403,15.997747471774225,0.23772564286080944,1.6738739552385908,0.8364367361720749,port_scan
2.113810567131919,32.340170737279905,1.5158232979390251,3,0.17195536611907603,5.981493768912182,0.024655390428880583,3265.013661956722,525.2953429885698,14.191991876970135,0.07130552979122116,1.8533159919334115,0.9941103865463854,dga
1.362057803945162,437.01590495381913,0.6405469973068145,2,0.17361228446266663,1.3780289072194443,0.23797366402412015,1789.5585152746587,314.85614912156643,2.8105384114731424,0.2731860543226461,18.680917904861992,9.056734386851847,exfiltration
1.2252861925868568,347.15809087783447,1.2160763203110674,36,0.8938650958481742,1.6859317659499193,0.24655453726684964,2726.264319023135,960.004184709704,14.034404578031639,0.1086072438412041,1.6756118289422255,1.0519451306564787,port_scan
2.4533520087768426,15.707164131184035,0.8102585259471982,66,0.811938103137368,1.400314532474059,0.26085191630883997,4735.396789008612,915.6607622241479,12.45205285726248,0.2135454103072363,1.7271821621826455,0.5841041785796639,port_scan
1.655407195292768,367.36396962645995,1.2545834497992907,72,0.91504532186414,1.1645495325416466,0.28383553826104224,2584.522753678772,883.6537910915155,1.8088208644978538,0.17145458650692144,0.9841024630453403,1.5513296921569422,port_scan
1.5427189158300856,354.4863981924574,0.8282849131919483,2,0.09787150864921702,2.725095600816651,0.14651060304073515,3998.073485344756,812.623380860746,15.554634725407848,0.04136987472358959,1.5021371056924273,1.9120159655707414,normal
2.3572922838043704,1953.3240905555947,12.185252965295838,7,0.21042033881451258,1.489456745431401,0.14223538400256902,4498.544831127113,697.4692018916815,9.813080638773817,0.12838354039611163,1.6367059454740904,0.5817463917838863,ddos
2.9417264452165774,1993.5211036362125,12.658769795705355,6,0.2776176586737528,2.074949449279451,0.1721312307446773,218.90824326600168,874.5889637701243,7.864213619974342,0.13165714954349614,1.6808159470587165,1.5244587293194243,ddos
2.969148627029644,3712.546097767121,9.905671417321999,1,0.23958337384269054,1.0356184299393412,0.2508785839442376,1436.5905507821658,939.0017210424796,12.731824428052251,0.07153895965986977,1.9982954326464188,0.5272939035646571,ddos
1.780295907049584,312.5014099459951,0.9695267914190999,4,0.2687756462957001,5.738872996055786,0.07838973773714072,1652.9599684670334,654.7549929509462,4.390931782335427,0.2775538424543507,0.21642231301770665,0.781924213460371,dga
1.2919580617779514,188.81048692834372,0.9537204217068922,5,0.15663752787094526,1.0728603913657666,0.17094506423931005,4117.074430109873,643.9124728899299,1.7992623990081587,0.022499546789711954,1.5616440933599784,0.5563337351305118,normal
1.9904422557499601,21.172564080997695,1.1397901627172413,4,0.16821394987924176,1.1752064036767067,0.2227006737872193,30674.97582814669,1980.143658923073,18.468386515020505,0.29060672706598917,1.601285647418792,1.4480519378003684,ja4_malware
2.404122898481997,5589.729144749942,5.135497247379837,7,0.14269563202545596,2.9006796943601723,0.2202335007896194,2624.320686369175,922.0178326665017,9.234995808386552,0.28854754214922795,0.36173007756634734,1.3416379785877108,ddos
1.302984481981798,280.05508781991097,0.8664231735969892,2,0.06609681416486435,1.873772225131862,0.1257240947953599,39549.02263420779,1529.8118552472645,9.41530532708222,0.013927218046084267,1.1398750570696954,0.5979936002939724,ja4_malware
2.0847244079045355,304.2235490935806,0.6504482517886747,59,0.9424707821209841,1.539244849536372,0.18616761649198507,4971.857445769842,509.72555207053307,18.229864068219115,0.18841779979718312,1.2680939025149445,1.9040184691565725,port_scan
1.3103267819336109,34.77838300961356,1.3282477540983801,4,0.17619219111536102,2.893210258274747,0.18022840090283063,1410.1346464871287,338.82158363383377,15.996429199629711,0.25503480176535653,14.951621355836089,5.868782590200759,exfiltration
1.92056827285215,251.96609230200846,1.605866750068291,1,0.24917946351116976,2.652501125157386,0.2154870563448661,48297.351286477926,1274.2909641386798,10.536347526532229,0.20249547782131438,1.8618193649220127,1.2595601520192847,ja4_malware
2.4665966676830138,265.2397707150433,0.6433340871027091,6,0.0015405026249327048,4.025066303580907,0.014812813042200702,1266.6588951219196,577.5200863794804,2.8528554979804754,0.20796115701908044,1.7328717081354632,1.4860851140883908,dga
1.4559251470939183,38.47315604350919,1.5281415811415213,5,0.14176679500105713,2.528152106842581,0.21934527008638577,598.7513448701854,495.87814287635103,15.969339088643531,0.15018205743199678,1.8522965029211655,0.8028608277971542,normal
1.8649254329837845,357.18326272509125,0.610744661568815,3,0.01702622507589292,2.452133408451929,0.17032117608334688,27596.157420103544,1736.9957155311909,16.898599303903474,0.16884424472200746,1.3465440794421588,1.715203098654606,ja4_malware
2.8802737741048308,7843.308419885242,8.937809043119957,2,0.091748746699448,2.5515975548021714,0.2553325777849885,2057.8164374970393,981.9882934632989,6.035025386672583,0.20773674616495671,0.28476099875777383,1.2016471699016995,ddos
2.1274039407823864,215.76662514347223,0.62482963563176,4,0.03520358159191637,4.601342991742609,0.031310808250687716,734.8002784453507,360.9351295087879,7.473642801651161,0.2992019134710839,1.009713746308987,1.6362393374836743,dga
1.1422395896735489,324.18151719695516,1.3572731207761273,2,0.0452173836466989,2.0571026895924946,0.1148579554433922,2842.250730912807,814.3480491931781,19.220771023999596,0.28288149832918497,16.71983159272783,8.958582467054171,exfiltration
1.5505952864707413,53.54693010737622,0.547348325877054,43,0.9823885061272548,2.6349116992092063,0.18502930709794407,3915.038764211558,492.1503437624232,4.109751265218653,0.20462797655348017,1.245034931452134,1.669131915109668,port_scan
2.4512645986513153,355.64911908716624,1.5796738025323194,2,0.23897151894080743,1.3762084562427026,0.12066457154169835,264.6888490126295,885.2810492142982,7.751924214084517,0.2992945782364531,0.7447939802865733,1.991522850420548,normal
2.412198570191624,278.8037817090674,1.237090957809142,4,0.16909897588170905,1.5564176325669024,0.1590987212609274,1363.5916126564998,754.4149728801497,2.602327197036659,0.2894463546278909,11.103217096091292,4.791064040782786,exfiltration
2.0382756647789284,241.2428228165103,1.5106484375871305,3,0.053947984913646704,1.6737915178646823,0.12392986479036837,4760.028718130495,661.3132785760564,0.9260529843890284,0.7908066010149029,1.7233954401378828,0.9082212033683578,c2_beacon
4.05132757095158,4737.551725644937,18.79961599906186,6,0.0887749816214435,1.3090298004685745,0.29685102345798575,4720.801354356003,561.2871923344926,4.884181078356363,0.11567224385877536,0.3424908374866601,1.1819622681205744,ddos
2.378193425022345,175.60679828566387,1.1055096649850245,1,0.05131954790281792,3.5718496114535343,0.057368269368246995,1291.491667179253,512.5578266204392,13.989707994594953,0.13278999206829556,0.9877421051866306,1.4184463664674676,dga
2.1456182162420347,479.94565500407026,0.7191257207284303,1,0.04797160076995137,2.0792974643958004,0.2853403172561774,4269.926525311894,450.98963532894857,4.6760560581950585,0.16096750430928564,5.592527708640937,3.764232374235945,exfiltration
1.890523006699531,209.90110087667694,1.3465890205387678,5,0.06414924638339933,1.2488207774530478,0.2929162408872622,525.3221724185444,430.51870523620437,4.851713336690982,0.1093071214005538,0.216984309729771,1.410457601700661,normal
1.922374940319013,166.61058409094807,1.576740040012049,2,0.08545045433761718,2.153292117561141,0.1975743523591012,46303.434554738735,1351.8618359618622,6.072883384248334,0.06308945246822913,1.3473043224678243,1.0565726993752147,ja4_malware
1.9850459888565335,252.9572683875814,1.8055988130135554,4,0.10818246079574978,5.137662205477187,0.041961472823451834,2105.5908820746827,838.0506760515943,14.288818399780515,0.28224037198684554,0.34352550788504504,1.0485044835633992,dga
1.7520107592541443,368.47536944760856,0.8358371657654342,5,0.09155460982334962,2.7992325985645303,0.28309710965468193,1746.1618650199187,860.1759177400455,0.7422877693530608,0.6593289447865097,1.0958706576122192,1.1924111861390858,c2_beacon
1.9922422919397662,420.2607516779364,0.8861460427368686,5,0.2361667646943358,1.5097804940784825,0.2557908320667266,4285.413263837039,997.5046794185812,0.5115172993756154,0.9207869413565007,0.42409837356452784,1.2347959602585323,c2_beacon
1.3633693729062755,100.17746243753466,1.9803292371373082,3,0.19025840538221378,2.873266406812085,0.1365241677804806,606.9874323326114,508.5125364470871,8.375444179830225,0.030497354614284388,16.58643999352455,3.193237517804924,exfiltration
1.0958029026773621,277.5922031708221,1.347751144664581,7,0.1080133400706408,2.459152846223195,0.26204216477853925,665.8680426791774,462.0124843617126,14.160898091738577,0.12331089943653539,10.581935519386857,7.751700793156834,exfiltration
2.8788578234365803,3858.1239511489152,19.439449927433095,7,0.29110085741384834,2.760858551565275,0.22848731763300886,3862.0068175251577,392.47515304629025,18.77785103372481,0.06823199003817995,1.7170460964593304,1.026342932123804,ddos
1.7344609760196243,264.2956863717054,1.5347903882738487,4,0.19821615594759448,2.461578827490404,0.10542869261456818,2546.5261934565488,820.7346542086408,0.4089689208069439,0.8053887733428824,1.7302762560363472,1.573676394062653,c2_beacon
1.9783094666357863,11.623559751217917,0.7176385751404113,6,0.21728403349143946,1.5435039436554074,0.11694424631292494,3655.0080415787006,434.200458576756,0.37639113863836837,0.6960077399234847,1.1839375963700298,0.9874476219795076,c2_beacon
1.072775782533951,227.60180521051586,0.8846216767979658,5,0.03156187799415864,2.4509798384555888,0.22140650429732994,36729.43759164145,1647.2310418663424,19.895409875121352,0.277918165992154,0.23677904885342826,1.2787697178670019,ja4_malware
2.417161333101495,237.92244447243934,1.9075568085387955,2,0.049202849786915026,1.8223907426223356,0.20298094901609892,3986.5637856326875,390.32062512038624,15.88888249957206,0.17958075149477565,6.8834512412426125,4.444752455538607,exfiltration
3.2670496083164213,5425.256541038177,11.167410171456439,5,0.002647177741345863,1.0451546458897918,0.26370347805089234,809.9017045123902,689.9188589712016,15.700112491345026,0.02486230897689614,0.8014860755370043,1.1448274352332384,ddos
1.2978266653650308,205.06369558756234,0.7600174989080186,3,0.22287568034263303,2.750075552106957,0.2984585457106522,4456.958582987148,794.2366801259403,3.505429782140986,0.01715026342454565,19.3660129507131,7.320030716126935,exfiltration
2.1208635364142774,93.73963401540868,0.8902000047655403,3,0.2803028629454147,1.38246931886388,0.2568913931666573,33383.65083284316,1876.325277547273,13.001739820901054,0.18181515925656117,0.9835277479980342,1.9427081747348138,ja4_malware
1.526746709031375,125.54327859309402,0.9465066366371402,4,0.29430257127891196,2.906592912480879,0.20646819411085723,2266.441632876376,945.1706980155495,15.270242907564464,0.2796917849263569,12.39936866892835,6.650405898407406,exfiltration
1.5996123760778724,446.0173226219233,1.7106353134147305,1,0.050082095660519264,1.219015561887678,0.27986179580231796,36224.393975162595,1275.959642620569,10.556060740889931,0.18928359776269246,1.7876946987595672,1.8813867420594914,ja4_malware
3.967759849788847,3201.2033450431313,14.087189484121932,4,0.2886348319472643,2.497623603768456,0.10464451103140851,4097.716906272187,915.4959437405837,3.0796854233130886,0.14808557012715873,1.587695027850774,1.0170634426975818,ddos
1.652645590004557,458.4963925399218,1.1970194567859944,5,0.10566374806953725,1.1372417142177178,0.2368000207122112,523.1624050578237,675.6305654706166,4.548178135726005,0.06483361652465133,1.911167982468084,1.7290992607014928,normal
1.1409073227576783,310.71051650605926,1.694287481973745,86,0.7324102217203219,1.4893237404882906,0.18548009279872374,765.9712693647132,992.1246620696055,11.234506647441334,0.08477800371346977,1.0656818313273446,1.1215703551555485,port_scan
1.0081447511930506,312.21052774788143,1.184605786852768,5,0.15080379743882008,1.7972896417068303,0.24215230700438592,1551.648203358597,996.9688604377767,1.6634000446321837,0.25116306445849645,0.8510324150398703,1.0883078060213012,normal
1.6914840619634204,72.5372344373696,1.3436066328232739,76,0.7984843998517006,1.2520501921964082,0.12902014990967134,2946.2686850949,743.0419021162216,10.868615469346123,0.2252366835890619,0.884930942413283,1.447288357170081,port_scan
2.278687899958678,385.38377032596554,1.534150827140573,1,0.13506892585186372,5.3249613268240275,0.07006008392055756,3511.8741710298314,826.7092283885391,14.07860296888739,0.18037863591063008,0.9727120191812562,1.0509626035357542,dga
2.194233935264985,218.57445862483382,1.6486436586147866,1,0.22884921734965513,2.617241154834231,0.2042854227420693,3985.8646519345043,602.0759420099357,7.025821074117641,0.09536550432131057,16.1735687864426,4.870929207010494,exfiltration
2.4988430497637992,65.12067467487034,0.5302235235316577,6,0.2809249512289395,2.846033138904647,0.21809551576631125,3236.0382548615084,576.9887124075801,11.09462967169081,0.010249858227716223,9.55130801160061,5.509853778711983,exfiltration
4.859161149635675,3898.780532160864,12.526627077330222,1,0.27562332635464637,2.726867512111742,0.27738349528145834,230.6927982666756,542.4716273215288,15.141391451055839,0.10461263666894507,1.3588226088509405,1.7656771044130901,ddos
2.4380852253125864,49.08930722754854,0.6895102005492375,7,0.1236952448041201,1.811832034227732,0.1562160657098104,3492.2206938151153,746.3822333594335,0.32623897917951966,0.8576229748534228,0.41483262784453667,1.875197277561028,c2_beacon
1.7856294230764558,401.6146258983306,1.1765697502778827,2,0.18041182884340437,1.024794427831592,0.13686200041797147,856.7787530783914,565.1897898811761,3.6871944724913934,0.2653544962100024,0.8649024023356351,0.8301523591181585,normal
2.2880500870407428,85.29134059865336,1.5520383486181435,2,0.2299239810053311,2.235642818016937,0.1339308238842852,4629.767534428762,862.391722211676,0.3005265630546872,0.5468457453249159,1.1823614403676928,1.4021731592517532,c2_beacon
2.0146698004307777,297.1032942228291,1.9831823231122907,2,0.07937130995092664,2.503081665468345,0.2746161151533373,38987.94799469964,1527.0251033857462,15.083126333787657,0.03378827378695617,1.021295669796303,1.7960433244276728,ja4_malware
1.6200452681914512,450.01980639636724,1.5171197917178851,5,0.03357843967931597,1.7425446957348927,0.2608564171116947,17838.730938720993,1539.8678972669247,16.28718813146937,0.24279373763242518,1.385760794434286,1.2566517975648794,ja4_malware
1.8674474805080663,31.831724559418717,1.5875083167081399,93,0.7535225161585284,2.2757864015298734,0.298917328223965,2403.4257873606207,800.5194936010744,15.485370270712094,0.14834376275359387,1.974538942658806,0.8392500572765309,port_scan
2.4885633460837555,253.4891321038712,1.0518565103327264,3,0.21342280431292268,2.3836941225713058,0.21762926962281404,4404.513561440341,880.0534935488968,3.6239900195062247,0.1454880750730845,1.6713011673496745,1.7259083289174166,normal
3.2162530258863096,9076.60163916975,11.304942447649022,7,0.17021927246891724,1.3860664228992245,0.18597661804431115,1298.9683592484016,939.8481209633334,18.108913429826167,0.08083101336760921,1.2462055144792854,1.6449776908933171,ddos
1.564573763294736,421.36791652537494,1.7278569127768635,20,0.8705617434659109,1.937180808082274,0.10978013582465496,4801.817509989752,880.8604393612062,6.170140804022211,0.004024454945515244,0.4972742519883377,1.5155486797053899,port_scan
2.41165390038179,311.84661794487715,1.1161871854805354,3,0.15760306972187796,1.6946564631753425,0.26539029017038096,152.35479545009443,431.77505100180247,0.4598510475097274,0.6009525778837563,1.311301784823291,1.0505402324709001,c2_beacon
1.712863232760677,416.5504763283292,1.0485776116369834,2,0.2931443797491105,2.403695045521814,0.19257150722804645,32185.33589656336,1986.8498564305646,18.71943154645976,0.07277841106675037,1.0226708356359033,1.7969943939876472,ja4_malware
2.1437982206059782,374.3641789027495,0.6452152239574571,7,0.08217185058181356,2.7549539624485186,0.13243598698875692,3146.875783820372,965.7313979210226,5.091786182108685,0.1867889022242381,0.9972358963774934,0.583911310961675,normal
1.3129063229397295,238.7848345938937,0.5143444133424715,87,0.7060644344437929,2.056659983337362,0.12994239551890796,3356.276717318024,855.2709081001266,11.474204026582019,0.1523505005455257,0.27585499684605647,1.0779706307714474,port_scan
3.944845976933408,8035.890469975927,10.150564392467356,1,0.1356359377282037,1.853828003471122,0.2113278345763576,3662.905960054031,397.65483063437154,2.3458041361094444,0.047016267445474554,1.4848802339163116,1.7983856273830148,ddos
1.3711785983094962,231.23934900898183,1.3494671941770369,5,0.2586198297591409,2.250663973251476,0.2973507353188335,38558.93228822421,1293.3970889239097,12.696034429991252,0.10062643577867239,1.8084215324806443,1.3254695892251682,ja4_malware
3.9470702171775485,7612.6052578513245,18.57630549959317,6,0.1966665337166598,1.7264763572957338,0.1780627341133102,4705.411122186096,552.7839602606073,18.034531171518072,0.22412402667931974,0.5257457294992836,1.4143318020429927,ddos
1.5447148611734451,47.0902925446252,0.6885909399029446,5,0.12641471961729225,2.533585911408201,0.2582728362951686,3923.845637682194,512.1614324509271,18.65712315850773,0.22997619716970213,15.875798954970936,6.960390673793818,exfiltration
1.7791781075134385,496.50953267823274,1.6230440420769845,1,0.11113851108004998,1.830761014663996,0.2314938850405718,3824.3306446880542,373.0077079782031,18.792565579283398,0.025478871069807195,7.4578375898685705,3.3209266944096076,exfiltration
1.3976924054427715,105.6401871462031,1.5069063704264383,66,0.5079229512766159,2.4407274055917108,0.23798755819621772,3216.2104660922037,949.5964312570177,1.568535818315921,0.024701942069882354,1.662276183343108,1.8088754038376345,port_scan
1.6523674719603652,29.531930840498667,1.8952043558209726,3,0.180646180338759,3.614578442755464,0.046004698514609914,779.4368020253087,830.7084186590066,16.2388804792041,0.19640327097579013,0.5471004795990316,1.1931530065600544,dga
2.196106185860628,396.51712612021987,0.873001698613421,3,0.26423176085185907,2.697263935941885,0.16809479524160087,2514.916512073807,628.1041464162943,0.06374854547992824,0.7049568855986317,0.7321183197103596,1.920485954386256,c2_beacon
1.7360604915317814,402.4270801322497,1.6811958119472534,3,0.2278023300067162,2.5121505648564755,0.29625530479865453,3523.3044865647294,764.32069556089,15.445619973661294,0.08415726162434682,0.8978201267748058,1.3827706649369391,normal
2.3184309522638737,37.15374726543729,1.9005430270281969,6,0.17454731818937477,4.246399812813041,0.04934246389346879,1257.5549455329858,995.8639217883724,5.575314769693465,0.10810558573631607,0.6845504220384551,1.629421725785371,dga
3.334291812297883,6661.618211261582,9.56271467693183,1,0.2016069339638256,2.3131013039922514,0.17945412365781338,3729.4848835094335,967.423992732636,12.839332052290477,0.17652033827090197,1.3797340392522173,0.6216513242646742,ddos
1.9760728463030155,188.58005515171624,1.6329520083134847,2,0.2029168165155575,2.1388590328566233,0.11283727782940141,2067.910991329545,980.7691114952208,0.7646827568471521,0.5695318032759149,0.3970894094611384,1.7142279092495696,c2_beacon
2.2498515942083985,132.45462967984597,0.7363052439340793,1,0.09181260908620166,1.3007327201510874,0.26809508489849987,49802.66496740361,1301.8950375282534,12.727895292842218,0.2834768971145164,1.5854776829838093,0.6481423458207025,ja4_malware
2.8031309746070705,9181.662260918369,10.00069960758171,4,0.18717418202843028,1.6876397688016203,0.19400350450212606,4298.502598330584,545.9435225721045,7.378232799838727,0.0601058736782328,0.5836187248100697,1.5586804939579246,ddos
1.7112530942239272,24.726743592977606,0.781855368554715,6,0.1357350704504274,2.6148947528203097,0.2623740306375171,2623.204635706586,309.8662518232991,11.31826720329472,0.16825847188091633,0.3158377070897712,0.8239687236191942,normal
2.094705842638817,443.1032366900899,1.199355351042296,86,0.50208219713385,2.8728744778568105,0.18692036065831674,1921.5727196147247,510.17322881287953,14.6483961420332,0.08193133868868094,0.9296907542029873,0.9413395028429024,port_scan
1.396969316155866,417.19279113974994,0.5548270030993809,6,0.01985221101914242,4.585101933581262,0.07268924278831616,1620.9809480222336,446.042350377493,10.096941851715272,0.0998115222467269,1.2558770836313922,0.8728084204458472,dga
1.5515341332201045,342.61344818635934,1.7791901052787615,7,0.23704876951007328,2.045510611477326,0.1481071490423836,710.5533962610609,655.763221676852,0.5236668813618001,0.7067642931096274,0.621504548212984,1.9762271124342436,c2_beacon
3.72282344352903,4659.57666316864,18.358667199109494,1,0.2191583386718872,2.5780522431262574,0.24098472993740397,1672.5431795890029,937.1123721872129,13.940121563377556,0.07202703403275869,1.3190828259346878,1.640413202301001,ddos
1.2875027054491721,205.3395536263412,1.2034082375304493,4,0.2590974146102914,2.1026835593711017,0.10046610396497735,297.32475366260485,395.670243306721,0.14174529449482037,0.47001803832924816,1.856109928358949,1.8803800125899406,c2_beacon
1.3248251421700177,215.36795903677,0.5146597928225942,1,0.18237050890631942,2.5385225594498175,0.11502164242812525,4914.025216446256,989.0972817621695,0.13377708073776826,0.8234485522482131,1.5874084360227656,1.736494446321251,c2_beacon
1.0350018838213007,358.72545805525726,1.8858573854865663,92,0.9681207735806006,2.0012022227376183,0.21465871302607314,200.72128802534098,436.1812493998582,10.918101901188528,0.20495953745957232,1.8083328044565392,0.8209563858035539,port_scan
1.2689024622366087,269.47560708968547,0.7884510185526996,2,0.27770600062101736,2.143139569013438,0.18365546384567333,1749.6869572271244,917.2035962923394,9.703112290750196,0.2402015459878262,0.6869713316337489,0.8962874948529531,normal
3.126234637726137,2072.5420134776277,8.04367015266757,6,0.1693892795925886,1.3937802877800691,0.17965471662867794,4815.292214518316,808.1992700036351,7.548341109344581,0.29851690162681177,0.3070934692810086,1.6550493241852424,ddos
1.913928742819048,349.63636432958276,1.6474998683934343,5,0.03320933786604811,1.8685753314155433,0.24146723348042043,3235.1665822937525,533.8776571394724,18.232829178158756,0.10125711268031133,19.483734548195113,4.1778410214763095,exfiltration
2.0983872528293057,353.20633051289616,1.8294192188332414,7,0.2543064464032341,1.0054942522751218,0.20615073423670183,48253.02936556657,1490.673287966962,2.19518210605687,0.25787859927055434,0.9939860612776501,1.7463491396530602,ja4_malware
1.789977928325413,470.7552229106003,0.7485467811088335,5,0.08511584073719375,1.039439450190418,0.20970746252226521,4471.066347627595,477.59776862426145,0.6067408827191952,0.44366775152380233,0.8107780736172054,1.9027726207939317,c2_beacon
1.8581800195510076,312.4994960322036,0.6075419061679161,3,0.0007934764455998388,1.2625910055598641,0.18177172971404493,49292.21797353814,1996.679592797605,5.670400114483576,0.16609180404414925,1.5409736767617974,0.844143043964438,ja4_malware
1.5690931990599881,402.52428502270345,1.504798725343551,20,0.602079445482139,2.315927202556149,0.12877925087402903,3296.1787438256156,460.2290109880572,8.276589526250099,0.16345210836223778,0.6090220839608296,1.442106501992894,port_scan
3.228173369958779,3191.002447963539,6.776586279263697,7,0.1765957955976929,1.2911952765670627,0.2856463592204661,200.63773874126207,421.1107866403834,18.47369448351974,0.22173967337592443,0.9760025897883542,1.3366687620627407,ddos
2.2677534709406144,152.50971756895234,1.391939758709117,5,0.2198680605720617,2.725817949453036,0.12659861940465572,30791.56869011449,1397.2243172599542,5.667490294339418,0.1155966170812385,1.6132874394206649,1.1263369723459733,ja4_malware
2.317310644962177,106.56077651894365,0.5612299534078017,1,0.004489980153740003,2.4248979607848584,0.12917117495922953,4581.222328857337,617.149464014447,0.786711942460788,0.7425118871877321,1.580917645773511,1.369520358925078,c2_beacon
1.2057083661440346,363.2926568731161,1.6746476654682272,5,0.2775066695423696,1.4022696681592621,0.14176502784374093,47394.04561572635,1254.4600570813484,8.883158081178355,0.16519542430103895,1.3066361870168657,1.0282854462069926,ja4_malware
1.0764120918271383,280.0474598367504,0.9090385699602299,7,0.21019191368161308,2.5592614457971554,0.17140711050843627,4946.284469113932,418.71636065387713,2.464751785597444,0.08056727243116849,6.4554981117792245,7.142235743580123,exfiltration
4.5314743101065424,3686.82906068621,13.297770425617488,7,0.28316037892559387,2.134677333690916,0.17480070162392808,4037.062026829088,519.537426168664,15.684291026334513,0.2465066572125683,0.9436592399380115,1.790390337098429,ddos
4.186132235440033,8191.767564317802,17.8161172403045,3,0.27084849227161334,2.0339559779192,0.2468376043738115,4846.603632338919,374.5975791335336,6.662910603514197,0.08480632060359393,1.1252530020791738,0.7646587494796786,ddos
1.4161660720504308,71.76586624238527,1.720485241124007,1,0.265404226230624,3.5142114370425075,0.041669950299763,4510.851470250082,447.530652781204,14.343582852036924,0.15056627012540238,1.5029104889059863,1.136233933688186,dga
1.93831035481081,406.7746704667242,0.7075879896169792,7,0.16357275015653763,1.9995949330052858,0.21256275245607692,41930.952227256304,1247.7713788621127,9.69458095948016,0.12231487508397688,0.5296191186036692,1.2102370504638347,ja4_malware
1.3453209863423212,101.92090415035075,1.7346909761242797,2,0.27117125663864367,1.833825073437489,0.20667748616620646,2604.747516253543,905.8022989354702,15.107296530056821,0.1162178789293061,0.79615893225118,1.2935159001103513,normal
2.066667134278765,464.8424498025355,0.6542108646340936,53,0.5379145330605719,2.4025529491527653,0.20315340997495607,4352.649475671306,539.1711417273775,4.48528049549539,0.2539653557930955,0.6611193141601606,1.6081065661221403,port_scan
2.143046929210987,234.28125222737103,0.8664989208569147,5,0.005501684234271042,4.668411745916723,0.034122698365333375,2306.670690115742,876.9506064999917,5.025066388568467,0.07763354661913252,0.2175168564156047,0.5004312841797514,dga
1.362983909656785,447.5899864002808,1.7100595284497127,92,0.9892848671890115,1.1414102377929696,0.2350772336017282,1092.5743942058812,477.00049090335426,4.901786471273029,0.0065790257259989654,0.9029049543628904,1.854165585421747,port_scan
1.3025533786037866,373.24032030366016,1.259268577724306,20,0.9118498445999484,1.4362956317460747,0.11179369551429058,3072.8498108945037,832.2390043828773,13.961078614505654,5.771854973635193e-06,1.7475725789460839,1.275793530924138,port_scan
2.1297738689516423,85.22769157666697,1.3817041356774564,72,0.9970343435562379,1.1009219019380823,0.10772032094021125,238.54022042220205,523.7639183927215,6.013274301407459,0.09574163034537425,1.2423065271822553,0.7592711840758046,port_scan
2.5988495649423173,6497.487121339694,9.454647628546521,7,0.2933995570685182,2.102160204158432,0.18173633017992202,3522.9535383621283,599.8138571926272,8.487767121557185,0.134614855283774,0.8249755100729215,1.0737754984576187,ddos
1.9638644443061752,160.972216070209,1.351925970268143,2,0.14544986410744845,2.741261979881877,0.29732206423678736,16881.735900651198,1927.8667025736281,16.626761349405523,0.04371529314938078,1.5972100499406308,0.8721729387149062,ja4_malware
1.3436962324874362,79.25848066423299,1.5453867862101414,6,0.2429466571477914,1.2691724494505507,0.11267806965064822,3530.404283654827,742.2388803438444,0.2962469357416962,0.9097908621564609,1.7176957560750723,1.8054211084980079,c2_beacon
1.653797776025794,459.67868649621494,0.7255941401725103,2,0.2748758082333934,1.1625475346608045,0.19541492149178663,4579.867005747179,784.2082493168072,17.365353054045013,0.24483650411714086,11.358121690325719,9.903803304632696,exfiltration
4.970074742369528,1528.330574803024,10.800417546188179,2,0.037683350838783256,2.388617866592431,0.23511210143166006,470.8614759316597,454.4795677103737,7.168935811798607,0.12534870495702952,0.9957530180663776,0.629116021111824,ddos
2.1650649807395124,25.57822685142595,1.4604747377823786,6,0.26192876783676056,1.0774784460362041,0.13833109426933352,34581.7689854194,1975.6252919303297,11.928303818280405,0.03360928160451566,0.9582833135313189,1.1038731251907552,ja4_malware
1.9006826077474273,157.30270000477776,1.9397649841847895,4,0.2002917579998288,1.3629793432464576,0.28021608486191973,4774.999797124065,831.4969783539023,2.786599229963804,0.09818947539626668,15.502096931521558,3.894972201824241,exfiltration
4.030211202747951,8007.583927196879,16.536107955441814,3,0.22924091986260617,1.2766506777435178,0.2126144646283989,4525.413858804752,512.8021808663493,13.533781421825381,0.09637342744955901,1.1719255386809098,1.763996741543055,ddos
1.310099737329976,185.20316767376735,1.4106810246813515,7,0.1218157127544009,1.0422934757679945,0.10217419168846487,10338.927889871758,1659.9239850632325,18.70669428062484,0.15608073682011608,1.5353068228571194,1.4800545555738596,ja4_malware
2.5863689304697983,1878.0615665343332,12.300082131602675,5,0.07805192656708436,2.458526558329465,0.17295734835843984,3505.134269563852,508.3860731931193,4.694547310819052,0.15598788792756751,1.140924041789432,1.144145116745431,ddos
2.4845140181392202,254.36864466229443,1.8318364189632663,4,0.05042539529549148,4.605607584243589,0.056115788332124356,1909.7762604440518,445.7174477555956,5.523637804351619,0.1415377324807875,1.2858229179643845,1.6093598485060232,dga
2.259744989910476,375.3708134979294,1.303565404770653,1,0.2755581454568496,2.7018804269465906,0.29154138072767977,2724.6198879049375,940.5948586128707,5.352885430844087,0.17293538153783725,9.255963482940633,3.0198692046655937,exfiltration
1.8823640175422571,106.67855019429017,1.5966644997413941,3,0.2848087621990401,4.300951126679854,0.02639601364324313,4216.539178088264,482.65822791526375,9.582889385225677,0.21374686311462468,1.0600614851259023,1.7864158780614847,dga
1.551626277743405,202.59071943699965,1.2878125519761596,7,0.18286157520468369,2.980315670455184,0.29963969815931785,3599.413242553548,568.1275763844972,0.4779248916811476,0.43259232907131107,0.8135905140867778,1.50429211987161,c2_beacon
2.7014578227832335,5184.115354463797,19.09119969533308,1,0.2300544578723867,1.5399774746983168,0.2078533922488831,3772.8766466720463,921.7478315507368,16.953557658823854,0.06880218853065175,1.927041446479751,1.5559956701820272,ddos
1.1617158537100605,371.7458339059817,1.972113816389736,5,0.09486568996625934,2.2998929670696553,0.25080015648601794,678.295788005493,657.4946580218682,0.42046642372919263,0.6615757692178785,0.2226421092488764,1.8694877187270458,c2_beacon
2.535632596056466,4847.955460814599,9.136144462976684,5,0.18457922635315602,1.7231960446150596,0.17212349807736296,411.3064793845834,457.82734634987224,8.890252179836379,0.205940747376713,1.5744147748536395,1.8150432224862083,ddos
1.9464956034538308,270.20504024105685,1.8208820400473409,3,0.1047080891268594,5.7493897283850455,0.05320885617515422,1266.998732842247,315.50238672969203,7.6336956860868685,0.268351414964112,0.6525093347473361,1.5765416039571445,dga
1.3487059296283737,425.77783618283473,1.7797244142214843,4,0.24074530840025515,5.2764987338910565,0.07039562133605544,3589.4911389449658,870.2622749829749,14.887717646921892,0.14255368914962155,1.0183752826662753,0.761953484474221,dga
4.009601262773734,5084.031109110498,8.916459170257344,6,0.2380746035495905,1.0633003614297478,0.20944939976187277,3576.4833047344996,638.7824989258874,9.570620627011053,0.04586171464223427,0.33309367232091536,1.4802357034221258,ddos
1.3509092287980111,386.62751883509577,1.903906249153589,6,0.18059908905825886,1.1605546408080742,0.29117210683778505,4026.609763967501,321.7589260056213,2.1193914473802664,0.21120968193576384,0.27407576009432055,0.7609813386044022,normal
2.0237432559624633,380.11178466942476,1.7909456020941952,2,0.16628567571792838,1.009714675554558,0.23589704365162079,2448.19080315599,590.696989617154,11.12777149094076,0.2527947722011605,0.6721240892938666,1.489385535306828,normal
2.2402109512156843,238.6010302287605,1.5464263282236763,7,0.07651448365365682,2.918958694286244,0.23474080562286936,933.7551049231004,402.3207444627249,4.99135078020297,0.16917227103581373,5.543335024439119,4.339383536414555,exfiltration
1.6917097818423745,309.05783420153466,0.6844374630872849,7,0.28994696491738053,1.7975217686903384,0.1518626752719178,2537.9224949133254,763.6311479890926,11.476674788991762,0.047387604164421414,7.669166884189147,5.628039708070205,exfiltration
1.4522152177354242,264.0390521910207,1.3787059470906187,1,0.21604735383143764,2.495122252182267,0.23567248242461436,2082.2267084044092,848.949307217404,1.3908218519220077,0.07782433932769135,8.218300053099266,7.29833898686025,exfiltration
1.98616450055202,50.62784932160075,0.8568976785926946,1,0.23130749994151703,2.7536083998111236,0.25983056548015127,3486.672952860199,558.7003340083315,19.845377565210523,0.15104890814484356,6.801923653441083,7.813163306138846,exfiltration
1.7736231708855592,397.9735311139939,1.5473987512818255,7,0.07067775993758038,5.592752209751206,0.045533444704931494,3652.7821833524285,397.89779306862863,15.065517578233791,0.14815810517223474,1.6705227415188963,0.8105357167084328,dga
1.9571151688943442,71.2589267691086,1.9158867325131976,1,0.1857449451480417,1.3050425071239202,0.18371071343631803,1792.2116201033282,541.9851124659347,0.7887901782793748,0.7376636016790028,1.6733289867810408,0.8550546999252872,c2_beacon
1.1530850783105038,17.5538303390207,1.2610373324776916,69,0.9608512649035635,2.0588282032390866,0.2508812111756019,3324.0724185059366,627.8861676467482,1.2977267177599034,0.22817742387598838,0.6640571981951061,0.8299337513708831,port_scan
1.8036382306914676,372.70057435730774,1.9169591971595232,4,0.15423768188332113,2.2289357552770577,0.2341402202280299,4927.619938953843,601.8665516091107,0.6462514002466527,0.5277459628523389,1.9694612332586725,1.2547723709984393,c2_beacon
1.357904043596435,196.58526912213077,1.6468809204991222,4,0.2761738617285416,4.389105602380233,0.05893146539880656,3871.455171855116,875.3514304927189,15.928775148065675,0.090943524469732,0.5451368124048874,1.530747116005678,dga
2.3321356834287164,39.25239615282277,1.1803430266735098,4,0.02288784988315994,2.461677104737848,0.2956264020113602,34342.077857589145,1587.33583786343,9.936452991615697,0.14608407013278904,1.1548198651847883,1.4381754286297803,ja4_malware
2.1806130581941314,22.534949877608405,0.6454721206087147,46,0.9986580060784267,1.2078316481764617,0.13705633284480345,2066.949845627236,355.61567916182963,18.04939230133998,0.21445123669665464,1.3098751208238626,0.6725823360545915,port_scan
1.4177886768723662,387.4459358078854,0.9473411734761475,59,0.6862978716265202,1.1505768018503832,0.26393441776440235,2324.4756102814877,425.10507608467344,9.36442370091761,0.17972135980782347,0.6108419224607579,1.590178741908339,port_scan
2.30846926444689,388.76301819971667,0.968948558869907,34,0.5801038805728502,2.2394356926375063,0.15054820028887017,2518.0424986394196,555.0391708382449,10.32768919448515,0.1454228664271483,0.778745171685675,0.681453964651763,port_scan
3.8871847320916504,5972.720975673231,19.386971257771727,4,0.06812633438783139,2.6050150585120164,0.23279144902148852,2146.8563603351326,517.8954531213209,9.042812940167822,0.26156262628180993,0.7805455672723085,1.0479848087457349,ddos
1.7836064814011015,215.8065605922786,1.0060902172864143,2,0.25237643504867235,5.869462793218942,0.014240112408764672,294.26057477434745,975.2994371546446,10.554182003433004,0.03972803677512712,0.44276011964050915,1.5307433699981179,dga
2.393869175476235,381.1452300354904,1.3856716807258638,1,0.18486877964445383,2.5949241775012633,0.19370327231046033,2265.392257141197,776.8234565083692,0.9518457532861426,0.9172177097523545,1.9695011947052536,1.6416805835425439,c2_beacon
2.287878843440258,186.12302750414705,0.5981195402718253,68,0.7489853566923158,1.8379060751738021,0.178467701482173,4522.91124025654,503.2282494571711,19.803993333684065,0.04190115932785513,0.6412038590334751,1.7950733541065467,port_scan
1.358067447170624,295.6107918236097,0.7669810670348094,86,0.6944971300208814,1.61835861130145,0.10055872530825638,4879.959048039577,486.31348024670024,18.88359312384992,0.05336903891682857,1.5556559334792988,0.94414157399502,port_scan
2.3531456189101023,320.7890650243428,1.3730678269734597,3,0.13738956059119484,2.856029054254007,0.10310525158342826,29560.93668041801,1429.5786607687417,1.2901121392546488,0.17538834344852303,0.9181203711019441,0.8512299112312569,ja4_malware
1.2570403355883641,263.96245667977166,1.7728852214875277,3,0.15712970235803564,1.5803391323623144,0.28704347128088537,28867.981021129075,1217.1823294872581,1.5980919108255778,0.08319119813491017,0.9258971070012523,1.2503570004091742,ja4_malware
2.787236818728812,8963.685125060269,19.216925208049606,2,0.03312463748475659,1.8972576169233744,0.14947817578236072,3195.540877453105,332.88065692406695,9.785716751662434,0.2070465568054091,1.1419998306899495,1.7151070521893041,ddos
1.3139232308867914,345.67335446072815,1.114924115742674,7,0.04036621968911109,2.2186645756514998,0.11903361825608252,14314.050880885923,1474.7594812100529,8.723458379564391,0.007711548346713459,1.2310320652541347,0.7314339223100965,ja4_malware
1.489810692892779,443.8167616738317,1.788401629902152,1,0.23389383044427714,3.55773285626958,0.055712686804371435,1434.3954703694212,738.7890878956737,3.7587026574226603,0.2642033603525081,1.7733389686991368,0.7366059425669088,dga
1.3679414678238127,301.72905924694385,1.3719283371252844,4,0.06080628464451516,1.1371555656158174,0.2032297062166823,3674.0589655575413,968.6507320259492,15.592067383289395,0.2514188420902139,8.833002397435859,4.798702872458368,exfiltration
1.500853811867292,138.26804344030168,0.7589021228393908,6,0.1530074232309648,1.658250108038926,0.2319396996380407,1970.5486013997431,312.3500018848581,11.045685238818358,0.27066204403543803,11.446088004338002,5.8630527155781245,exfiltration
2.078622454125626,28.80582320078491,1.6024841053047632,3,0.237015414061423,1.3426236203408657,0.2593697473381691,619.5675513271251,726.0287120068225,0.25365133882067986,0.5799918788115033,1.8294787139038169,1.7244180773557316,c2_beacon
1.7317260270695423,341.0208562612189,0.628056275813605,5,0.03105857930069178,1.0065509348272776,0.24930500239513612,4261.983686359338,840.7115672085104,14.875656203689658,0.1673573142582462,12.565435504953696,5.909057550452981,exfiltration
1.9993285177186029,442.8569388437567,1.8477676774588834,5,0.11646665410807137,1.9561934046997054,0.10118977943025707,2591.7116520051563,394.3734379016424,11.850647696829538,0.038241515724982675,15.337956682614827,8.644720524243649,exfiltration
1.8916504956346776,235.77710656738745,1.9950158172787302,3,0.20626018053296155,2.28463482334307,0.2501672666872925,1462.5627946281127,728.556363929411,7.106612922707059,0.12085180199801052,1.2646778133432721,1.7858607691348223,normal
1.5037737959318191,169.57475713845344,1.2533636644773112,7,0.18834319198122426,2.6713141047111666,0.2562391149696318,2955.540323626144,340.3013294201538,6.589878221946964,0.10448992611101302,5.973007258581467,6.644326181022846,exfiltration
1.2904707570708684,10.841497260476453,0.7332551563085083,3,0.23923773538699603,4.510814724414294,0.012501306668157791,2348.3654149345884,575.2973828668989,19.780064394211763,0.13191748049328134,0.5482681193479422,1.4884875706343617,dga
1.7107163246366883,443.50873125989887,1.265250118939399,7,0.2842232126077759,1.422456250796769,0.13366684805552806,4387.771583768761,482.14837599970656,4.374338669931127,0.17049791552761107,16.54025848135418,8.550899860000552,exfiltration
1.1449498455971272,271.08763047664,0.8227174736206964,5,0.25282647381026313,1.3358111759584501,0.10643483609005507,4794.4112760522385,650.1970094651,0.6653264552495913,0.5040679975903981,1.8631388416720314,1.9664535326157353,c2_beacon
1.4514477194596975,401.4638959789983,0.6917486470682039,55,0.6471220765469954,2.258063377422694,0.11654014242575549,1194.204617037301,566.8044327561004,4.42108112324363,0.2935348918686761,1.9310539229664339,1.7381616227535375,port_scan
3.3735946290314196,2785.375916400629,14.83381447019138,1,0.19977533400019123,1.7970902462666984,0.1301587033268035,2317.9350349082356,510.600423506932,13.078739936194813,0.01859429160069447,1.8836748858671513,1.5820871568473913,ddos
1.7369830385205012,483.5393871342374,1.7436615741452886,5,0.06493545951906944,1.2237978066820956,0.25582851664928863,2571.8587413587748,904.518043321616,0.49762262078908875,0.6792869229376061,1.759054041063191,1.6899783880197066,c2_beacon
1.678040170340143,372.51617158886614,1.1433591811153756,1,0.0803100005314943,4.967867189188878,0.028836667989880847,3098.4739825483725,664.9988671408321,1.5179445373669789,0.0038179648351874037,0.3470578887905481,1.8113936027533033,dga
1.428840762124616,163.77062815247268,1.2274603823487589,7,0.04874505146883475,1.0809202887452587,0.21880804957322247,2231.6229016711454,669.5412020110869,0.8568454049958747,0.789055182417344,0.5814186684017242,1.6333529283835069,c2_beacon
1.11284623772541,436.3849219960988,1.668156281580258,6,0.13468605750219945,1.4666835869424217,0.25808804268824986,1378.008721210445,619.0342760182177,11.28423345596104,0.23262523251972092,19.256036921565276,7.483965750611496,exfiltration
1.5572484736143162,13.238446905800378,0.9323220756267153,37,0.5867353586675854,1.0287304141666012,0.1897760065135965,3241.9000724782686,874.5315288160913,15.337925937848155,0.09529766469879625,0.25631560579957796,1.9763829574162608,port_scan
1.9402700620365696,88.76943024904247,1.4331372688749162,4,0.11134118996790254,1.1270151200286163,0.12960174656802562,40589.29527418545,1728.8300079208473,17.538324106735743,0.07460607591331052,1.1859083298278084,1.4206603123963562,ja4_malware
3.9890417208045488,7133.253687872238,15.547441598162084,2,0.09484844424062096,2.9844328856018736,0.21204261419694181,1969.6379921455975,641.9718141444235,12.120112199163916,0.17584714657022157,1.0396713180802994,1.247767347676467,ddos
1.4571529548096864,492.473909662547,0.5833821284059771,16,0.7322530035961616,2.0247798013981337,0.10558689599890816,3422.8905252908717,428.4017822483111,16.655447936064878,0.0017247493579996885,1.0583596083491669,1.8562724845811676,port_scan
2.3469069970455685,296.11252046131335,1.658347824527895,3,0.006016949227735891,1.81764143910843,0.14987313510311004,2948.078932415189,978.1493592831963,0.744128147951506,0.5473830704205531,1.4748968419881474,1.3169110902700942,c2_beacon
2.2712405584403705,420.76124609008053,1.6927553058481184,94,0.6609759595433247,2.719545992051814,0.22359073775597738,4658.40034804613,676.4114566460055,6.933870951185014,0.11620752079643731,0.9517489354002451,0.5473965517984496,port_scan
1.77081485752462,226.6265249988554,1.134829998367044,3,0.05963026531381521,1.0885946417754089,0.12026678543377259,3008.028566617111,872.6756419856533,0.1406195211294206,0.41692957903716155,0.4401206784524052,1.296437461108544,c2_beacon
1.3638414821767701,415.28797238301337,1.512404903898494,6,0.11473365298132684,5.7738315172691035,0.030721642968557804,4396.972461482538,335.05866953108654,19.02317287180435,0.28557977923727224,1.4389788490383668,1.7592899920535414,dga
2.111406126105801,442.2375787288944,1.323213498953861,7,0.09132280389830011,2.997824615432405,0.18095200202567638,22789.24183081184,1317.682938030897,4.070746250139766,0.0799475327571293,0.9019757199074849,0.6028613581590934,ja4_malware
1.1289898189472463,433.4916947109646,1.3232256177779962,2,0.25658116077643234,2.699028564704861,0.1120909191978541,2354.4248575876127,896.3946961397163,0.17904576503284142,0.9016818395641855,1.4217917640246973,0.8987734568993386,c2_beacon
1.1207737442226402,233.88703549575953,1.8299235543705308,94,0.9778304706224534,1.2016461589077148,0.2308200276559406,1082.9761413566462,516.4563589221991,18.958709957088114,0.09040683912293884,1.346155876106877,1.8677617912431785,port_scan
1.5097569010465333,474.35967348231617,0.9327781235254105,3,0.12203872812298877,1.3056290653589242,0.2693157760689406,15252.059358456083,1795.4330671989806,11.159182908951836,0.20252389129868795,0.5686648059087862,1.8904176686855088,ja4_malware
1.7437119073778315,494.7431582871348,0.958192215576702,4,0.027642781074879174,1.7035222031410082,0.24169597240827284,18698.239414354633,1449.5859991296147,9.191238326329403,0.017713482823789584,1.3025699791841943,0.6013507474561899,ja4_malware
1.9321154388646313,106.71974305015442,0.8009995725955794,7,0.21354866806944484,2.5929208302025257,0.20869326015785714,2899.5765323085634,321.6923115154438,0.44571973854670854,0.6368217470899258,0.5509032021781755,1.129318744664125,c2_beacon
1.1023314521426766,136.83580822475324,0.9111422696515492,7,0.15644399694337027,1.2557738532975549,0.13613189092764197,2708.7202289014162,568.4388399373095,16.85016656232869,0.20849016370006512,19.865135710615924,3.321157997660149,exfiltration
1.1445864432302488,368.882616466956,1.9979142725178738,7,0.07512992601956647,2.978183878999805,0.24955794462933292,3421.9197291333076,794.3708781782727,10.237007874830796,0.006978132036530326,0.8547211632069491,1.3316748229947915,normal
2.323258431934188,330.8603066228697,0.724394141181856,5,0.23303747820289789,1.2984322525406615,0.15893359350867772,166.7065447076719,479.2890975208658,0.7992462016698305,0.6233959186709582,1.3586147423370134,1.7156501798689687,c2_beacon
1.4005795026064949,302.42042482377735,1.5342320369222446,6,0.061631088926028386,1.8145271382727761,0.10318145843655696,4257.512529259083,480.36033854342463,0.3786427135776241,0.7933660803360253,1.2109388834582797,1.8391633528585867,c2_beacon
1.2821205880026572,330.49276205113244,1.309319594117306,2,0.028061996851223115,2.714767446454248,0.28186504995079303,3886.960387427663,583.863320620859,0.8374266022420619,0.8412702470829886,1.225624491372783,1.4976378768442826,c2_beacon
1.4453147118569278,314.6780946317707,1.615189941833578,2,0.0776506911712199,2.3099918484029285,0.24632540308604667,4202.287591754227,937.0627718911393,11.521479791039297,0.08287384231017346,0.5493830462278,0.9332016002236698,normal
1.17179511030396,251.71208816682662,1.5520866518651484,2,0.02601344509295974,2.796240161002189,0.13315058936847052,450.66605030356385,858.7178039781165,12.921475712040277,0.17370483293705333,0.7071805240874358,1.6324281981229682,normal
4.150849723880949,6162.450052044594,6.3617526498299455,3,0.26841158984410546,2.6460337657466435,0.1453646876737667,1623.3802409291259,318.5989253549566,8.388551673282471,0.12111973352534094,1.9356755104776715,1.8712403918707472,ddos
1.9361089240666254,101.68421211586505,0.9771598952221491,5,0.008811851658135516,5.6712693659973,0.04793021843699671,148.6977804178042,793.1487573584641,9.180295334308594,0.12890826557889137,0.9616955803225857,1.339712976065264,dga
1.9685689208218016,141.90609908167616,0.5738622399986251,41,0.8264725858597499,1.8263342506537954,0.28083606268624073,1985.3231183084733,612.3099099418247,7.655424694686742,0.18418929326392705,1.2889618131600804,1.6643381604625989,port_scan
1.3276973387471958,116.6731301076104,1.826712026983247,84,0.643587086097901,2.6478060172348608,0.14098124314227609,447.2785189445956,684.1644608688955,8.01004586566713,0.1737239213294878,0.34677775485590934,1.2772457275843043,port_scan
1.6523824935206015,150.23179653103963,1.1342498779133385,6,0.2577169075511955,1.2495075657181745,0.22616932055957686,4036.7904093302586,430.3887956188239,4.625426876281623,0.21147586994353212,10.152518366215228,9.826879654050403,exfiltration
1.0438021175212646,149.00288351313196,1.3133749928922354,2,0.21744849985549927,2.0680380128073743,0.24973832615488625,27834.0695980296,1975.6299859528235,13.16585041109611,0.19337439353992308,1.012503991629672,0.994775790517605,ja4_malware
2.3847200506543715,5595.208785236826,14.326912264949591,3,0.2893624700080316,1.8429254837068154,0.24289064720144748,2701.9266163668817,597.0464426683334,6.588236191351371,0.040999891424497094,0.32292461300621916,0.6545094957820545,ddos
4.390958231946395,8048.3182775054665,8.122101550527146,5,0.042261839011433606,2.182954682140738,0.26669866174012674,2010.1162774642412,695.2546801233558,2.0396786062941343,0.017174450877494907,1.1236548842456344,0.7338001786664619,ddos
2.3270642079338333,284.22934006842877,0.8260341838356551,2,0.10693300110906943,5.050597026542704,0.0606414988815576,4878.506686594302,552.6342395905681,8.751585654040287,0.23957170428514665,0.867769925441074,0.7579385207188964,dga
1.6146544471363913,51.505307390837295,1.4808224734224011,2,0.25409735150811946,1.119231657547189,0.2692269870262921,39220.40446200596,1493.48166922532,17.46836705376443,0.11486188510965954,1.775727269200934,0.601209446379698,ja4_malware
2.411972341430622,485.32555250192775,1.4951678118762928,4,0.0750016495573229,2.0510076034903744,0.20327873237967753,4249.152939720561,301.5757130784879,19.570702838333816,0.26021724043503297,5.8736472571420775,4.290333873701428,exfiltration
1.8762077164774271,303.1817915260171,1.9560615167262982,6,0.08418659550830462,2.8446740851243044,0.13450847222053916,2266.0925357933133,306.0151764222122,16.254263497352284,0.11562126744528564,7.80331694566267,8.69805564483207,exfiltration
3.990515707157774,5930.511222411269,15.058916258109864,4,0.04885417591943123,1.7184293720290917,0.25501395561798346,1328.4370028523274,351.8137951906266,12.625280240652678,0.21527514116608398,1.4464528209990544,1.2647111088928578,ddos
3.8414178428662415,4410.381453979696,7.35859943269013,6,0.16609702268941695,1.1351068634653398,0.25260658669427827,384.33501461277353,353.98265844451333,11.370754681442353,0.1882596015561269,0.8588949981492955,1.9843139648223134,ddos
1.8744769826790184,333.1539741982642,1.2972698513865124,5,0.02342374436380343,2.2236475247758274,0.1465640931541728,1661.4938503417181,420.1884727787572,1.3274441461295328,0.09127041206034721,16.803960748636005,9.934080900497754,exfiltration
1.4514230376714097,261.2387115070545,0.5016011975341208,5,0.09366428187662347,1.8925000423226188,0.19382668739442338,2252.139678247602,967.694922965102,18.20673054428227,0.1879965546010062,1.338628195614777,1.0783341929656234,normal
1.9298658223464928,467.9739370979655,1.9966593801486603,2,0.17302413354980675,1.8104346345228903,0.16379997461521884,3421.4107587609196,670.750422439558,0.585012241724021,0.8653928963087282,1.9182119826302084,0.5534581694370584,c2_beacon
3.8104532722575017,3535.800103460532,14.89011264272358,1,0.023072499151624338,2.068770960116548,0.12348337764168263,1200.201007864429,392.6057245714976,10.675248249836978,0.05804684658319099,0.7999556524615701,0.9853873668046763,ddos
1.8068762194363464,101.74600153418899,0.5303840800850175,6,0.14850085539973204,1.205288252149664,0.11119635409670517,1913.7809233641929,940.057261376683,5.793632254730781,0.16961447607964203,7.686952527723064,7.325187409469178,exfiltration
1.1001996961428953,324.4595047304406,1.8042671952150597,1,0.2910577988878395,4.575427211030584,0.01598349210774927,3956.90722077663,645.9856245321121,4.981747846884392,0.026164919376173202,1.6727822918970854,1.1055763951042759,dga
1.9364347552799366,241.80718453533044,0.8747079171791365,18,0.6627964184908783,2.5197263546855995,0.17459177628858885,4784.088468396229,812.5007900876561,12.868981636082877,0.10316113122639242,0.42448882936212706,1.1470426511895204,port_scan
1.68837366330751,153.1090718541189,1.8654903652778787,6,0.022221165821611898,2.0434284283716804,0.16575598226114746,403.2388374253246,766.2696874973007,11.516769514752122,0.12258023028817508,1.9976518865366888,1.5578968248605545,normal
1.141700002092273,480.0125436938422,1.9855826860407237,3,0.18102178724628257,2.3286897368685078,0.11717724188751458,1679.4599867594168,754.371119430998,5.489511928822346,0.2173080284528404,0.5675395513556075,1.0906569671006072,normal
1.512511538339869,490.28572351624695,0.8213668360978605,6,0.10601857914646862,1.5764490929969852,0.19493171377333796,19435.813386395028,1599.9893290854502,13.639408986115006,0.0482112024746567,1.534025488159194,1.7427784339737684,ja4_malware
2.455669764315254,298.51700470945656,1.681311228595869,5,0.1412420383795945,1.7741130229395232,0.1800573190460226,35736.99241364712,1420.6154012429797,19.79954917020409,0.1242243205163478,0.4967900768271685,1.1549284245083973,ja4_malware
1.2755740437051917,330.1819783165214,0.7189974451377847,1,0.17155751744601824,1.6396645411826851,0.15979300632265825,42423.75202407589,1531.9349297203805,10.187561522453828,0.17425331136472605,0.5433050609993259,1.7140518952244925,ja4_malware
1.7119536140470353,267.56558348250974,0.7530401720312807,5,0.1034729289607502,2.1797649698420223,0.22479652786043625,4702.08140738151,887.4539597068757,14.88465563041967,0.16425532802586487,6.971003113814495,8.668042638523161,exfiltration
1.222658484880087,281.66411049956747,1.5828601692690145,4,0.2842479135134355,1.0242818018440871,0.15611772410654987,4679.94781655031,983.1262145969264,10.625611655437217,0.0878540517764126,0.3770106803703015,0.7932399424177199,normal
1.5128253124750297,28.575981851465052,1.275863255253611,36,0.7028921915249011,2.025088785409241,0.27379779839576845,4562.31069040378,585.8686308101079,2.1920820009382767,0.054735749338858095,1.1987670558641377,0.7628085637699167,port_scan
1.6403925605129983,371.7430263642886,1.5269573685221205,6,0.12975825718081616,2.316057473807742,0.2967228427673454,3124.9151820064753,859.3759125184066,0.09720680340943119,0.7150444710070119,1.6463991084807468,1.3745173313199568,c2_beacon
1.8195173874021644,275.33787343048334,1.9933324560003933,6,0.0985210697122731,1.497633746676623,0.23798703948401562,15415.470341499704,1826.7001440864756,13.074784689412953,0.019965384681132646,1.4401178151165035,1.4395978113028163,ja4_malware
1.0372892370793845,130.57263963741985,1.20493391043101,5,0.139176685833015,1.2860148026527702,0.23078108612421266,4150.903106050715,338.34187517330525,11.190075767229944,0.13953057853922876,0.5772736069881976,1.6335447641363785,normal
4.860401148584975,7267.425094585962,11.865353196651178,3,0.2598288518635455,1.4613450819785156,0.15777058406231467,1838.8009726037244,959.32280851411,7.61845806713993,0.27331714920630257,0.6353193812716595,1.801701469049598,ddos
2.0086241754412466,301.3276318167878,1.2231020333830604,1,0.0770651578022041,1.2355389720400005,0.1478397369705138,43921.94264723004,1589.1513112179243,17.314869978784678,0.2999333369388712,1.3392815447708317,1.601501166807215,ja4_malware
1.7464114124108672,101.28414458278854,1.2186331539951,2,0.15938474533078711,4.473996319144069,0.012172272027878699,4169.673553233504,737.2103986805942,5.729516102582483,0.03395569771072175,0.8383543768293307,0.9632252030263737,dga
2.4206382237535093,133.2492837939471,0.7206410764001567,82,0.8385216538948852,1.9534657751845421,0.2445425811995429,3673.7102208806386,948.1736539642878,12.83771439597313,0.1581202409107372,1.7582881851832004,1.0044390035807251,port_scan
1.9243271250730365,74.02199643378401,0.8705553446519134,6,0.27595877455981915,4.661797298213976,0.043745508674386445,235.7268095202038,554.1536978825925,1.7408982279148377,0.26632624402050087,1.2884746525448172,1.6508090403013664,dga
1.61988683819358,176.77244445601102,1.030960594220106,1,0.1381424013574573,2.0752367749777285,0.27193576476481707,17210.685412045535,1387.3830823413166,6.5870201016119365,0.1274870163563319,1.8223126503879141,0.6565427137463238,ja4_malware
1.5245886391542343,140.23668503509091,1.2137496579294322,5,0.21567939158442953,1.338469587616901,0.16458288211327593,4062.999652282256,547.2398677998319,0.35539673141481404,0.6280109079261852,0.9119355437075904,0.8726313462134615,c2_beacon
1.8746603752049147,457.3291804282006,1.7690848382889361,44,0.7237992150152173,2.453151958404084,0.2035980244010643,4513.330463081507,644.6420682074056,15.76942777688412,0.08889338636143863,0.6278920724160912,0.6202988032300278,port_scan
1.6751068406001544,440.06987522688854,1.0447414265171047,6,0.1170652359460436,2.8996041445717013,0.11216104647461878,768.0159288331579,869.791503443631,0.2830725575429467,0.9382385024700406,0.3511757410172326,1.2239236437270273,c2_beacon
2.4308846078242574,59.93431119028454,0.5792574390551415,7,0.2774522777444256,2.1029782481348107,0.14557885895831243,915.9891562250164,793.8780133601854,3.6132120060757207,0.005623618849688194,13.278215426830823,6.814642929694369,exfiltration
1.6550760838485434,274.36844327822257,1.100092169202133,1,0.18591581681389205,2.8384911644344513,0.2846625124620509,1624.9932351006967,888.6611271091456,8.54213920825851,0.16571543679361603,0.7906583288626299,1.1150757699439664,normal
4.341918035903321,7740.3593808104015,17.50205005303841,7,0.268120802001725,2.526375152152003,0.12319258003336651,477.1440250389899,847.0138156829706,5.903006163467265,0.22208068004416068,1.7056184575438673,1.8759586046145764,ddos
1.1284241092186422,31.034901651074726,1.2230899202752203,6,0.2835396117188514,5.264586326816637,0.06295182208977543,3243.3647680114495,753.4904593081001,14.612209957277479,0.04038071989747311,0.8483204691771535,1.8796876150086796,dga
1.7465210000171814,396.64298989604265,1.0787513044675743,6,0.09222036783809455,2.578106490654714,0.154046111591477,3730.557183845387,828.7444955444535,6.985048470900988,0.01514413367691949,10.26784089457578,6.671465532376544,exfiltration
2.186748474871684,465.4045129456977,0.7417906785344642,2,0.21296063605939577,2.0633877093250965,0.15196015622948025,3737.736184584309,325.8261088260588,3.821559115084538,0.22377692994584997,19.822729128379706,9.911084259179601,exfiltration
2.404191195063616,203.36864519354032,1.477504201902491,4,0.10170232218086372,2.120747791935746,0.20834771433264565,4437.298095505821,663.1394082514163,17.13977455423906,0.13184452997366772,1.522729377172886,0.8674712884852435,normal
1.1873855189584646,471.35403980166853,0.8280563392274523,3,0.24546820578817719,1.4775706587173665,0.24540218119227108,1805.2637718882459,372.89428132505765,6.424670842117908,0.006796196312381209,0.3257094664883058,1.5791879094980454,normal
1.91655196953402,361.1130264226728,1.5019155313061276,6,0.16112183955046347,2.5349480746668553,0.17588352827367487,49042.07381339584,1409.3358793058312,18.028841165669366,0.2869470398051055,0.4092503296516148,0.9893419805649362,ja4_malware
1.4508081251310416,163.72772120831527,1.3711757223326813,1,0.023350459608168218,2.6638705169476773,0.24260562821301948,49246.25754609945,1924.1571227909453,2.8069419204119264,0.024856266889091393,0.8744927731492778,1.047806689664142,ja4_malware
1.6161469124297805,228.81424167413107,1.5833882236745929,4,0.2369495109319279,4.555122126347285,0.07267305353234738,493.9521520399217,514.1255287719728,18.15691674501409,0.29293586074117994,1.943538967601401,1.446193234871951,dga
1.1827487569427966,224.8092667062545,0.8902769830144871,3,0.25493675934151083,1.54631308145104,0.14958939833217694,200.1706173994791,374.20174476396,1.853886666674934,0.10827083804738488,0.5454608753276192,1.5020839785301232,normal
1.0134520850852198,319.4961787762188,1.2579568212915975,7,0.16357987513100808,2.934305213795864,0.1316642673024109,2214.879731297358,567.3277768707849,0.517954874984838,0.8246245647367014,0.5702492443935492,1.2998870892588454,c2_beacon
2.5864641192814757,1020.6058361168988,16.08772440564737,4,0.04697881485616618,1.7358456600736378,0.22062604503564287,2827.848302194352,947.0088891101291,9.181982530800564,0.10355567161819247,0.9775447694693269,1.1540798285992877,ddos
1.551267715172692,296.4730287257411,0.5069281982649914,2,0.02721052982699058,2.0331490096860243,0.276561866428916,1003.7852083455223,710.2958686217517,16.45700444203025,0.043474247057501955,0.5144312088571548,1.1021275091652185,normal
4.735979513931672,2508.72657140752,5.792089738599005,2,0.05390460461389054,1.1011888257982065,0.20403908672670346,1056.704883273339,839.7230976573624,15.445999938085526,0.028325864734243988,0.429608056034324,1.1358116043169035,ddos
1.8940638298515593,198.40714521506476,1.5192905138134367,1,0.07250987939433928,1.676611049205928,0.2212501238900283,2858.612986125248,463.95797334774306,5.588292151814086,0.04818683244286104,0.8590814620443559,1.0048155138311345,normal
2.2876681429002934,93.95887323920681,0.9483017501301454,3,0.04944530172748818,5.227965322456214,0.05070224306989284,771.4015985141795,343.97544112340785,8.094897933296515,0.22120620181951064,1.345259043851579,0.5785596263575667,dga
2.2531394863179433,24.697988316566324,0.6188109604234686,5,0.028208454582723707,2.7009686569174756,0.26635019069071075,1689.3374192266256,850.4033368039858,0.14528434463634546,0.5122262377456895,0.3833267499199451,1.775595175974788,c2_beacon
2.0595212876035447,125.39609027930494,1.7183735188312417,4,0.2916495866721995,2.9989619565520025,0.18788573591908062,715.4463929130509,582.5414700749877,11.989236112670909,0.21836640909361646,8.709596254995402,7.880272626439284,exfiltration
1.9657976801209969,37.228279284370174,1.2091759591384972,1,0.0635316490398931,1.9167525823230251,0.12010440028334168,451.7077559977668,361.87316479224825,6.379566451362711,0.27658930026096273,0.4787559405719046,1.6169689463023011,normal
1.3035450471928454,330.5101806463548,1.1342004988201904,6,0.2980567569437529,1.1034994912077696,0.20505663271453664,1796.4508312693486,319.7536725241298,11.29512758212167,0.2658654940168212,0.3390788544565766,0.546000467696045,normal
2.4377854852847047,87.4025308200875,0.7000436992146122,5,0.21493459724326183,1.2100635760244693,0.14359910573418003,43138.006653429395,1701.832139167455,19.149817723704253,0.24640430994383225,0.5862127673658695,0.6570862960987114,ja4_malware
1.4691617868324887,462.6108342006206,1.7122973290840924,2,0.22804986165020177,4.795357067876221,0.049032162816285654,3647.297590985936,619.8513984794374,7.867044767801596,0.032329925668366954,1.5593837460595457,1.3347823185710637,dga
2.137429202650725,317.55303143255486,1.990417664279914,4,0.14092737524558374,5.109633746261938,0.014971438183210548,2334.6096913958877,408.6041879306608,3.5943129143954002,0.2701592497321639,1.4838943195441066,0.6800664485241457,dga
2.363302816685723,146.43281926539512,1.3051336953079011,3,0.06765232363072074,1.549190922163302,0.13506263059562776,13390.534026393381,1827.507625113,14.288829180566125,0.2578503230146393,0.5131481366796293,1.4525489345261247,ja4_malware
1.204686276660601,64.7103332520835,0.5373198481271519,7,0.05320854337734627,1.6453517936233681,0.15215656025959778,2127.997457996322,673.0643998505818,3.816351717748441,0.08824793529772908,11.200880267557157,8.685743867625792,exfiltration
1.4004465165031312,167.2229001487099,1.0191046512318245,54,0.7257172560541989,1.9310771319791562,0.11653838317878971,1190.0653715894068,943.9688251766433,5.33206847674524,0.24545343478599344,1.6689514889481452,1.3538884710902612,port_scan
1.1788262892966168,68.28712226270355,0.6609685442487807,6,0.12484850402018724,1.710563079105554,0.25198527951881805,4270.081237241157,534.1240245436531,6.079321574693877,0.029629457314068672,0.32340820891672545,1.3475741693781966,normal
1.7885334389247767,256.4808293173006,1.500509152619875,1,0.14861921981570195,1.1839918009337818,0.13028145642622718,47969.94616289417,1833.8968775555952,14.603865669709469,0.06811772136909859,0.9831859810429731,0.8133057809961877,ja4_malware
3.5466097146776634,5059.734532128118,5.63579349287474,7,0.1919530200368495,2.1112437623838365,0.10943491130302292,1199.9083213145632,891.6313392436938,1.799871459079125,0.2869525113092164,0.5789242627325057,1.45950246519253,ddos
2.3800042669919232,338.0126860858746,1.6607604422704045,3,0.21975943341622486,3.7460791383662415,0.02867747226493455,4106.075449352709,439.08534063274715,3.3116751104231468,0.20100524905717834,0.20008497769259864,1.2238247857151592,dga
2.2945238388510303,445.06541188662663,1.1415681447903712,68,0.7488460098285195,2.4230063006553877,0.259060833777664,3107.116000781766,824.3766974387926,7.056676524747025,0.23580488658567494,1.9928392232979184,0.7751227458808229,port_scan
1.813185210728037,140.4874686514901,0.5021645114901525,2,0.058914550965284994,1.6250038324730198,0.24071209078237193,1194.058094439083,905.702676293472,7.768321687339602,0.28397827913626805,13.385579012984936,8.489338280954666,exfiltration
1.1629685637452596,240.27184449851285,1.8206179804740503,63,0.7204360058133,2.6331266589080915,0.22140396114091648,4262.948828276887,327.0771154472467,12.905229133208891,0.20925016687828246,1.303115683012655,1.5094838699933195,port_scan
2.167136788807099,33.62400556252612,0.6188506066439514,5,0.011042354450223169,4.962395519618216,0.07156959357686586,2818.9070620400626,738.7546689045304,10.811512994312968,0.22905067377244212,1.487900253342848,1.9361642348763084,dga
2.1850784014013174,394.7192660034602,0.5409728976728916,2,0.13388437167012926,5.985534396584993,0.01976059618519322,2265.65078707861,794.0396789677715,9.330319590470191,0.1267176945953559,1.1630428061954081,1.1242799783274848,dga
2.0608359009406008,177.39871018818386,0.5682865880848433,5,0.07037906090961409,2.1428527543766975,0.15037953962571443,4720.576711911699,857.2412100515267,0.40539933392114047,0.44886511652186706,1.45711150475903,0.5628137640341362,c2_beacon
1.4491433439567318,244.72294010627746,1.6825072834837798,1,0.10126161963935211,3.831911183992078,0.022614934602974777,677.916470560291,462.4853796558633,2.6923068338340093,0.1970580151093446,1.680361409988174,1.5628332289533553,dga
3.416569990572988,8333.282066433458,7.782091683233054,2,0.29209012987440697,1.4159441396129506,0.28288523112652675,4116.861184232165,538.0890581904392,6.093898225211922,0.010612619017262159,1.2790160536682127,0.6558742473032884,ddos
1.7346365215880977,240.62484068439215,1.6976410771876007,2,0.22693971936953633,4.00902030552455,0.014485965647200186,4530.346064471098,712.1535694542385,13.061415302637474,0.08441863343836441,1.4873280978488455,1.9319236543257807,dga
1.1796003827516843,368.25662855986974,1.0651010118123145,6,0.15997494294951245,2.6385187711199727,0.15103730245870844,1704.8091837344311,879.4184689020143,6.769257556224534,0.18364496271285424,1.4795978289130816,1.0739832557212057,normal
1.0342058065445463,63.54832264613342,0.9774895814435305,1,0.09920309908390576,2.524502696607023,0.14436466043493557,3457.712417318028,327.5235681232893,18.390266905006325,0.25363736961462846,1.6023867297218604,0.5630459621479883,normal
2.2769884288891546,28.72613139307327,0.7782004133225551,5,0.17713292838739217,1.743798951743913,0.15718425095440958,25908.62208425244,1426.4585755236285,14.293080823300874,0.0191835496789858,1.5720264377721163,1.6093206956162636,ja4_malware
2.380158746515327,464.046110207955,0.8852880692630227,6,0.28316326500829425,1.8384034455179323,0.2185471071520681,3160.395694690362,977.453287176612,1.1059711714220553,0.2571359927706106,6.899172890572777,8.115643769139819,exfiltration
1.548802921130481,150.0472909996658,1.9261915231396969,79,0.9046986176729699,1.8334225408171518,0.2587255078546551,121.21733573888761,964.946159367149,10.082342041368225,0.22135194632961544,0.9556667528211515,1.5093338458575885,port_scan
1.2985133004036644,134.38109286386637,1.73457810303462,6,0.00576181654324962,2.681370412307163,0.23377087985664596,967.0549881821651,564.5504879883156,8.519908439161565,0.23838077370178132,17.16178329273728,9.401013604072128,exfiltration
2.161482124212765,434.13054426730383,0.82148960428248,5,0.07937228334637848,1.3949641037265563,0.13189861435217123,1890.9661612846508,712.6544312824276,3.584521459197223,0.18044026055234383,0.9928142213892801,1.0800580452682607,normal
1.3483666607113896,193.71240730091833,1.0913191659293138,3,0.27034469323740506,1.4455162095638063,0.10159213625243049,41334.84013631271,1585.48345402721,7.282413441042314,0.0021304287343424932,1.7928600937274604,1.6800089294666853,ja4_malware
2.4484987699080136,274.0602662813061,0.940219940349977,7,0.07731156042551195,1.231530341244299,0.21757336311609043,3937.434504944896,988.591194284699,0.9702307685347178,0.7962278662097786,1.5651108306637396,0.6648571951099277,c2_beacon
2.0245734298636817,162.37113986117544,1.1047103061786228,7,0.14029573573506374,2.2967953704067225,0.12704427240079721,615.7622095372735,973.2831050346573,14.300192927281056,0.1966474105676905,1.5165090411948956,0.6314343671098057,normal
1.6741237609392514,206.22565536272302,1.2795301186687724,7,0.1017065990972951,1.5799622274675353,0.10238496231863968,4889.508976820711,570.6922341323229,0.13765753679699885,0.7854661480657907,0.8664906827552294,1.7461950135223319,c2_beacon
2.456047036592355,85.27032053971105,1.9877115747464424,3,0.1892736023317965,2.5091405908792623,0.2774845796273473,3244.1359862799595,776.4786429657837,16.3315365785784,0.0013202765710651708,1.6854152907786055,0.864201395367916,normal
1.614159597072953,40.465394449779204,1.797595814676763,7,0.005730586589791841,1.0447972024255416,0.18185407188444264,4204.836590715207,361.6338442069464,7.565369977034912,0.297443313933728,5.907080088859486,5.461457620307293,exfiltration
2.0083175747481086,342.2584244134363,1.2001114649053275,4,0.11992387377439663,1.8323265918874945,0.112984015764106,4395.829371472247,792.1863811115556,4.583598164006766,0.11030179457415545,10.071524192650822,7.953677590063584,exfiltration
1.592437745570497,119.64562409764174,1.4382941519642984,81,0.5135524529604709,1.9937496530122572,0.21046768190983717,2780.3642913378358,927.2307841273683,13.448599417910675,0.16490463663502325,0.21061574466505442,1.3742391557343814,port_scan
2.3078814907983554,76.93213430256124,0.7326766467781032,7,0.2993299567864526,2.3251391844382225,0.2518626104451521,512.7059313695285,553.813466522143,0.018100489588456302,0.823259049334764,0.6666794317501844,1.274920931727285,c2_beacon
4.420435740893649,5501.375134631469,9.970509432480611,3,0.15574457597567634,1.979411769929729,0.1292270811842172,1975.67866905813,944.6672312330072,3.1119308829750105,0.18323747060405637,1.7227845496825707,0.7187908184538234,ddos
1.0565559748799211,400.02617257572354,1.5259464573961226,4,0.08172160474054524,2.1979484341067277,0.12788987290487505,3741.5824337662707,823.7349075132275,13.727522677794273,0.07278135994136936,19.513186046766904,3.44189508303152,exfiltration
3.608186323706795,8451.430579365238,18.05844465754744,2,0.006593003682305853,1.5526156413482872,0.13250525060431614,417.5577246610903,755.9714113935067,15.521280500134923,0.22064273195948292,0.9016995727077022,1.779164964878209,ddos
1.9844035589912352,57.51916546568486,1.5572574845647713,4,0.12532298590885188,2.2285637009431567,0.2973182151698182,1863.6701097775456,973.410054673202,3.992835081885033,0.2149299527267715,1.3073411689943313,1.9714714115237213,normal
2.104832833150186,2475.9975345833695,5.418733176065778,3,0.15287025532849863,2.553753365119065,0.18018527653129718,4793.5428922950705,448.8786133002763,16.470135544394687,0.18573393548025827,1.7620947022051479,1.8955804556566698,ddos
1.0258547046398945,115.35888756826587,1.1006364940438447,2,0.2333491440099827,5.205426438462378,0.03904496309797217,4287.11356822199,780.9866116975145,13.888139016668715,0.15176812935195383,1.6929475413870418,1.217503105977996,dga
1.858619724937956,272.91832665277377,1.656159820498055,3,0.29992960107430316,2.9439886854035406,0.17034047817005268,4351.229541308643,789.4895663097566,16.077977238440518,0.13535653366005973,1.5900813257734248,0.5484932987672491,normal
1.4685499620730615,495.2576155198735,1.4943645713151428,4,0.20667043573589164,1.6152569708482607,0.29768948276638596,2508.672259951295,407.4651766518392,12.207962198528085,0.28661466522127454,1.4026996583464966,0.6712766060967802,normal
1.6928158453770812,176.03926144870644,1.6438851379439612,2,0.12958369830014457,1.7391432127135154,0.1540940158764958,4427.321721976025,327.95934756052844,1.474006655426363,0.0032261152800076576,1.3985366714411693,1.2689198720804429,normal
2.1837799523463293,270.75224938572137,0.7389102218817094,2,0.2532518393220696,4.549677180492483,0.06771803721547624,1533.899742955546,581.2807524451946,9.592507465188072,0.23167683739856804,0.6298550907554636,1.6819155037322853,dga
1.2910958017782148,29.7336039997416,1.9415763617061677,33,0.8134862358992865,2.6709356884527606,0.14738098109595182,2219.3444132718228,894.4560006163789,3.6988257136267064,0.10787260411109836,0.9726236902059089,0.5725120324640782,port_scan
1.1276649058263155,157.50633041923172,1.8107215615625023,5,0.29604067956571095,2.257250558164045,0.22330837701233053,1254.369098754545,542.8929099547947,12.683880445459174,0.10995164536772768,5.898733285030329,8.541823180999476,exfiltration
3.0187174520670528,9473.147695488364,6.025661680523621,6,0.06991176617957488,1.4876642387529946,0.283340078152393,786.8513455717695,638.8522283559972,10.853272428032216,0.1730253577184413,1.1789656217878748,1.6061014182790718,ddos
1.355117306656594,232.68414084634233,1.147278505531032,7,0.10344937781965136,2.380991102435626,0.15077821758447713,2420.0294697722,748.2625069423657,13.425489787621697,0.013927213433286656,1.1338656484768401,0.6866637917443467,normal
1.6513074275835613,361.994586005109,1.5499197826463873,7,0.24151567722676706,2.7617169455489297,0.15608841370830046,3228.6732654020075,529.2113108227308,13.612236922725579,0.12907158601365146,12.512110975873714,6.213366277096858,exfiltration
1.1567082317399535,173.92558356518495,1.9814557009641733,5,0.02890247262971539,1.9979966461577765,0.176576472568979,1419.1717549648668,729.5287057039677,18.079758349060047,0.05588882803465723,11.013993645281564,4.1363498991020275,exfiltration
2.1972907656633685,184.33091059603663,1.6031889793131,7,0.04813016551348052,4.494261969100304,0.05079967796639071,4868.373877213784,793.0402801166668,17.62810899791704,0.10935422326309022,1.7533632659952085,1.8926620227035844,dga
1.4987518886534625,111.49976008508905,1.8112601568897015,4,0.10505867592893943,1.5702254865978114,0.2918651232121149,2406.22910281614,463.13128050904083,6.252849534726532,0.044451524255715545,16.893499718264252,4.337383801925713,exfiltration
1.1882711305929108,328.13687845008883,1.5504072092445458,13,0.9748374909844122,2.165943923290855,0.15289342571040937,4894.172796823166,457.08531324212186,13.689368081762536,0.12080183119074585,1.4657333491271443,1.491318162660341,port_scan
2.049663916883599,246.19507219731176,1.5092800920273401,6,0.02632781483146518,1.4527950808226682,0.24958032042963504,4178.595156478505,429.8669327423351,4.68205964267584,0.13461945582487775,0.5569364215999162,0.7330994993481097,normal
1.2853040263955307,98.86265571415204,1.9066500779710087,31,0.6974501959955943,1.9021312794483924,0.28231922712269425,1799.026424542947,538.9345249617301,10.311979329147192,0.20466188862614287,0.6739762181812314,1.5091089033156,port_scan
1.4393430595963996,498.41483646189624,1.7489000564475214,2,0.015153551381972262,4.8351007581883785,0.07236936488608313,4546.90804935948,869.0305424036297,19.090013069839756,0.08654843093770843,1.1266525826839007,0.5467786257449174,dga
3.7024234953692474,1825.171045174563,17.928209178629743,5,0.04820471783338868,1.413765861802134,0.11397607269635442,2551.599595979783,796.6090923704706,10.36701230787643,0.03215595291365934,1.1578295574148891,1.991314544913768,ddos
3.4139154516525085,2155.460305365006,18.643435655347076,6,0.09579865991614146,2.8645588951061733,0.27750244304038485,2519.6772951112453,377.36833259281957,14.624540198025741,0.15920336145362257,1.5091195697042543,0.7301925700635382,ddos
1.9494367444117344,356.88321893540984,1.534565042407903,5,0.1297823067227318,2.2683851210668955,0.14658852908890166,4492.415667012296,504.41680607010676,0.7576896648435821,0.7213571910757541,0.3252945485714064,0.9737554142750241,c2_beacon
2.008470853978324,120.09638850842363,1.5415050597211184,7,0.09043852621978753,1.223925801550549,0.269797104271787,1418.8767564281789,569.0767007551473,0.9050034221613678,0.8909187995196651,1.378992949972634,0.609123009206044,c2_beacon
2.3600376504134166,359.8484442960522,1.278324192300441,6,0.019964019436075276,1.2643419338606545,0.18748190733924125,46234.2259778571,1227.958875994495,10.778147652854933,0.14094658907477545,0.4701485615488886,1.378975210535649,ja4_malware
1.33042958206097,143.03230052944485,1.551631285352614,2,0.10912791550717818,5.887051292269927,0.07498569897213897,2068.8191086303927,879.2233823943087,16.97491860886384,0.021808442244480118,1.6121982345286068,1.0083542160759205,dga
2.4060688763742593,34.51477598270441,1.2180508713274185,7,0.22625180200777595,2.5273003141062547,0.23256470828246573,3908.397454287643,753.1260724725189,1.7747264643923217,0.1295840574227422,8.25166588189807,7.844762155301275,exfiltration
1.9329699270000127,10.869930558004278,1.1559067269789414,4,0.10442318086346578,1.4621751538546908,0.1552856997483711,2684.0149553311144,561.1287456639469,0.7964712118962807,0.7417789938750698,0.42753041448542695,1.736784214965615,c2_beacon
2.267402154217596,363.23090784016193,1.9084179855652101,6,0.051139557005531786,4.462404154894814,0.014070401044867042,1521.1651029936272,362.68145375615643,11.495963871696864,0.07891274679408646,0.5009642837080194,0.8001346346797081,dga
1.8519519395828699,479.0689615753914,1.2911575744801083,3,0.17610222015377405,2.008500749098861,0.1324914869589217,40539.08241093671,1559.1478023203395,9.475843159075326,0.0900240708770003,1.6559084678433136,1.2180940128331224,ja4_malware
1.7215988028265656,326.13864077648185,1.3465789074187597,63,0.8469056519357431,1.7029257307632732,0.1522291157809242,330.2616463640254,635.5408423287579,6.161218894775441,0.21449008939769268,1.8089717299147368,0.6462828347680956,port_scan
1.4492585200174752,338.57350672734657,1.7119450197283028,1,0.11935401738288899,1.2335049521298413,0.17628390384993756,3328.2659290765196,501.3129176641378,16.42316847154516,0.19574723703002217,5.495417883624171,3.296148750312571,exfiltration
1.663539650134069,57.67419178573258,1.5037958311157893,7,0.0559460320922447,2.534832069384342,0.12245827771007022,48691.96720117281,1655.3429633957423,17.072401907463508,0.12266447354038827,1.1043366329371638,1.3226205172228838,ja4_malware
1.2953943808602097,436.837386872762,1.8214162677834755,3,0.047588060169472014,2.972392089074311,0.10759225424586272,4311.183806994756,410.4854956459547,14.208458807259138,0.08942984551886059,5.588313611360186,4.25723999308139,exfiltration
2.126328320041933,374.49726912357875,1.3683915550526395,68,0.9122089949657946,1.4753341631703736,0.2301116364654649,1261.728569588158,755.361307471362,5.970457181062719,0.12448701078626746,1.970989311411602,1.9682857023484954,port_scan
4.862868313606761,7089.181003178239,12.632939207403506,5,0.25028966601380576,1.6889554069828747,0.1927843289287694,2556.834522858998,709.3097083690607,10.063301923912833,0.05180419457369234,0.704615693292493,1.0945720925091138,ddos
4.36101056381689,2875.3939600142235,8.909207343280823,7,0.013257245748444878,1.7847659316586297,0.2250502015375684,4062.573059621044,776.9387440072555,17.96287490161569,0.2718890398635785,1.4777001991139482,1.626102119829889,ddos
1.395431714465419,93.34268229703932,1.6659456566066457,40,0.5447397884380663,1.6740947562968778,0.27903806349519156,2767.57221822354,884.7498344057882,11.387603977535784,0.0009240083750575723,1.4842669368500452,1.9532079721616324,port_scan
1.945711877319961,87.87686744131602,0.8390965710098619,7,0.00931076775167714,5.444261810836186,0.028159094349637454,2750.0908859856618,847.5690086934985,18.15981508605345,0.1226168940366055,1.4820288003462188,1.5807308342101993,dga
1.7444450719202296,200.4677385199311,1.613826724825809,4,0.06927244355629716,2.540134356624706,0.16970556708976392,610.2704895281347,896.936471325913,16.610716495033984,0.0868657071656351,18.53308597273371,6.344538207353519,exfiltration
1.664575247729168,169.47861769978766,0.9569038552085052,5,0.05629038784713647,1.0591872238913769,0.2441457477421502,4806.393429635861,410.5110816176908,19.522164546896843,0.12884554049584085,12.916134771596006,6.8435353569667425,exfiltration
1.93311029286661,249.3457849623723,1.2918196675337832,7,0.22092508334134686,1.2749888619915932,0.11633546375195658,3433.7300648593946,707.4853579380725,0.32668489109591514,0.42595384091697075,0.5735304558216745,1.1031039326051197,c2_beacon
2.225583631796674,366.3870482195757,1.6188866176798133,1,0.17845103045808794,2.896803850425,0.25795524434870276,564.9166683164303,931.5020245176593,12.545004709023278,0.058318310594498976,6.547418794519964,6.887406843159777,exfiltration
1.6427944259644816,60.80183898542109,1.4391649490347498,62,0.5430047140429408,1.2905243794468704,0.2525118450245699,392.02063027340114,650.2913562365736,6.278634684180135,0.20388498735827915,0.5900814895941632,1.0622838377852823,port_scan
2.279913717909756,203.30980885094098,1.0961117211064373,4,0.13802952208241265,1.9979710990939363,0.23589620098326894,26438.008476383267,1302.1394137817192,16.708505271574285,0.04713347112655336,0.6033782945983744,1.0808588270535477,ja4_malware
2.1701267316051047,26.054737246007242,1.7247259732167834,5,0.23395647446144419,5.572803963346678,0.07763532628186932,3171.7775111832184,485.6746960636745,15.983764759707269,0.25839381608724826,0.8457482040238571,1.0010852296837245,dga
1.7328760680272999,222.15652150520592,0.8184157082611144,2,0.2908375751176763,2.7282167076306907,0.23016245300880694,2290.9151961948014,401.4877732379998,6.293714624955276,0.021240141532097665,0.31327402334698384,0.5702074127232057,normal
3.637059208123077,7486.65378682484,8.99354552903441,1,0.13733488206405584,2.9483577431975254,0.2214665911488688,2667.282568152242,761.0943461424639,15.685699713795211,0.08561234318698784,1.7244518108858045,0.5799158494862183,ddos
1.836341848760515,445.10012122263026,1.2484172884194529,1,0.12094595238830391,1.551295293682435,0.23982838866386777,28718.7387987358,1938.050988077774,18.73075986885417,0.05029357720548768,0.28742126172931004,0.8267353198586949,ja4_malware
1.3519479275347273,288.34360788167163,1.3536855873434577,7,0.00746765645739893,1.8739219672870566,0.18306497610877243,4494.812796634881,495.83057931315307,9.021898382647809,0.17956399293213618,5.349261153288846,3.624886462090055,exfiltration
2.7097478730789684,8623.935525696506,18.49842570783803,4,0.17481928700429392,2.1970212693631685,0.2635515988029664,3891.4296286120784,721.0450744254813,17.14852218316117,0.21184330089237594,0.3935436380692007,1.378449326003001,ddos
1.7176142967940036,369.39990663459116,1.7708530181034452,1,0.08067833523250519,2.4089144911692624,0.1706814105273875,1413.8585482850626,974.9862345808988,0.48910463842021284,0.9341635055949511,1.187826519378852,1.2002845597662448,c2_beacon
3.3898505816157076,3428.8807835514035,7.528044668631347,1,0.27858109146684973,1.2548615218770771,0.2970091751370436,126.89314105949296,362.1683174098055,11.080560336511915,0.11927136268840377,1.7149821741541071,1.0850054295697626,ddos
1.5670412733593626,138.66568533304013,1.0256091151135016,6,0.13181126337054003,2.9416151859205266,0.17127576603960837,3107.964408785003,358.77876954325086,0.2928117577933358,0.6804687511752125,1.6769414820704782,1.8035058247986837,c2_beacon
3.4224132798241516,2693.630968018835,15.884417988494809,1,0.06210768020296775,2.764099103007408,0.17933451978501544,1529.5160030819695,477.25583717326344,12.57453312128643,0.031227224987763324,1.8579847942230783,0.5001873598057904,ddos
2.3125813934798067,41.83364369354058,0.7731437414197275,7,0.06250063539335034,2.77773709134831,0.22315793261651728,27095.75030449269,1481.9516960110877,13.632294258651871,0.24976197560208646,1.2655275820517433,1.2190189667474458,ja4_malware
1.1873203913493073,406.60937154306214,1.582720699166045,47,0.7772893216497858,1.7729654059888282,0.24876965994377268,2972.1960338511344,612.6468551664282,3.979864256842537,0.043536039599191396,1.2562908153523062,1.7047692466317916,port_scan
2.188096315352264,403.1403987600842,1.2373599194437856,4,0.031310527097675254,2.5866664040624263,0.27069216613416824,726.3703853446297,738.607565179739,0.42924910966743307,0.5126033522801278,1.1316108958547586,1.4510170558591258,c2_beacon
2.808379368181065,9997.222098711323,14.42599344287627,3,0.07493784258150409,2.6376677308521024,0.11590614049616088,4524.420231700134,388.050448747785,4.3328375797447665,0.06857008213150047,0.5390576950442584,1.0088253848985078,ddos
1.6405155932848925,54.62695173061463,1.1090113046771115,1,0.12889135963691084,2.535453377859206,0.16665457197371886,1211.9830333448094,400.39946058149576,8.698960147613434,0.02913602899744304,12.82412676010173,5.436613537217196,exfiltration
1.5767834311721916,370.7559325513527,1.1965238775191538,50,0.5330035950584615,2.0435271702275797,0.1047812477921851,3150.90230560529,358.3290073304215,3.2171215108667597,0.07200848393690876,1.608780323810395,1.853451612301351,port_scan
2.450460902757341,332.1862315256681,1.2698332109004302,6,0.056327538321637935,2.7117410665165216,0.13501581173922378,31023.70096327972,1895.3570478354295,10.675913256092013,0.06724343524781126,1.7803894478250153,0.506513800801043,ja4_malware
2.0348182542263173,318.55533446490824,1.2846058923860382,1,0.14252245297422603,1.4946564774436917,0.1423769187130757,48444.82422226132,1885.1747222968547,5.951850232137611,0.1565397171086426,0.5245563400874483,1.233466640139663,ja4_malware
1.768193449339213,407.7114460946311,1.5508302138705965,4,0.18738783031580883,2.246702292777358,0.1724811210594705,4803.708768647063,510.01406231267504,0.3257132515126554,0.7739889212780254,1.4762958534835051,1.820552730748456,c2_beacon
1.771308773238705,340.7960104519624,1.9197876333501003,5,0.08141701099302735,1.693104641055567,0.2316663391055453,3456.097448075358,828.1356126704009,10.511678006066463,0.1292972527319731,7.974585421047463,8.777181487276081,exfiltration
1.850270620209968,122.46385666053506,1.4373120427514579,85,0.8938971934575715,2.219822074268012,0.2816832116041458,610.3200350257769,894.1124412987103,9.265469597083344,0.15716008677244636,0.861435318028483,1.7427995289192677,port_scan
1.4133168125140194,401.56860226440455,0.5940256493680356,2,0.18669489474338985,2.724713946644695,0.1634243271844275,1954.2595509211808,976.3107218881894,0.9255864584130488,0.7166989954029025,0.2035266798299063,1.8356796901150352,c2_beacon
1.4834519063337555,209.74833055413922,1.8863521540856514,6,0.006618986299658736,4.368770218780829,0.07488424133950472,1600.2137107508343,856.1134206888596,10.918476113211115,0.2717110337425211,1.8345540812422867,1.4277687167300097,dga
1.080072898940763,299.1957375554018,1.0962875368324894,5,0.004133206588215099,1.736186541993231,0.19484851628507732,637.3139060393215,520.4149347942521,15.694206474631196,0.2637340353709915,0.9729620894387507,0.6993890764654987,normal
1.7013391706280554,288.9647227477006,1.8642801358709702,2,0.08651630361425554,2.9819236843519423,0.21934488391626977,2399.6111720190183,323.63516696444094,16.633988837205308,0.2145894121121857,14.652453919899923,8.171232522726257,exfiltration
3.654362924545336,4988.557317001472,17.534117679557305,3,0.07908831578071321,1.7313664067740093,0.29856601298140584,3174.9061082340327,499.32519238365325,15.239177414190848,0.2803837531066926,0.2989286986553668,1.1743150490856804,ddos
4.815912209571868,6469.2398033769605,13.121102356902119,6,0.28422242817074894,2.9352721463592015,0.2817238739509278,255.73955250267545,518.2754216189452,1.3639875196867917,0.28952915058566947,1.7496553024177859,0.9841702737385186,ddos
2.1403372380955425,85.97185218440377,0.8570424837855253,3,0.09061440201300026,2.073706256664103,0.10520098366784453,12049.620874744882,1963.736445478738,5.545186134708439,0.17041860914409093,1.1158196574282786,0.637224266308897,ja4_malware
1.4672050761864592,242.34012828325376,1.0280167743412554,85,0.7516937399298909,2.692460621706383,0.1619549851635912,2383.3607586818634,544.7582480289798,7.113055838777274,0.12245499270144827,0.8117463322873908,1.7946024091061568,port_scan
1.2472520377639573,178.3640972744595,0.9563114052032365,1,0.031628801194871915,1.2535921762933564,0.1604469796224059,4109.973441743819,883.2085422799248,8.01555316293313,0.135173541091918,18.815776243630516,5.50744837194768,exfiltration
1.6800840075618053,96.62559772952471,1.9035884272374592,6,0.11298569816729971,2.0353132661004496,0.17345331105822562,33478.21998119399,1510.5552875790831,18.659436407316537,0.04922444069454652,1.6362423617405482,1.0817930169235406,ja4_malware
2.1623967668949247,475.19198759998227,0.6975970511394796,52,0.9928052800897424,2.4827427608051735,0.28117729006583025,2843.9736347364974,912.3639418412376,14.672492919408667,0.03660388897033586,0.64189220350811,1.5650494004251123,port_scan
1.924248550036182,97.43646329269714,1.6921258376263577,2,0.2241332618062233,1.8224063540977848,0.2906407549017297,1505.4942179327459,506.5280983475767,12.838619891934202,0.16897683974109287,1.1569815712439937,1.3292929603027952,normal
2.4250588114836864,403.1467179932736,0.6063565455364588,80,0.6606223936432043,2.587846996694002,0.1382884438786952,3267.067674489531,833.7818295326036,13.628461075612712,0.23114555207689486,1.14543791490362,1.1227916799878956,port_scan
1.8987935193391323,481.35152230668444,1.1659148702867723,4,0.22488592916197597,5.388942147902843,0.017271693702361226,3733.311857701583,342.50625581239603,2.027171816587823,0.19128951752763584,1.056597232743516,1.4532396574505473,dga
1.0218753485594663,304.03476704523064,1.8287149374795753,6,0.05453395816853609,4.737852138549296,0.04571339780950803,4005.3810985482437,638.291516652049,3.7935215841660126,0.12199062186024395,1.6125456015929824,1.097096556953428,dga
1.106514546774485,194.8492231523283,0.6799640278044767,2,0.21432864715284985,2.484014928147401,0.24946831941579228,4685.545454045778,546.2676980835682,0.7150593288844296,0.8679486516602495,1.7093820564344833,0.5688944520326162,c2_beacon
2.25849120218972,287.3272187409178,1.7010206364587732,61,0.8040875323536314,1.386801857030805,0.20913361748783554,4812.248835857639,552.4068309136063,5.271612450684154,0.10622731939386933,0.7731910191558735,1.6914242519373992,port_scan
1.5635391771894662,307.0209722898146,1.9908408327655331,4,0.16454767158950828,2.9035633354449564,0.13045319776390205,2489.678167006385,940.0995668923656,0.627532950924904,0.6135979189182882,0.8611974476922355,1.8474603373955802,c2_beacon
1.8356655662211745,235.74222797888558,1.7690782754742473,55,0.5054215410330583,1.9628415003710389,0.2473891332462418,215.6446120358799,647.3717889464821,8.305514558888493,0.05835648735631081,1.914151715626626,1.3916357564111155,port_scan
4.282386841706696,7990.534891425593,8.986891263026465,2,0.15616826225678282,2.8975451610065095,0.1700249916586371,4024.680686872115,928.2839069257833,9.444121103792805,0.04389130834094441,1.1493127173160147,1.8464749860974874,ddos
2.0585630224903575,323.2886146072112,0.6200899109256246,2,0.15686271534949423,1.7344096865535241,0.2398858774048152,3206.028060826809,472.8630959481302,0.6538719840942723,0.9084102875663276,0.20662660664617094,0.6382677747896015,c2_beacon
2.0961317338483196,376.31973948251755,1.7769978089118945,7,0.19828185865822615,2.5451302759372183,0.24468593640506847,4119.536507725037,976.0198456718134,0.958877784634489,0.5348514483795673,0.2529809982866997,1.2409758719604982,c2_beacon
2.019811790118423,353.4055891761588,0.5405838273939515,7,0.281340053469069,1.1924259105773105,0.2523487564860277,1343.712816063177,366.19662561417954,12.494264153921833,0.14063175153793728,19.81587843892102,3.856727543723685,exfiltration
1.198235088290295,139.94945708833686,1.9954606546086182,2,0.18005558901382743,2.8961540480272614,0.2546691864737003,162.73100357032496,415.80943173445684,11.6104946482449,0.2078358952272913,15.103930755070738,6.17136765406325,exfiltration
2.460438227111914,197.59568984847212,1.425469799929074,2,0.21836884356831296,2.193048737189593,0.209931672123989,4181.4614711142185,532.6527953689313,13.781995381617564,0.13171655458278095,12.527364233942606,9.688185013079309,exfiltration
1.7003986826895106,244.10395411157404,1.8020942812626979,2,0.22901748491378734,2.9759327335353216,0.2516365775610584,26299.910335191318,1517.1615439906827,14.483485627683866,0.10239955084894799,1.2817887896665379,1.2228512216070435,ja4_malware
1.911426525916196,407.32121357228834,1.3545399548201424,7,0.1619868198850433,1.8448014027587092,0.19062230084206383,23199.004323132584,1791.791529599183,16.901527823639963,0.28730930289935586,1.734177153702582,0.9759510808019287,ja4_malware
2.153779301837333,471.6547480392013,0.8641172474856553,6,0.03055891658956643,1.6833551015442765,0.17828640027182185,25629.9954531525,1501.0877047205622,19.09587656246469,0.2957180376345315,1.257033577456616,1.4766582678253353,ja4_malware
2.0846290416154147,185.2699281920356,0.8690753985233708,6,0.2093611026210685,3.832167373876155,0.012022778479889716,426.70358561152545,678.3625832098843,17.453223819702025,0.2877658341834144,0.5077674465282112,0.9424314125366109,dga
1.475708339234073,155.21740793547082,1.7287998189409706,6,0.17982804257398058,1.1347486102660125,0.10689419856655256,380.78447724857807,762.3228017173199,1.0424688902005457,0.27612014188801787,0.46595620112979336,1.8032025337903304,normal
1.2566749984075378,364.56252363446293,1.162654457812005,6,0.02604717605185557,2.04993987705542,0.26488315709806276,2071.9004460700626,730.760528583281,0.27224279069303225,0.6442076196166935,1.4651876027471729,1.366657271213784,c2_beacon
1.3854686739565423,318.4386787665551,1.9027099104605778,7,0.13402634913983674,5.193887601173818,0.027753973139429136,2155.6011193835143,412.40824076644407,11.83091759173321,0.14433068728646076,1.533458806402308,0.6303684020784015,dga
2.105691072836527,226.64841559280754,1.811609816595844,2,0.01651260556335622,1.1199596893961559,0.29152721132875664,4821.896777724998,789.124304827998,16.239266623321715,0.07489842642667204,13.259484640756568,3.38001867819599,exfiltration
2.3525832208123663,359.1296546085966,0.7627746100131736,57,0.8731176475665936,1.101181965949742,0.1614459765579936,3709.9134543625146,406.70269835924546,18.635245955703457,0.1456398570454362,1.3486145837478882,0.713875181135337,port_scan
2.4402327276334415,9016.255120238995,13.343196003788634,5,0.13920205924023046,1.42499121044404,0.2139969883879382,3683.553993254441,684.3750372171241,2.1657029594756634,0.2546558944607249,1.5321643849972761,1.1730849036016326,ddos
1.770672093312113,462.45756725238044,1.333116583663804,7,0.06777756838841598,1.8299562753191927,0.257007326456191,3306.369386529869,785.8843374672015,0.6369865587329484,0.41906689974534134,0.37006800760165814,1.966048347796868,c2_beacon
4.375592610032104,6072.124873251163,18.139621072694155,2,0.19751899779452098,2.4126977814696886,0.1547453248924693,801.1603539180521,311.33661356197786,19.300463657170866,0.19582339936444185,1.5568129357979452,0.6882555485455504,ddos
3.425519602540117,3652.8561813335714,16.87072609467276,4,0.00661682019301475,2.390752111326928,0.15652126220043577,273.7252487979781,325.1425169375991,19.236037136627132,0.007695275090701503,1.3366703116980947,0.7444914181792348,ddos
2.4190366803371424,74.55986811711306,0.7742131556464649,7,0.26175952474454944,1.499340757867653,0.258129761320099,4962.01131583492,614.5477587231925,12.62599780549931,0.2888081556517493,1.9694098983371389,1.0729828384978715,normal
2.186951999953725,104.97447137736465,1.998400437806444,6,0.29538480699986813,5.5274337713171136,0.03788090731506178,522.3689353925413,725.4932503749355,4.49664594620123,0.109735002878132,1.6598292282900824,0.8041443135309596,dga
1.6116281888721578,125.0256091975977,1.4501491128408803,3,0.1490315242446347,2.3991232103159974,0.15239383945637794,46663.23056711785,1928.0161929767924,18.128708523333888,0.07014533646315027,1.8828696027929226,1.837085125565761,ja4_malware
1.1384003495311599,121.06918010587597,1.238583580232202,2,0.05259291276297355,3.588731352076739,0.02931648441142791,1949.2240291590438,318.8557465708231,17.132059300506054,0.25306407082911947,0.6999927875435438,0.8668053727913404,dga
1.952378315851635,96.07963588169895,1.7602214254808284,2,0.26114759292464435,1.4022554221056875,0.23161465098073436,37398.182898654355,1217.006725332032,17.712834133800133,0.11255781218615973,1.273422890182382,0.7972053619511996,ja4_malware
1.481015026977882,426.0381698454403,1.4775528527493789,54,0.803382184620777,1.808646537611905,0.1786935603153126,4994.729453302867,504.2356404932712,1.0771659772727904,0.14876214301804616,0.21652840143679297,0.7999391303000853,port_scan
2.0741843706345815,402.925794404148,1.7896685232306706,1,0.10939459666774111,1.551164182348597,0.12424183719111113,2463.496045952715,908.6168262233072,8.23967376053596,0.09714830857684842,14.392810163597435,9.857846964037101,exfiltration
1.442014466585651,232.00600329162324,1.7412750343751018,3,0.22378320972815638,5.65574894071406,0.017154475481920037,2672.63470064137,843.1307670958647,11.957885664813567,0.04117931935243788,1.4574678106098453,0.8005042861667877,dga
1.3228298783698564,133.07680753926036,1.2339746633760567,4,0.030821590671555443,2.3625460552368294,0.22558022017690238,4480.714652648067,461.095045102944,0.7404257067488725,0.5673962256628271,1.7937660861815257,1.6729636552629619,c2_beacon
1.596367290737411,478.1212198120274,0.5991188163790923,4,0.1529491098171148,1.677182886421628,0.13666363237390805,4837.14342184596,400.3395554723111,5.474028237633339,0.18636995346409904,0.37392588374409624,1.6988245703767701,normal
2.006847119962889,401.0677435509832,0.7094354812686811,3,0.011868062517057543,2.7217723370419877,0.234665661480391,882.7184913512749,905.6284183515129,11.437043563240945,0.2300104762296858,1.7041398662959841,0.6977181056282532,normal
1.9582655607012986,193.67680065299706,1.1961580971561836,7,0.13639423021823094,1.219795279352428,0.141146607920206,4611.245302242073,321.3315153374403,6.074254151169611,0.21445150858719167,6.764083449700993,7.603917814954161,exfiltration
2.3500771414622506,454.51933632211717,1.1087679739175744,4,0.28536430342954544,2.948471807504845,0.25135550125841544,1122.4313341410789,954.8265596902194,12.134072044789038,0.1810313988717286,18.173393992945652,3.0027843626013517,exfiltration
3.1716709437345068,1658.0740313779252,9.184698550700038,5,0.20765516959319785,2.3232717363810305,0.17859738095018773,823.9293931775668,793.8094768964002,11.123366600700617,0.07603548360326635,1.374937565778932,1.5550078520015882,ddos
1.5184880202453113,170.15830807244907,1.1485221778813541,5,0.12112860637700137,2.652627302650572,0.1114964069044388,3948.6421462108506,523.5272710292696,12.794435312162147,0.20984632982175452,11.424996291812061,9.411225883531731,exfiltration
2.2180756282425307,54.06306634285726,1.150449330987339,6,0.21738263424420176,2.7115331757110055,0.1167597078885341,2927.4121037481477,921.7427429664298,0.6925491568085743,0.8703581925916072,1.459394989704381,0.5834990654285437,c2_beacon
1.6144158092556293,368.41812456016936,0.6344525029032693,6,0.29581153301696683,4.250333895336951,0.01251092111859865,459.49131799516084,979.2427457505956,5.442769708902687,0.13313129552013062,1.3321283245694417,1.6916062828106329,dga
1.2569369561391832,107.77557652075028,1.7565752872805618,7,0.039225544012895575,2.3347937761975945,0.1390839176821245,737.1224755877247,761.1312924447429,18.537278521907297,0.0883668224899198,0.32114732720419364,0.7966506824873969,normal
1.8596502588800703,345.7813527306387,1.8413002950763273,92,0.8411114183817332,1.2562758260172717,0.2720493847985521,969.3483569868811,410.077704716149,4.199587023240291,0.18640101818586463,1.992710476043417,0.9725118520216984,port_scan
4.086240246824875,9036.294265391252,14.091985945068885,6,0.29243382841729576,2.358469825496943,0.28430551499716583,3636.024043221546,722.5887674117105,9.034168305924634,0.2875221042533883,0.8148715305601888,0.9175538135185257,ddos
2.127585643788568,236.72239302707334,1.2930194668609356,5,0.007113924174535602,1.570143529669578,0.19450698746205716,3055.380159315707,953.1510589092973,8.475927507538447,0.050940741180352474,14.329713846337345,7.059504304005573,exfiltration
1.4845441040323448,347.2480566634955,1.1992742056822974,4,0.29135619243654015,1.8456300341998144,0.19487643129547771,35560.1881804462,1526.197875439206,15.793213934218404,0.022854505927050628,0.8177008288933345,1.596168511759105,ja4_malware
2.053003271665557,315.127285044222,0.5904962278613326,1,0.08906054565222428,1.1862186617170618,0.2796500890356287,1134.8492281423842,848.1089848197898,4.9792238939989435,0.04161228094764278,1.495234990452552,1.4601090043896177,normal
2.3817148936172963,202.64661691331332,0.7330520881787932,7,0.07888501652655283,2.551319911678768,0.24261081749672075,1666.9761662920591,843.3746192519044,16.558079568197982,0.16455827408267484,9.560866448691623,4.732174639458388,exfiltration
2.2727327793537833,143.06130528749864,0.6703130301797268,6,0.06329941068810031,1.3341856441944693,0.251364218411384,4023.0843664007493,583.759598484666,0.9642786804119795,0.712623573571785,0.41458187724058987,1.3019955082489518,c2_beacon
1.5409860016753814,496.75056422147725,1.021510452253855,1,0.11644615037341952,1.9940516924349645,0.2758846817823317,1616.9017515468788,437.04012154680726,17.508819434444256,0.030881714114219926,1.9435708520790071,1.424385937403742,normal
1.6631317590726056,226.78595023020074,0.8524809790301122,5,0.056564805808665616,2.853688812613667,0.24764392525975254,38542.06121569002,1250.6805947080836,14.306799432833847,0.12734134725557475,0.9735226665083447,1.8583820456229507,ja4_malware
2.04139365346433,497.4038569781622,1.6368654780992908,7,0.1844210232564867,2.745974430803414,0.2594524384544455,2310.6141456546575,520.8757221319875,8.997322289941694,0.047624574058428966,1.433567436354636,0.5216522041685332,normal
1.7348171338552472,53.303046029060695,1.8399459677182652,23,0.8343501560651851,1.2535498442703619,0.2988641229448238,4653.103494659434,591.0020118910502,2.855090110607034,0.05863078762906294,0.3740665202294008,1.4317142101544222,port_scan
1.302673166078583,111.33862848187553,1.963604036584491,5,0.05099355635873571,2.478344643853445,0.11610898934262265,563.3212182506418,864.7841130333186,7.609542572700295,0.25985112924532316,0.2273421884276082,1.592051362067555,normal
2.4004952573695135,7637.223882028236,16.95659376171998,5,0.15384685236027823,1.6446441166571772,0.16911639050235514,4263.627097903427,633.2703211369351,14.771857026202944,0.041797577821410026,0.9594796856027961,0.5548786001327407,ddos
1.832797063490237,42.109912620007385,1.214137635017991,3,0.28277052009430137,1.3860503790787413,0.2420001882445091,4554.349997011592,397.5781681846922,5.518872312754032,0.06248399833074154,1.0117093679900673,1.0174277477300988,normal
1.6279124511855692,452.9469125302396,1.2833763409735581,6,0.27830052073626643,1.9885195536237252,0.22648924693815725,3503.210677303269,487.5129214540826,6.448710004445602,0.2779174902493672,0.6083146723380186,1.6440062878212687,normal
1.6019653955810171,312.4675768498286,1.4803303167832533,5,0.061728240744603896,2.5941138249499227,0.1249914256406433,1821.661116913998,962.3169038178409,11.618691148389658,0.2669184225585281,8.026307643111902,8.169274477472804,exfiltration
1.4769866454280742,313.3683523492173,0.7898124836676959,1,0.2430907665820399,2.826867319626128,0.1533867297875457,632.0740843256101,756.3736422231598,14.759642333234357,0.13046524632643686,0.7514232269198704,0.7275284256747372,normal
2.353968168137216,316.73467827321554,0.8001966733996109,4,0.09514817950852371,1.9677616808816853,0.18269409270622022,17759.609204526685,1340.8191936890462,12.224078823356034,0.1528594785509786,1.9344489080039062,1.8787784955430709,ja4_malware
1.125828704835372,231.19006925530195,1.3146100966677496,73,0.9998305100781157,2.3570772528455217,0.1584857089653824,1920.2593943632487,808.84307912461,12.417410747002613,0.20977867685019155,1.2649380086334048,1.4350739166764965,port_scan
2.2553448694914073,64.2391162745119,0.6414290802320105,5,0.08277715261224396,2.1309318325524753,0.11138264042569018,2143.5591286411245,349.76117786155686,3.0399511440440734,0.17685917836102885,1.6390384083685148,0.5647114746428598,normal
1.3766808342333174,165.4421625170916,1.6329461772720466,29,0.5778172821531706,2.302556222827894,0.11731296055912839,3050.235509951681,894.8332628125701,16.27978928592197,0.20588065655331594,0.7464045782182092,0.9336223332507061,port_scan
1.923599221335807,249.87806329037937,0.5547110452350887,43,0.9639596311066252,2.083645644000062,0.24081955305155997,4472.911773251093,481.6274573684128,5.24823823778238,0.08420906758232195,1.8820937724494842,1.3509364545384008,port_scan
2.538502222516124,2414.0109964258027,16.18948902064284,6,0.2495946822607803,2.5575816162532066,0.22605093283182712,1129.3388205910826,574.1131523229155,5.074407533790842,0.20899907999704123,1.015266931973453,1.7001933089618047,ddos
1.7475243864388406,63.15799425949449,0.7095420666267578,1,0.056840995073461464,5.043732389721249,0.058944877679777054,2849.6481345381126,855.5126055932581,1.2806293959730568,0.2723244223237952,1.4376541868602764,1.6653829095936616,dga
1.8825899204387482,53.105435236974145,1.2831785691707507,2,0.01824278653846616,2.822142464706024,0.19318118210469803,21830.824748416744,1829.863545651761,14.897011308751415,0.04367582768169959,1.2321674956037718,0.5219995899548395,ja4_malware
1.6489439786026021,184.53803004100027,1.9194898598253438,3,0.279910171697849,4.081107954853395,0.03156808508763362,4479.976812526797,304.85351135322463,7.171007677888544,0.17185844255858787,0.4050494665600386,1.1679075416388123,dga
2.452463909069589,244.22384298704014,1.5444967986244937,5,0.14321742839399795,3.9889868998970064,0.0754498234675665,4016.8944289778487,343.29573463571296,9.121283647972295,0.2812114059652619,1.96735004343507,0.7606532250418785,dga
1.8036886899608493,23.871183053824623,1.7316025304771956,6,0.20217660133956464,4.710462040961667,0.04801064275247571,4604.132346571001,672.9999850320236,1.5774686322513216,0.24402172008191622,0.7751318353064882,1.6962681969453965,dga
1.4150698641188142,146.35358381153335,0.6824327483923168,6,0.03829329378805568,2.234988228373288,0.20757049604147432,4405.779455952881,604.9251485846195,0.6838997617410901,0.6662919477921123,0.6379128992264103,0.9869145731732336,c2_beacon
2.0831733099899425,89.64446955530481,1.342645174922337,66,0.6438666915830467,1.9194247266719988,0.20659284486783963,836.2751544896349,566.1045368237183,12.430310971991451,0.10493548121989027,0.2720455666773962,0.9820312782618518,port_scan
1.3965716611110595,130.2336596247702,1.2624962106615891,6,0.10901005974563073,2.5173958115664905,0.2613812674744004,3329.5519910973717,878.5158020069651,16.76664478917101,0.29696158547153384,8.05879966035162,6.936407524004778,exfiltration
1.6207329103580035,26.11175171094225,0.7965017180925799,84,0.6231701340791074,2.0975974876461003,0.22768241665453873,3950.466061499724,370.911053376677,8.624281651175124,0.005682039881454726,0.5658560232314653,1.6819842018492641,port_scan
1.4833450311705758,379.8702068591517,0.6035212557846208,1,0.0372677266211329,3.6348860504706444,0.06001142351403428,3239.869043755884,704.3793845206108,19.607152452930343,0.08254420812176484,1.985547403209779,1.7351416813317462,dga
3.542176062662617,4636.953061227099,5.872476191777141,4,0.25911585597242565,2.571853067667078,0.24217463505857162,1612.5300872980724,681.346166474447,18.807546515967513,0.08432250745211431,0.5329501161679479,1.2206333132180092,ddos
1.4654855093501422,156.69781284226454,1.6020876961708699,2,0.2774887418120836,2.1703827026099254,0.2750588967301697,4126.039601559002,506.72930325371306,1.3849164403371752,0.20733960436125862,1.0020800534623917,1.4780727248073,normal
1.5158131082059114,102.03883184392171,1.4547552599087517,4,0.14058775394461442,1.594465135201537,0.18397302156053952,1286.2488010280017,627.8981767415787,0.8690756222079948,0.7914084516684479,0.6611105078636264,1.852529775961413,c2_beacon
1.0227292297259174,441.1260277105129,0.8608354287692169,89,0.8104104345243914,2.458407162351241,0.29134130329275754,2883.0646058564353,552.2726784327531,3.236158657516793,0.08438578274896674,1.9667433900383233,0.8673791519921508,port_scan
3.9654313839348694,9043.879874798156,16.57298926515124,3,0.11793398490275676,1.5602110619428515,0.17368118571438856,3076.9547054420573,701.0843856594756,5.741332305657831,0.29626598684893424,0.9369213041832605,1.1813729909329476,ddos
1.3148146272661785,208.42554379674226,1.080420457110044,6,0.03681563817101511,2.8373007852446257,0.2846323161954463,39835.2438647146,1262.5994254545976,2.7633422519409527,0.19419486956566365,1.4035166734125835,0.7559468134370182,ja4_malware
1.2531997225762264,214.85445319297528,1.608306589720108,18,0.7798226006603566,1.013407239852249,0.15803336483594954,4857.087350981013,652.0837029738127,8.54019562365274,0.03817573015849046,0.2035797346102605,1.6342273022409854,port_scan
1.2146914760201957,63.222677920621855,1.4144934962184221,2,0.20748772253920844,2.836505893392743,0.24406851550706368,464.9276725034478,781.3440824608356,0.6762711680943659,0.5147367076888189,1.080314315395395,1.4884900574858033,c2_beacon
1.6286714789744559,34.97063646169417,1.3786569877320836,2,0.11346015690290433,1.4696803265184621,0.1556434303442779,3555.676288080006,608.7130367329879,13.08246603859582,0.0671803175076899,0.20056595535935653,1.308845836483516,normal
2.1532285187651476,122.46485282413114,1.1909590046632403,93,0.7250289859812558,2.524056461836339,0.1490025202744333,2965.847840679406,809.1042146120016,1.3841817283081532,0.16697527998806846,0.6136255662481833,1.5760148305880048,port_scan
1.7082755080851635,251.5699892208371,1.5815449240098096,7,0.147135220801052,4.16530684182276,0.07095028706989027,2513.4900753148086,488.72702297531987,16.03393378932519,0.08101787626675937,1.7710186643045072,0.9692132826739401,dga
2.214390679601407,182.55864298474154,1.2118502786864969,4,0.029435228075380303,5.256607690467,0.019313685834335945,1246.5206785037058,920.180048084666,5.225213930646303,0.28037143700281314,1.783897851580033,1.5714598544434393,dga
1.7084901437401563,19.091895320586364,1.2040944300719938,6,0.08220640656757018,5.1639801842578095,0.020961928225067594,1055.8203589209256,869.9004307516508,15.563888624586427,0.04737468156708084,1.7376554905196842,1.1471278611131388,dga
2.0230211291846687,35.74786409382942,1.5283976835517796,2,0.2851620523170137,2.0974502616536324,0.12355359039641259,2131.7177968522337,761.6760284108855,0.7824381123265415,0.4899406995087339,0.3292248789464365,0.8983686192471763,c2_beacon
1.1155970019956214,120.44819855329487,0.8913169089586501,75,0.9535026508058715,2.5309974117030962,0.22471768716564308,1801.8176618235734,341.69962246600215,5.361595006025059,0.1922008883744429,1.7339183900078945,1.2556832079053681,port_scan
1.3390001233407123,266.9476358543498,1.3166926134922248,1,0.08683270826427866,2.5656458179618813,0.2783292774102038,2264.7135465007873,888.0913812161874,4.286900106210398,0.054387136159336255,18.385025384343102,5.729748796202159,exfiltration
1.1413322869504707,344.46017674170207,1.7556105211747464,5,0.2512289489112694,3.931432045914348,0.0706357540055685,4697.088981233286,596.049196102909,7.191964318785965,0.20331813075458546,1.701499166699766,1.1070996220629756,dga
1.1183539870588062,115.23035368874285,1.5805676582724468,3,0.11497328410367416,5.03852648985956,0.04656400170234033,1029.162137955661,441.13026107145413,13.55045157838616,0.03334742224777615,0.47679375622258097,1.9768969223651396,dga
2.168126355948692,481.973499539196,0.7074936051740739,5,0.25491905742036813,1.8524884063601135,0.25160724225156716,2527.9075722165435,722.7051926568408,17.95714696365393,0.02602373048640122,1.827843860164954,0.5650134155618959,normal
1.5594056987290439,149.66965345667649,0.7462441656674006,6,0.0886474132427824,2.8162734473308006,0.10541989037315609,3271.3822317527342,575.1844732651743,0.24285971776841617,0.6633246225039539,0.41264458118361047,1.691731357702515,c2_beacon
1.2207131833360272,265.90364426378216,1.0248848336545597,93,0.584170802494054,2.9086219467478265,0.16530229243504566,1384.5404611319814,553.5637605609904,2.5750316794178123,0.2977963197297498,1.0556770098842736,0.664904784152055,port_scan
2.365483484598559,321.3406583111843,1.8013510466894038,7,0.18505326326662375,1.5605691452980568,0.2251384430017123,3988.612427049551,850.0885388828857,0.4856419329895961,0.5109963413112723,1.653963710257045,1.532315171388786,c2_beacon
1.2931475359233746,265.78585300480313,1.0154022729460053,7,0.14453981195361007,2.632952834948903,0.15033040088028424,1670.5622848231997,995.2963764038418,0.8111916311859225,0.7066966535434175,1.383311724152113,1.7178630451349548,c2_beacon
2.4130615113460836,318.93065259836686,1.9115825810974583,6,0.26267259524046654,4.439911294034892,0.07699063885225521,4285.70912018579,440.5932101020767,1.7979497017700037,0.2815838905026177,0.22797490728813785,1.8697862863692014,dga
1.9465529109594049,103.90673923286269,0.5405179935037439,44,0.5430282514081703,1.968495206947123,0.23306157537423947,1934.8268423242896,755.4338706394091,13.431706475258599,0.05448697842704931,1.9616227173288856,1.5719823153652144,port_scan
2.256926416564649,395.9022652797965,1.7034713090931555,44,0.8748507564961372,1.4546172492503584,0.12046936959115684,927.8680162679063,584.9011651332106,12.021310060403216,0.17458114077448122,1.8337411615989836,1.28074370996876,port_scan
1.3662067067794266,180.66962659117203,1.070400956592261,5,0.03868749084592619,1.1511558072689327,0.17132224537895438,991.305718844767,663.4223693531121,0.6462829863695657,0.72885806793505,1.643529468496531,1.0820313535554908,c2_beacon
2.3261472972828443,447.2652380227169,1.5558499428826753,4,0.14902059163986847,1.527295383203489,0.28190758227279833,22206.907325078715,1325.3006648403793,6.870530860717625,0.04659207254026541,1.3770401188915384,1.8732777721313902,ja4_malware
1.390843683984892,145.71456743649966,1.4110933092548765,99,0.7415895515106918,2.649550456253694,0.12082154170574884,2329.6989914859746,354.1416807536604,14.969296756651595,0.26939397070172294,0.29738675726902664,1.452302236768003,port_scan
2.1074732174223185,192.9997254411672,1.530524208069152,52,0.8729409304981528,1.981526749069758,0.1734534938993414,4252.755146374059,538.5356706466005,5.391844610502786,0.19138355378852337,1.8353309291319118,1.7683673434756066,port_scan
1.0126529021974313,144.40621189886784,1.5949876030801582,2,0.20446586461497132,1.513408448599894,0.22060074702141486,3950.31763152806,319.6327705531038,0.9588141119172762,0.7740748561239128,0.23663749903170359,0.5909367062792916,c2_beacon
2.05752696959797,81.95233463727575,0.5891453472695906,85,0.9409294450716152,2.2921584842905336,0.22113803551587846,3645.252407280078,331.8217561132413,1.5432516568366497,0.25205727892238283,1.6417083693390095,0.7467575012875074,port_scan
1.2285460416318381,298.53028878212825,0.9981867849950135,3,0.24978238539106623,1.7597229138978048,0.15043054525582794,1182.3764563185373,495.2841122799389,8.607902936784363,0.1808113728698509,12.904811240509105,4.538434541137682,exfiltration
1.4676819358799431,167.24587784199713,0.8875451163067721,3,0.18078415854874494,4.993883724837551,0.01421650324616354,3341.801593931241,383.7356872179394,19.805648710939728,0.10622484931118756,0.5515106878548274,1.6930722999684111,dga
1.954822899539565,459.8294190871235,1.7972978255721128,35,0.672093164244712,1.1498219509239462,0.21647643265928768,2163.330135029027,690.7624588591119,13.037811302178376,0.003979624551606353,1.32011949556253,1.539510899220849,port_scan
1.4949154212070872,378.7932888352411,0.6146922490036142,4,0.28773341946586223,2.044387674485572,0.10587476520347719,3030.8897512882013,955.2303025494239,0.028450579767379483,0.8385418594553258,1.4944435967416856,1.9190569822969286,c2_beacon
4.407949809334946,6575.962947980724,10.719995618564404,4,0.18153411139947762,1.856389401033655,0.11642358175790807,1844.1445272402584,930.311172401641,17.09397985759945,0.20848452062813788,0.4595509660204742,1.4649363508600264,ddos
1.8670258237113133,476.6023607643848,1.479787827534228,3,0.276707291563801,2.7211271105472643,0.1292872349113959,4275.678055536508,697.2852005837342,11.77165455356139,0.12142297460138013,0.3874574228546456,0.8715170010352435,normal
1.7772138313632038,187.02733072887364,0.8808196821631582,6,0.03589417142055116,1.8143876617512316,0.12940511934852134,2515.1375709824483,497.51883687668186,17.21064223514031,0.2078110404625505,10.036152250457523,6.600008119886031,exfiltration
1.969200091823076,292.29670306776194,0.7255438764990962,3,0.2971346920555515,1.981015754425835,0.16766920861779766,289.4130822503288,773.6476045521379,8.800782258608217,0.1811367840657113,16.058512705353507,9.606126341301572,exfiltration
2.161429224256883,252.13481245538512,1.4100265254485342,6,0.04876484266787496,1.347185657031869,0.17770569452095145,3493.628064183303,762.5998433787544,0.13052895582556975,0.5068976625050604,1.9844841130653108,1.4902081907551432,c2_beacon
1.7570273307612754,174.1577837020399,1.2686686784268855,6,0.06624404816213693,5.780462715995574,0.020863090326538974,3574.8882688809435,454.23181783553525,17.242459399242353,0.2290713454366673,1.5756322424430331,1.393406121048337,dga
1.2704262260530839,33.349628892139236,0.6327311669307696,6,0.28444472267341275,1.3675124071233118,0.21814338760287588,10293.378838345841,1280.932205192145,12.37975559067329,0.21513577563950573,0.9750880518106624,1.0949398414366298,ja4_malware
2.1301057495905904,56.96905854132374,0.9208859087348039,7,0.027149789945986123,1.332509097342848,0.2744013577177201,395.2311411523122,534.5393166550535,7.458187385271776,0.04093927133042328,14.052739460170558,6.630012878861085,exfiltration
1.2996634774900864,409.17283712776253,1.3418346018350662,3,0.17155259295633274,1.1808161569437952,0.12015230422427461,132.9073424005872,786.3588178741327,7.21624631104221,0.14590752697998569,0.3911914070775836,1.2463394859748393,normal
2.367993987631376,186.20917232667836,1.8036955429952506,18,0.7534316525987318,1.9261617976284715,0.1686704690332852,2850.657721416505,573.940893215987,9.5423940019286,0.20865569906821685,1.440674853888953,1.097104271941492,port_scan
2.136025112133719,125.68369630892538,1.8407102502206087,6,0.16678967171256417,1.9888922961101076,0.19143773614568532,177.23026589594434,453.87720044647426,16.683628794931018,0.05542558066658534,18.064721889328144,7.863664814144864,exfiltration
2.7269531567767165,3027.5653933699914,10.002782461162385,7,0.15113658379514042,1.3774235961422867,0.23295173380464365,1204.8725130637936,949.1964980039457,4.0754367100622835,0.23597587973050965,0.38217102939243286,1.5076107589915315,ddos
1.8977048029386956,445.15983675787186,1.5875874316077039,70,0.9449026359047568,1.6847429423818234,0.12821552192941413,1591.2159214594772,695.7483536478312,15.114365906631933,0.21592045437172078,1.5262790083332873,1.937450022652704,port_scan
1.1420908735996969,412.6236508024807,0.6178630508740699,16,0.7517195907798848,1.4385639023403742,0.17705794815468295,2756.0629626947457,737.4189594643467,7.1515939958448635,0.09858130029567563,1.2216651671756984,0.7116533360876478,port_scan
2.5123462857750853,3815.2011150956264,13.974783980424391,1,0.2873917324025487,2.320102682210437,0.19872728171284945,1980.3654265239782,302.34983972090885,16.003510621507647,0.023567099230489573,0.9640624365761932,0.8343669860231717,ddos
2.045793118730542,125.50113943147166,0.6362985465560591,1,0.12895181298848585,1.6087479092399426,0.10339460935055236,147.1871654141422,403.14404294273305,15.751479843625184,0.0009888034369148757,9.715909339340161,4.019849531139961,exfiltration
1.5381808468446658,156.3969128596157,1.9533036170810933,7,0.07818543957645621,1.8213005639254962,0.1914681323691296,4783.502753844803,443.49406696741516,0.9494886848956107,0.7033135434803102,0.842880938463721,1.2184604436891016,c2_beacon
1.2308024340341825,62.88405965562968,1.956363139363911,3,0.12142012053772232,2.7845420015466744,0.19210469169885924,13907.22404866822,1828.3486930242207,12.665835127402907,0.0719468717204087,1.214497910591002,0.7532614373527677,ja4_malware
4.0473016176237895,4597.493029784271,17.27770089503991,3,0.17637099240545215,2.720340312698334,0.10644691724592786,458.8914933909041,523.2117603960783,15.860693389119382,0.2652091653578,0.7506270000436093,1.185994699159005,ddos
3.2670564878667374,2574.1898342927325,17.359390787689488,3,0.15869907933520802,2.2988755455384435,0.17751701251217072,1794.9951250278032,979.3030419632261,9.977514461096401,0.20169003685215775,1.0568910716601145,0.6735992169670294,ddos
2.1904953912736067,411.9417480447558,1.7529407556730634,6,0.25943379819870394,2.4779090807476294,0.12488414336939564,2252.063987483875,734.0781171993715,0.11043303608868195,0.4306848754859998,1.4405003184377476,0.7820099239749445,c2_beacon
2.2344477640871325,2467.942916540195,9.011420059788739,4,0.05227525281936528,2.139108072433684,0.17155217805641065,158.4854953391135,336.223031623157,6.170247712134315,0.187218930372201,0.6200632077127154,1.4690148655660082,ddos
1.607185067623332,388.816410241159,0.6940109340891125,3,0.2715760421996829,1.517670010793829,0.13047279386213567,2349.197175754128,428.076224789355,0.8720673107162249,0.5475775385432555,1.5497032892979454,0.9549724537649789,c2_beacon
2.1413786385625415,18.34818161937473,0.8444438464364885,4,0.10641402351213976,1.2026759453163178,0.19618355870526513,1390.7792924355333,535.7136562798981,2.597370963700474,0.17303795557219656,6.378681461492397,8.38364626363438,exfiltration
2.310981940126068,4497.457060668473,11.240015673843164,4,0.09930664344902825,2.100971206556676,0.24222207523989972,1595.249361207107,485.8073439074467,12.29619047181337,0.040903260923306206,0.6142411789270563,1.3771984328693467,ddos
2.2774342461540495,172.79473397167135,1.0306276881392444,81,0.6618151194823041,1.776959742889774,0.2787065601904468,1694.2428108024446,756.8745836893418,9.628044046362982,0.06547602653787372,0.5215749178293629,0.8133660855172724,port_scan
2.977870039385515,4900.870979949922,10.659274747963716,5,0.058382520241126085,2.969023106581973,0.27057817693492864,3294.6061706885475,504.0306996467166,9.16197544586317,0.20511265143131394,1.5582350522322024,0.7549337411890427,ddos
1.7212004900555244,128.4403933894573,0.5285163320063422,2,0.12781337499445197,1.0225015581978696,0.2481296426887847,13681.189903497132,1352.9063024953423,9.23804254385249,0.24238541655749984,1.3710677628770842,1.6251676920270866,ja4_malware
1.2414817544552632,194.49182435396654,1.7938299945688376,7,0.18265023473177538,1.2130773964219606,0.2265412920997281,1472.412689283444,728.9230903472494,14.08163216217337,0.1583607322335577,17.528136800120304,3.726487761066169,exfiltration
1.6237111032559144,237.83699353488998,0.7645345700121138,5,0.2955140090162613,1.5017057833102443,0.14990963518774408,899.5729696143038,383.91539376967125,4.147028539234563,0.17534132841344693,1.2752046536805974,0.7324534897248383,normal
1.0178598879988123,390.4982111493144,1.3650744962967591,5,0.28453062872073326,4.802421645595612,0.01323056762831492,601.6475979423412,458.63163088114675,16.025792274142642,0.28638261054905667,1.1744738478748977,0.7350262533929783,dga
1.8196987148303712,246.19733978352505,1.7198865876756149,5,0.2374539247439524,4.968765933897433,0.0676204905160666,3435.7970840486396,416.479790670414,1.0026358320492978,0.15497298404927087,1.9100607122931967,0.7841606441759834,dga
3.5900945932979695,1368.499259819616,17.09462748960283,3,0.1285792600666911,2.7925615425838437,0.11910082614643891,4432.841490829351,592.1719864999434,7.745887541769079,0.07431823072124744,1.0160395601140224,1.788067134895578,ddos
2.3628710360614105,243.97787807758905,0.5112605491999997,3,0.06920373759835735,1.1125776259639824,0.1760471167798609,261.05158430569793,596.8119687098775,4.475160495746965,0.06050640398413608,1.8437889053154888,1.9922921054579135,normal
1.2670174935766094,496.6092467655668,1.6953891017641087,1,0.2566742102627149,2.1677568407030434,0.17346288264315282,1607.1585203211323,386.77262356198605,18.768229217945255,0.050735993225856764,14.758012335467557,4.65188519015715,exfiltration
1.5940756067547095,483.84390933736506,0.7236882361418935,1,0.2954009986383388,2.5314368680011095,0.23580473205529956,1330.0387186469245,965.58188955258,2.9218754757116407,0.11985468680938238,6.273437882994953,7.554394036391363,exfiltration
1.9955911215050384,368.3808801724583,0.8500585399828853,1,0.2782321264486265,1.636444217572191,0.2689044602976342,1158.38821118558,641.2699253469615,0.736669681986771,0.4234755846791181,0.9245065870361668,1.1299741383227258,c2_beacon
1.618913860969461,219.06409523986142,1.3786327256659234,1,0.05710914321258252,1.6716126599301304,0.21715615272511896,2385.9509573329156,668.1890873266823,19.706549468497656,0.24241256580044937,17.415635149905494,8.745313079658988,exfiltration
2.4871896267622144,463.90790016089124,0.5367041142368988,73,0.9504699446259878,2.7855500271783846,0.22501734993679565,742.2523069224073,458.2198036838129,9.5416679896013,0.21083954687984802,0.5597689311734889,1.7737834264446344,port_scan
2.0469114845173837,409.3574931775161,1.7224880792056758,84,0.7348897624374207,2.797905442066784,0.20835957341908792,1281.1214956137637,937.9467652117269,17.49871741872391,0.24734390662100914,1.5051404855096027,0.9043978962874524,port_scan
1.4487445299405501,16.67576063812184,0.8682179900402733,3,0.2967709640772076,1.150585101861353,0.16703749766574225,3291.408727180172,860.8096783627803,0.6836247174159729,0.5134434840271997,1.722188915348542,1.3943426205874123,c2_beacon
1.1240660763456032,329.6749379060061,1.254457542343148,4,0.28858235351362954,2.943956191727761,0.21620608602231278,3753.2865027302782,880.0726252065552,0.7414866226724434,0.8055026383725824,1.1946714124528055,1.9110808977923632,c2_beacon
1.7149479219631272,273.88327415084365,1.1858883156798263,6,0.0165857789317559,2.0300258228548023,0.2555185674728296,3342.477291579485,853.8788501388159,0.6610621570593876,0.4858190330725719,1.2491432075538211,0.9237007802521056,c2_beacon
1.8378869350889089,448.9962353835886,1.573155851683277,1,0.04096265378103977,1.793604216543837,0.18325577254482756,25658.240673665106,1434.3990379979032,4.442972216841728,0.18299106162167833,1.4727533052487405,0.8459758251752483,ja4_malware
1.41857384217835,255.35676548931008,1.7716030114298225,2,0.26590866185186546,1.7765072893279887,0.2983190490958798,673.3346232404311,984.8715302576188,0.1066656653939633,0.8801800349579026,1.4275365360366759,1.7503390189776473,c2_beacon
4.248521414300026,3376.756038593835,17.10887622249554,6,0.24808644581873998,2.277380762772907,0.299811886947005,4931.651342252426,857.0224659002027,3.8694865259975866,0.037179523965904994,1.0122865938288945,0.626242911031754,ddos
2.4700407693312885,390.9057695305692,0.8388934368751737,6,0.21541870099027513,2.7849686744193196,0.1007232489569882,1723.2562877558787,433.0426206256918,2.642500852107318,0.015626632490907,1.8269519527568394,1.0936502148586553,normal
2.334841721294458,309.719073459202,1.9766274115299105,3,0.23539810974926095,2.5123574567428264,0.10083799532716001,1639.9843833642155,924.3003205232945,0.21354454412369292,0.6750925488652673,1.8317150287320845,1.1366173760969691,c2_beacon
1.0616632261694627,73.99255657498631,1.2347192503945172,5,0.13804291019301754,1.9421668963095817,0.2218216275330277,35666.593280362795,1351.7943955965025,10.356675868749653,0.04684742531737137,0.7195073851246803,1.461683358002495,ja4_malware
2.4042099802576935,304.86963037517717,0.5538483290110383,6,0.2269948282249846,1.9931297942943749,0.28022106263013535,4829.196373581255,738.771365291212,9.496780333547168,0.052555619175317626,0.5235890740308413,1.4617847453336217,normal
2.339338835168644,264.78902303412366,1.4203977316777276,7,0.07955731607768914,1.2071739610038468,0.13602722142182871,1724.0025601695345,843.7342647781322,9.939528211290042,0.2958582710772226,9.455565987361389,3.2849000520115466,exfiltration
1.7782807591514551,455.4027524239534,1.7846050755863698,1,0.11467668510799689,1.341086482306962,0.12867215986976507,2573.9882091980185,362.7674322423203,0.768559782808659,0.7415745306204615,1.4908166630546653,1.6722047813560752,c2_beacon
1.7081085232772981,338.038321970136,0.8443211736179326,5,0.1654965362804769,1.665063310812924,0.18565018545482767,21660.282001430398,1755.3975954236432,7.716582145022075,0.08767712191055822,1.4832099623493895,1.581454009947958,ja4_malware
2.3414075559123675,478.5006247403789,0.7296044030663199,44,0.5963825662072053,1.1601239942415649,0.278867468272557,3141.9342942604817,740.1257785763081,14.149385788441375,0.15763526077744114,1.12205911873454,1.6557160714468364,port_scan
1.8781824428535223,257.4462078990663,1.4343128736071624,96,0.7213077644718588,2.9677620015620425,0.19296542373431258,1335.1010217450296,493.7153767094585,5.160815779642206,0.1030368309571645,1.3994379687787921,1.4749496339670614,port_scan
1.6098773201575967,140.6777012594057,0.5599055909373515,4,5.135268734842713e-05,5.057854715749711,0.026174757722774424,2564.8315725695625,544.9088712546978,17.046891737741,0.25590247158839985,0.4006448460715577,1.4430920845171682,dga
3.6735415011557047,8448.594802168092,18.97893991659549,4,0.06975378986890164,2.9842563126814614,0.23572912043931027,1393.4638559109105,562.5616179658816,19.8540350383857,0.07500266525676962,0.7424333315557095,0.7576324951112251,ddos
1.7240426569032254,15.93355142226657,1.6047060822863501,62,0.6585491198125624,2.017672833045273,0.21345572117004824,3121.414261314107,577.5493643686505,1.1200466841979073,0.2980946120043182,1.0441980446746668,0.5311977341333984,port_scan
2.4442931516368844,98.73736656839183,1.1628934979368308,2,0.15330609902809386,1.9494095596203862,0.16725942345211833,1263.4795530896063,836.7184191558256,8.773225712536266,0.06110929711825955,17.045573926506354,4.176408264857166,exfiltration
1.6679020592794251,94.03880564419114,1.780883708866036,88,0.5218188140738136,1.9911795613510723,0.20595553955549967,2566.678389055117,970.2143641490205,14.379181975209018,0.07904351001871003,0.6364859044801128,1.3520155238801017,port_scan
1.9038778164362156,274.9052124965667,1.7820996809362137,4,0.06566577999091874,4.472778161357368,0.07948808725071636,4809.1335390988515,864.7462933013879,14.951109251994815,0.07863876763410563,1.1731945953209324,1.3266757890496557,dga
1.9082639983210643,404.1709080225803,1.0059118603705175,5,0.24351508038829356,2.9767352465179453,0.27463142969346466,684.5662832172646,634.332005386977,0.33109180886799056,0.420738480781397,1.6382281300299593,1.597345381522628,c2_beacon
1.7503328824444293,449.3691706636016,0.9107919871336647,1,0.0860825322318405,2.4318570986847554,0.25962444287759995,4663.752807654265,909.3135899677419,0.5086175628008389,0.6251964749588068,1.5804095671212295,1.6799203185695315,c2_beacon
2.422560661006051,139.49383469641205,1.3095198656739615,4,0.024709285206929076,3.8326700278734402,0.048808650005265575,3645.0618265249464,847.753030985438,3.256985113995958,0.07420240275029612,0.2695932970086004,0.5937547950564528,dga
3.6060931071223505,8630.824676769353,6.783369021872851,6,0.15319745551401412,2.193787402947627,0.21540949572878393,2810.128377212342,886.5946840214069,18.210598091255658,0.15497175246669354,1.067914722380297,1.1296078705468768,ddos
2.2489733786981825,1970.8229656566634,7.472777376494152,2,0.2520796641191644,1.628269548196088,0.17296725808212127,2266.8468287351507,736.638697361944,4.045213792115125,0.221589114635954,0.970171690220524,1.8842540558727017,ddos
2.0232914874023304,99.05372135760668,1.2044061873014256,3,0.18689733758562177,1.4296677619096365,0.20220952092347988,3059.9088348251053,952.9913095606014,0.24996536545219314,0.42892425904377646,0.4312410867805173,1.2675766794010797,c2_beacon
1.1121534911431412,69.6344166195199,1.5128119742651522,7,0.28271205675961836,1.3498298361465142,0.14310998254083912,43105.52166994865,1600.7045594981246,12.982916535518497,0.1653245815461963,0.9088567949545137,1.695756578294617,ja4_malware
1.764927905340894,359.1045155418371,1.5092841192862172,6,0.043671631217247826,1.9154668411154638,0.15236924699817203,3345.4930608201093,392.1340138496722,0.052198597376345364,0.44864623332962195,1.2728271842892875,0.9493786789216572,c2_beacon
2.359448798632994,284.04467754202767,1.6156864687196575,55,0.500351884158844,1.5525507948639845,0.11065525557743268,2719.273269056765,460.33929431745264,11.78259752533826,0.19252314731701567,1.4846743199536336,1.0880198759858641,port_scan
1.0275863368368074,175.66895993600875,0.6793446195127097,3,0.11019833969492103,1.431004025114817,0.16306901887830264,28979.436968862836,1233.3578419661828,15.435007338963835,0.0755650775387269,1.4622139935028944,1.692373705135469,ja4_malware
2.312866598953761,225.47753869352346,1.712098033887956,14,0.6011035690238118,2.2612366072602583,0.18389758535585177,4600.666478362042,494.3113316969766,1.1803383462820682,0.20330808814765697,1.7887155934059347,1.0607465928908042,port_scan
1.3817809236787888,295.0544688069972,0.7787877258774303,4,0.12166793537617045,3.8134975472057757,0.03291726767987475,2356.3251869156234,772.2162121452,4.0799489746556095,0.27320079888711263,0.5254216066592361,1.0455657770734237,dga
1.6081300889005838,197.8138213777886,1.31425274358746,52,0.7875738473336873,1.2239666477425746,0.17066877118798524,2030.3070517236044,950.6207293417079,6.316645389249134,0.0798247621140392,1.8225575504484055,1.4897929410507709,port_scan
2.4810615240877905,46.124423278570866,1.1840484235963389,3,0.0071856001488968865,1.2273140553753121,0.11081953458746058,29933.02892086879,1682.9142306199242,3.616668217015466,0.024687127728038636,1.5494311945257677,1.159501706686806,ja4_malware
2.357952884446935,58.66078480180613,1.0299783149604747,50,0.8565306290133232,1.2226647768217098,0.17634687155840795,4794.829739221454,985.7021247871774,4.485087408899528,0.07883549048329772,0.7959896876294603,0.5610887067418433,port_scan
1.6452619318574346,52.6064728088252,1.4890221423452579,39,0.8487833184895306,1.4478524049011028,0.18600690449442303,1450.7894604849848,328.52436545034544,16.43118337432398,0.28059722410202836,0.9189985217363572,1.400020332330956,port_scan
2.4176036737930993,398.74529204878405,1.945961245861857,3,0.09909347507800677,1.4028608049670546,0.14343533113500673,44284.63753499961,1404.502864991613,9.552323528912027,0.019035056686637384,1.4597086123302763,0.6610557548363263,ja4_malware
2.146255471337842,431.1889865673287,1.034579285113209,2,0.15051769040496304,2.8396373767556833,0.1719435260450889,28402.440997756854,1945.532041568376,11.692984255831238,0.27754208582137346,0.8150217680776282,1.1878659077900662,ja4_malware
1.8150056308626337,471.5207197398746,1.8123815715927523,4,0.1330457191087467,3.6613075458267494,0.05989347278236039,3707.867607675905,301.60970028438425,17.43520242970873,0.2860330313868378,0.6271969575850322,1.4426929508001127,dga
1.2317043950471183,84.84226683437264,1.7669713383339953,2,0.12450566924751788,5.496131843529772,0.03814583717806494,2301.7565289234244,649.4150304566238,16.188095970863984,0.09304050431454566,0.6656403699490654,0.790381215247271,dga
2.177145173878281,158.01506870398288,1.1341010514080934,7,0.20787797717575648,2.6054099522537575,0.20977751780131343,3756.0544230736164,626.727048143258,3.1298854161020193,0.05689391446443739,0.45772175087488604,1.0670226610045233,normal
2.148551936022941,456.095301716413,1.5613250552123277,22,0.6081764066396171,2.4512645806000193,0.14620979615526977,979.9159303084314,609.278094871046,15.495899530436146,0.21368168109764293,0.8781364644846039,1.712683350948013,port_scan
1.3181018095118016,236.0554281071096,0.7171814416413289,3,0.16044695922594768,4.250618363337644,0.03941186436094395,3220.760617736665,679.595235062504,9.2898271454298,0.23195696484473444,0.7598668468704408,1.3644274590086614,dga
1.8547907520123954,409.25609080746307,1.2511348903877146,90,0.9544675233911438,1.1715554278608649,0.1571714565766022,4034.319085865889,301.953623331512,12.554520583086044,0.1760881737038962,1.526888674669094,1.2312524361318502,port_scan
2.419990606869285,201.26393704491448,1.6829161461045146,4,0.13151844206547864,1.020195359176963,0.17903274953132434,39106.3121041685,1516.1486038207454,8.427434706271683,0.0907146135756365,0.41268132270461844,0.5388880794558053,ja4_malware
1.0066585592206496,157.69692879185027,0.8455484144853247,1,0.21418938306246285,2.5823650541142906,0.13344348843475007,25212.840205648834,1481.462221088347,8.995666860792909,0.22878726362129204,0.4045669886713668,1.8872620825634696,ja4_malware
1.0561188342642698,51.55767970552392,0.7520012728668066,3,0.16484808384001745,2.074875146707953,0.23470274294504873,366.47167341740715,570.4617553852647,3.8624023912253462,0.28235208279755564,0.5397185978173327,0.9088528862521703,normal
2.049490533977649,213.257230806272,1.6842835949582402,16,0.5592610016058034,1.7563155912642467,0.10599845680042282,2593.0721313008935,893.3278586308653,13.173006063183882,0.06698695487379792,0.715297738992555,1.6164817352574088,port_scan
1.6808453231144496,128.816597983883,0.672989657166482,2,0.285892548468031,2.9009925396054124,0.14897094943874317,103.14728812938125,896.307499022581,12.743402926637687,0.23005845609084394,0.40288891939014804,1.3537601401081645,normal
1.5462767808941846,477.0458217711544,0.5063771256506437,3,0.2454011776331778,2.1512740437121938,0.2767431095819003,4712.188242949519,904.5258278265867,15.317983799153769,0.1176789486871343,5.716303267585772,5.91702389177639,exfiltration
1.3499119711794119,468.2833804226143,1.5552065107361759,4,0.25058477909041305,1.0530907138019285,0.2478783739498707,28729.022274862386,1243.3440786782437,16.938440960794324,0.08718597824777914,1.6036909678847977,0.5929503392215618,ja4_malware
3.654103886462176,9647.939133994212,17.722772529558988,2,0.0023692689958959567,2.2210304531607923,0.19926881800727145,468.4779031845305,302.7596327728772,5.89924765882585,0.03966280109726067,1.619334484202605,0.8902116654412291,ddos
1.5631567798819186,398.6542636220148,0.8331794181164114,1,0.0022481544414374444,4.57095949641831,0.07529371032901845,1975.4016104135994,312.3681570211424,6.236917986009984,0.2635767222587938,1.6281148203295956,1.7468772237995247,dga
1.6133435645531258,322.382650373001,1.026198557402339,1,0.18568744747799396,2.75796636364208,0.22120645311386705,27844.083128848757,1505.8818263735525,13.381725847050085,0.12404760217897642,1.8307199758078658,0.5109502247738071,ja4_malware
1.325366270214092,148.82541826250664,0.8459085882870547,7,0.1372009700315712,4.951264561142761,0.029639991240350362,665.1989494059047,761.6373522384561,13.174002523258109,0.27439992005125036,0.829351487691635,1.5342996919816956,dga
1.4254974133197724,462.3382729860154,1.929952083849741,17,0.9484206591397246,1.5243190036456917,0.1660774239237178,2121.893198679506,510.90778724288134,9.232623376167691,0.041448520218156336,1.4722278664678614,0.8584021487249975,port_scan
1.6372409011354168,103.15685691484724,0.9630445814200861,7,0.01988095813957169,5.700585916259163,0.06346927675663579,2603.4460378822946,694.6638029091023,14.87253915259533,0.025982351074132215,1.8440784092725409,1.164439105994734,dga
2.4820251526305146,346.2625049979787,1.115384566196434,2,0.09643855527603713,3.913267341267506,0.063307814974835,2909.180039390281,368.4263589133209,8.911015848613888,0.1592368351585459,0.5202939291632106,1.60863830262215,dga
1.267096749120391,397.09599100877955,0.9218451560867562,4,0.21805319649896412,4.2745267902904835,0.05301835072839942,3078.559601859435,933.3053620110097,5.396193799885322,0.1222304043311682,1.6770634308509649,0.9999123969361902,dga
1.741933616918849,464.0476314817952,0.980786559445884,16,0.7157231344735533,2.0699374602343585,0.16097463515750793,2884.7569172330764,352.30395238252504,7.9716235907180275,0.20577665073867157,1.3724791636910185,0.9031375017598,port_scan
1.2711696080952746,496.1222348280425,1.975296465551207,4,0.26026050477920715,2.4730569499469195,0.2303662281867211,1619.4779592687896,312.07237059271563,0.5723918685294981,0.5343904483371039,0.3420510489195106,1.9586503448087846,c2_beacon
3.0976333514328402,7848.748874179902,6.873109918888222,2,0.29706710012679044,1.9130178635739226,0.1445246727648379,3222.8198943069665,743.7878159756626,9.13919750385822,0.11239332847483842,1.4073012231813924,1.088130765802115,ddos
3.96692767648607,4181.681543222892,9.963574446551409,6,0.1715002223784102,2.3445470953493204,0.19907401460435165,3532.6751477587686,812.6570238416479,15.252416336215012,0.21038630428939312,1.9017101112520092,1.833219971755507,ddos
2.249017294086756,282.42501973393973,1.5012348847201369,3,0.092299639913709,2.4163689735182348,0.11502788158643927,3630.2498489941536,527.3394400441366,2.2402674550945374,0.005047781775847415,1.0070439631912258,1.5360572195319508,normal
1.488060945725633,186.81549970199157,1.2371398100911326,7,0.005490759058638805,1.121061215066738,0.24755211350102407,14905.206010275568,1436.4855283991506,2.033958349569957,0.050240104170664324,1.3414896050315817,1.7011669425169647,ja4_malware
2.0712238610986518,304.9853705481809,0.9016083757130692,42,0.507520268377202,2.9287440865280514,0.12420549847737661,4011.165232872613,906.6869892218954,4.5907274334793335,0.04728732621963071,0.20638450694463234,1.8853571245884435,port_scan
1.9607843275770809,75.7909865378579,1.1106658121024742,5,0.24916762075847765,1.1401447340424848,0.2899657144605623,34328.20816503123,1458.1229383167229,13.013663409736674,0.16315186875315787,0.7812005363778578,1.9241267319453041,ja4_malware
1.7961543858985802,10.604200630834985,0.5829056142518414,4,0.021373343209977334,2.846605380515757,0.2097909065388992,3089.120091380069,526.5014060745334,3.037006071342672,0.10660796110679954,0.7821546643294546,1.8619178698163856,normal
1.961340117148292,493.2262340443852,1.2368155172698754,67,0.7678000129157274,2.292324871947532,0.23770328278068267,2163.9820676200993,371.06343010129564,1.4006588281115002,0.023452244764395246,0.9843333536332608,0.6528197041531039,port_scan
1.4811054269132138,33.3391790824451,0.9284464502458192,4,0.14680079535023596,1.7805098815648155,0.28964194733649606,16262.82671258867,1327.7354605149455,17.93413060665234,0.2892558840195801,0.9612013381807121,1.882595232647711,ja4_malware
2.4130865485349173,126.85549015466177,0.5223200750384283,61,0.6892462698169002,1.737504106133801,0.15163636995588542,1402.3524384532489,939.8778973499316,13.193308542685036,0.09281949752611224,0.5947249787822942,1.1260443423238997,port_scan
1.4019370437340317,100.65384951801187,1.5127431315026962,26,0.8444281763612669,1.1186881433852534,0.27715191843211007,1233.7355585906919,930.8882999191871,9.85787676005752,0.05621682726373223,0.3308482786879414,1.9336958339220558,port_scan
2.236996285684512,83.7224656631623,1.10189744627917,4,0.08597812947414397,1.8395307341975173,0.27786037015344267,3565.60925155717,420.65705859497314,10.798873438216583,0.15953365298538283,1.16693687778866,1.554859095359209,normal
1.6686240375749115,144.31276697490733,1.868759862582178,14,0.8279274760708527,2.8939597403504953,0.1974442352326082,226.128687998793,528.6706671594545,7.637939528365603,0.1426323475529299,1.76703808498799,1.1570765271564962,port_scan
2.8133482999701145,5376.921234247481,16.069951384626172,4,0.06381144163933727,1.780219424911439,0.23133613115061527,4262.808633065096,432.11569903225063,7.2632570496322675,0.03187467282403123,0.6804911226180117,0.6310815222450799,ddos
2.3885071204770156,402.0073691891013,0.6969653098859352,1,0.20756157686526758,2.7299354004063208,0.10465838974148554,2475.154235320047,692.5447367740264,0.8302091999231515,0.4477352435979201,1.2796847193684913,1.8458834364687255,c2_beacon
1.6663435200113987,483.6380747745657,0.9405486691727631,2,0.22474737549538992,2.849536578847406,0.2935906170889068,3210.1361937839965,794.6093082830671,0.3570214105134899,0.7439327882607226,0.5819639307837774,0.6186286515343091,c2_beacon
1.9088461119118838,470.5904858833099,0.5045701294562883,4,0.04476806181973381,5.044045062284698,0.05617550001219796,1277.5211414970515,800.3900861535018,15.319898097229785,0.19010054486667055,1.5896514111448248,0.9791595079517045,dga
2.3470904019753087,54.44077033880162,0.7472078306818513,69,0.5479087581445282,2.6268516077154542,0.22576583831555333,532.3234154214911,336.33181544914385,16.81207534771351,0.03949499330358682,1.2335600542242824,1.7922131031316022,port_scan
1.2061118950567034,16.110240191194485,0.6516592489033775,4,0.10838966965580492,2.535322065397483,0.2749646308548108,4039.0254275134803,370.6658395086794,5.473588323263736,0.12366919490630905,0.9681136392384424,0.5995312171349028,normal
1.325412185004816,190.77002469179905,1.9220517237263444,68,0.950771189597009,1.8522629946915872,0.2728415184492833,2077.576656939587,548.7020259117696,9.14704653077947,0.23604765118657528,1.3034039569525204,1.6799107305561143,port_scan
3.2186798419175053,8924.074273455917,7.528041681883048,4,0.11738082227524521,2.5574874277241464,0.2248155933058683,4206.323742617552,326.26081890560886,9.070920494097663,0.07506243313113603,0.7579995494050731,1.2923732664687093,ddos
1.0492481602745272,247.04541293976385,1.501684855779968,5,0.2300851469170962,2.5824464815126515,0.10207040431735913,3830.2977805951905,877.2882218926756,0.7989461791790897,0.6649829227797911,0.3535514058386091,1.2507629781170961,c2_beacon
1.6131746641430458,494.4159102745925,1.1326490940718419,6,0.1017047572719781,1.0054145473515743,0.187870012371245,4687.764614742862,983.3406050506625,7.012742705889689,0.24007453308266027,0.6959195110187288,1.8618996842278892,normal
1.5090580392133848,254.18875758699508,1.6656550781136301,19,0.9893928839779704,1.7996383666824645,0.12904480074887242,2730.6864521562807,908.5543472458083,13.650797591190525,0.17692437851839574,0.29734960278461153,0.7183714479791898,port_scan
1.242785521137147,331.9738269188787,1.2664219286781189,6,0.10013080471735038,4.382368767449496,0.023313573546618074,932.2483987774527,836.2423787854159,16.001464068625836,0.07820696587328603,0.6164120271064187,1.7952106308913138,dga
2.0879279518026426,310.8115930040822,1.2125657555090297,6,0.15515215221302806,4.066461151409474,0.014361840012857141,4610.735240851541,307.31650669163696,9.194773089904288,0.05712248930486171,1.532560101575898,0.779663974270282,dga
3.51381581940806,3160.5406123354887,5.158343942091923,7,0.15125439700970555,1.5044085779849752,0.13548590927620216,1196.1279117621739,968.8070345656174,5.746239886818749,0.023129900685391613,1.4586950214158951,0.9142098028332944,ddos
2.0962097459864486,170.24151080865113,0.6261513820427616,7,0.08631552731662465,1.4950155485484802,0.13453906139003674,1141.0917168901403,648.6791134260086,13.723375264344577,0.22015259509925553,13.825459779798544,5.965495243289325,exfiltration
2.1909028609954957,381.62974473519625,0.999960120299469,98,0.9918511230356786,1.7564998445082987,0.2773682323306126,3895.696297547586,876.8525783963246,11.562145850244455,0.2243636572693897,0.5465892338983276,0.9487398614241003,port_scan
2.1295476503033948,21.261615508510232,0.6899826785503754,2,0.1670595243430665,1.2229173886032167,0.15009418176879435,39103.21464511049,1371.565071038952,7.5709763315902325,0.22446481838015017,1.1060556889454851,1.9575931474689683,ja4_malware
2.084586640167103,81.9068137304606,1.4950974909592127,7,0.1482039779292887,1.3414532570195787,0.20900704798851533,4674.768471577866,936.7480557182282,2.1064998587367474,0.17885344274573642,19.339498354243254,8.68774364505693,exfiltration
1.8256278223348745,53.80438413788947,1.4789710059757644,1,0.1410068932933191,1.7711332438803784,0.2344688925280477,35934.056259025376,1679.3445952978302,2.847564138390226,0.06018454514682987,1.2284137643816264,0.885889123484755,ja4_malware
1.2499977761265657,301.32613333559055,0.7467801245086503,3,0.05670673318717246,1.5464238294842565,0.16582076865633494,27691.28768779056,1614.753372257986,15.756571124325673,0.294246344045506,0.5600114592887784,0.8255275288277033,ja4_malware
1.2755983269830706,195.8066179061962,1.4385567663589582,7,0.29540981488549045,2.3879872972619545,0.27870843899910647,15332.137765253101,1444.2549525656423,17.572277762195288,0.20720587186202613,1.073606290559754,0.8559898289338146,ja4_malware
2.4518767710992,106.66224591252404,1.2917672103299345,3,0.2556985454114132,2.637408939487609,0.2868184494371848,44388.59856159743,1615.4823629396242,5.8530543811297635,0.05348421604666369,1.0751138120001815,0.9045792812899032,ja4_malware
1.6598219023741745,253.25128202603113,1.9370448077556202,2,0.2771113644528978,2.635154616505905,0.14108240203263703,14450.855565772592,1355.3631116019872,11.54654650964408,0.0487213743706326,1.4348747396474972,0.570198585961547,ja4_malware
1.3937669485841808,498.89612619478436,0.9413578460301542,3,0.10806212085919228,1.286463343634635,0.28910094187963453,2677.891758803295,569.3070156650343,18.9499568508781,0.0931566948193402,15.694035612672865,7.073113675094178,exfiltration
2.4484431959989195,86.30837121665785,1.2193721295322288,3,0.258245253519259,5.236192450060668,0.05835320242055964,824.9103834735353,305.6769271086668,2.064734859589886,0.024232244491818964,1.0028966083788928,1.7274787164337762,dga
2.079576833123759,338.5370706093685,1.5673665687894656,5,0.0879510437949165,4.017141736320972,0.06058449261492451,4479.563958086538,476.6013378696258,15.163170822038968,0.16930531101996502,0.8896315740400143,1.0426378764802973,dga
1.8772862694606278,280.30272765295916,0.7777231608274235,44,0.986887492702419,1.602195258916277,0.11193917255058852,3990.2197674654767,949.0009722615384,9.663832363982976,0.021208831799469717,1.903377836647874,1.4554671379613593,port_scan
3.560136755312448,6581.177775445293,15.75166502808576,5,0.12581242712307428,1.604677390704997,0.15143943618491726,1201.2134582282808,307.7116759968748,5.505922525461003,0.10628752490637643,0.5765972018672345,0.9495687521952922,ddos
1.3800750307587808,344.464983122518,1.0549765517707967,1,0.14838006719233587,1.813711678781653,0.17805522835446863,4425.952766984399,735.2573356600137,4.4544936055516615,0.19303867024608293,0.9446990125955395,1.306306152274442,normal
1.5257974852866343,156.25215838994657,0.6583471794110272,5,0.0046515028461387884,1.1841754290259159,0.1343962792407653,27527.020789800255,1526.825624884943,18.15601303743432,0.15747022280071857,0.318946384697174,1.4044746877856054,ja4_malware
2.3804013260084265,451.4369325770878,1.155316148306097,3,0.15309304846297442,1.5042632730982513,0.10952606224363413,1566.9366147449468,414.42538600164863,0.11322240571966966,0.6917040644696962,0.7719592439144651,0.5634726821029532,c2_beacon
4.41658885319628,9545.89462757112,18.632538861056922,7,0.24321146515248737,2.2502201289369412,0.24386781309666583,716.7294564133246,927.3014308008841,11.986562564328578,0.25367215434845913,1.7948828800007774,1.2091077682656324,ddos
2.110182825870071,464.10199959282204,1.871661880930525,1,0.04675647477177438,1.6936248145963817,0.20314092015408,2221.247211847952,351.5041720702146,7.3013271828490405,0.10372751164299635,17.751927982871834,6.402859649457351,exfiltration
1.392062187033436,138.41822863656,0.823852099078428,4,0.14847512855884762,4.042849950066025,0.06673241589813864,2397.831200271578,894.3997578860373,18.83492409074069,0.07746253716522052,0.9344401152523769,1.4200293188237296,dga
2.8573081294571487,3116.502910342124,5.208765437357739,5,0.1500486858753236,2.001442144749363,0.17126463324301536,3206.6194871098155,316.1489674425295,12.323249828221806,0.02269342910954718,1.732391249089494,1.6716871479624518,ddos
1.0311092933506492,62.30744224653964,1.311403084032329,3,0.21422971334257188,2.9534811745137612,0.22148802363913217,39583.223491575074,1300.9800281924759,16.56146994066811,0.15892319037399874,0.5279107875831757,0.807620397827257,ja4_malware
4.858120276444475,4107.034304678171,19.143884306369657,1,0.24008508499362557,1.0104326421297887,0.18396396571906856,1234.040910512062,638.5229762278846,19.808736739201084,0.05453888298188179,0.6112054018722026,0.9911248393425538,ddos
1.14920390446565,72.70152531332597,1.8229876973947752,6,0.2890020917363049,1.3404626772929136,0.2826565548713452,2826.088779435769,884.25279009491,0.150092502027156,0.452021190549611,1.3874905026641708,1.7087812955884432,c2_beacon
2.064857045921956,130.17689678137273,1.352854572055603,5,0.24477036463892823,1.3317320594466857,0.17761070946044952,2175.568206644453,663.3985489127986,13.703123470598701,0.2922662498505949,0.723976694655275,1.1233912964025599,normal
3.430601187388369,9526.493689993096,19.905661765021087,7,0.10000871008712643,2.371998120743627,0.2135329412827966,447.91230277487887,679.8454486279661,13.870258487862628,0.10891551053748962,0.4638334258427555,1.5789302935571812,ddos
1.8773788956823507,140.6546613034508,1.2661182235992046,6,0.06411414926273207,2.295001794992044,0.21758253331790217,3278.529039753362,578.7725670344564,2.0204466711366234,0.28908523178101303,18.11537380444463,7.085485279498173,exfiltration
2.195730101454556,377.3450189985548,1.2987346112708122,28,0.8980860053093498,1.8635174238812289,0.15735653516776618,3498.0934753277934,856.5040981464638,14.341360267450629,0.17388607713962836,1.2302611748331065,1.742927705754039,port_scan
1.0620974606483842,443.12457458984557,0.7243873792497177,6,0.23065115013153253,1.84596456751782,0.15420992971476855,10620.101629015116,1480.4166822191814,5.20216007377277,0.0011774002959022423,0.3822877764265612,1.8445262997506364,ja4_malware
1.4337313479720049,230.69515975221222,1.4912843843889494,7,0.26677066948698985,1.242052197624877,0.14171913383391593,32767.11708260333,1867.7589973237582,12.407259970821038,0.07367449883977333,1.2291505528045406,0.7220364061483722,ja4_malware
1.492269843936248,101.46670090243022,1.748602326285687,3,0.022454309626507383,1.0072288156063227,0.2372431551108018,511.88900787300565,701.3686052006204,10.53386960556305,0.12654675473050234,14.451476550540102,8.174390795388696,exfiltration
1.458864568138749,135.8833780330511,1.4974592062269363,5,0.14908671108022287,1.884102447284171,0.2631270056689859,41586.72094593414,1660.6760122416433,12.49257201678344,0.286195834038622,1.5301258926877264,0.7739893991176212,ja4_malware
2.4382273556907723,481.5504992687376,0.5621545781630691,1,0.03777133746200658,3.8653287877996427,0.010873717475375551,2838.0020061030286,567.9732940777308,5.91326742242339,0.1597606381837182,0.8611993289381601,1.5041086690339505,dga
1.8586457710507744,457.1655446295463,0.9556949276149161,6,0.2810721864392861,2.5069210788726837,0.2521677680642414,1178.2367703353784,514.0860682887969,13.382276419311138,0.18432097531929603,1.838742211696926,1.7527422436757445,normal
2.193500090992166,77.21977260813254,0.8902170382996963,38,0.915094126535916,2.132411638876838,0.13080058289888222,882.5220579956316,944.0251324905803,9.55119652839131,0.007006624349102486,1.9905820737233992,1.529341639255374,port_scan
4.108170806025823,1580.7463973690221,15.437761229554422,6,0.21832658365596366,1.1396121987424612,0.19490511896050938,1248.649679518155,902.46722640215,3.6964025372113705,0.12751976096188736,1.5995938417741098,0.7506754199117918,ddos
1.345348740751653,331.4168381768731,1.7719900357282454,5,0.1605596887390341,1.4498029643751615,0.22485942270096532,40112.618830732055,1818.062727350772,11.77213378457028,0.13340088821966914,1.2437747714045637,1.441123162355653,ja4_malware
1.512957839643291,268.2883363421991,1.8494537149298438,14,0.9466742264901046,2.5942371725879085,0.20308685166973234,2872.1939930231983,593.9120741386344,2.8076706616669913,0.08893401494328114,0.770866509764178,1.1076492647619198,port_scan
1.9576090349357385,378.80308550572465,0.5162490095386785,4,0.1930938312673973,1.952405143094864,0.2803018798739537,10418.824515650016,1438.5809579703944,4.4707481402435825,0.16311735118992038,1.482735476572268,1.2772715781948667,ja4_malware
1.9126482790922648,21.970517884782552,1.580399292120843,4,0.2520882193424723,4.604530386524816,0.04696661923227061,3342.485303265811,731.0143912483146,13.569572791561916,0.25363320232850983,1.410773226381037,1.4262459140023418,dga
1.2147204830239462,90.48963530412585,1.743306865741338,5,0.17994161824620783,2.460950217592869,0.15157719581214493,23177.91789488763,1430.8873500622203,11.882859504133787,0.24488027409312196,0.3670871156598752,0.9482157711947711,ja4_malware
1.8531117939293407,250.19679577677735,0.8037836118862789,2,0.13405165272424577,1.8623019142822301,0.2462059746296821,224.95766340496957,740.709791530817,7.540897955748389,0.17841080157528008,0.7301888368219864,1.7455202609203415,normal
2.322520358958606,54.010944440952215,1.7688413818360047,1,0.188339217570142,2.771775637852408,0.16685765935305805,4862.5727189356485,864.589009413338,11.697118682167405,0.09911661357445216,9.817955237538836,7.470208421554565,exfiltration
2.4405710394890976,13.4064009938435,1.1576387715727428,5,0.10193504864579318,2.7067954624775927,0.10583793238161512,44674.67224759733,1398.3741281526666,2.050584153413902,0.2787930411690634,1.8635448521956028,1.8822021710759005,ja4_malware
2.0633092377440883,30.81848817280582,1.1688432956622945,4,0.15124890837038152,1.275898146274001,0.11391022084791534,682.7966773424748,523.3737886198703,0.1742639306848014,0.5995042541847355,1.3881420288185586,0.929602279238182,c2_beacon
1.1766051021732222,457.1457766729039,1.7767348648129984,7,0.17748248771448968,1.444882438573174,0.29961960528714315,3407.517012865086,917.1554428096878,0.5314163983467379,0.5563812214993332,1.1983850577225887,1.0730014336504676,c2_beacon
2.2866581314516856,64.77438201116243,1.6455427192743877,2,0.048019323397062365,2.307506760592646,0.22865840555144543,24055.290758560186,1230.5717498564768,14.617935750448968,0.28692914029855965,1.281157109008896,1.72564802401347,ja4_malware
1.384780151391695,447.44633777115274,0.5729797603170693,3,0.1970310235170108,1.2219674252843362,0.11791391789231326,2531.2672351701963,859.2260406049232,0.6737914466759009,0.7447961123184608,0.41558536862870543,1.2709789594682184,c2_beacon
1.4489257073435953,278.12338942919774,0.5953875542896654,2,0.21297561752140934,2.3159541791550593,0.2819604028231341,1056.7876872295183,670.1824187898451,0.8979553704282952,0.7028642633008158,1.6870338477565467,1.6457135582743019,c2_beacon
1.1496389051598126,494.8869195905126,0.9534513292702705,4,0.24269150676690754,2.6086750265737955,0.1524623587231069,672.4761086207541,528.8878116500497,2.7900922778527786,0.131828350728198,19.616463200875863,8.141743598637564,exfiltration
1.308256552565074,209.78577532353776,0.9797787207665621,3,0.004814587398125236,2.253373933738765,0.28353086375255343,33017.682293746955,1445.9956452211609,17.643262095407152,0.05912353405298101,1.5091096000989226,1.7935505589325873,ja4_malware
1.8495995226775896,387.5529455123751,0.8000946062797462,79,0.5025562565585202,2.821795674537928,0.2435954382409755,2460.2510106605446,826.0321280089228,13.633698949542076,0.21622355367593,0.7606602493488168,1.943831349680633,port_scan
2.806965355416901,3740.5738584775327,5.336914181613529,1,0.19389486783867937,1.6094232066054008,0.27140213390445234,3407.592418267669,918.5577155457388,7.388890371780617,0.12438935407302698,1.727960925906851,0.6747489959430818,ddos
2.4671958990581366,9027.551099901368,11.96953924916347,4,0.10051401939742731,1.0777312710717764,0.18328103096825946,4628.299769917681,443.8908842381845,11.455885740338218,0.1936447529573267,0.3438530442489265,0.991076301321119,ddos
1.0956363592868488,446.8863619917786,0.7590938246551309,3,0.009412357360020484,1.04067245770641,0.2633137203579209,46224.79463538363,1260.5197188480192,5.621815171238156,0.13138035662734557,1.5837964500595625,0.6051225948571479,ja4_malware
1.9088877664715915,91.00254844997266,1.042398544358994,5,0.10557898290688983,2.1639982575128283,0.23560231083435923,3974.300599058587,852.3372957250026,13.542235043758584,0.052317515346914555,1.1286027207998004,1.1383159520745822,normal
1.9833698865232297,458.57752446528156,1.693114600027839,36,0.9967423086451241,1.0184978633672717,0.2313425521585453,2958.314823692104,672.501193057612,12.38986042603051,0.0368381550822481,1.758176463547711,1.294469694501767,port_scan
2.97429379005975,2361.0962164650587,16.413931588497476,2,0.06192728297196225,1.4954875973659292,0.19030341204586648,2553.2426268196136,339.3004784734901,16.510026191061712,0.014487555231120063,0.8294249141865995,1.6584231258779734,ddos
2.2801046099022493,246.46052920777404,1.1659143295939645,2,0.15859726143248729,1.8065471658606882,0.11081086232371984,3567.636459392376,676.8413595331093,12.752264493560778,0.19947110371244314,1.7548849104747588,1.5813772851180148,normal
2.3587260378014463,351.6731568533877,1.8162816860789877,7,0.14818798028937957,2.886383560857712,0.2863807167033673,27911.149271304344,1796.6460093478058,3.2093167510190543,0.16300714381418308,0.6840727061456233,0.8376604196722655,ja4_malware
1.3002592786135996,182.63532741303152,0.5648816530212483,44,0.7189221765042046,1.5508700850992667,0.2644862485605015,2857.62293574773,414.80964633703525,3.990171030884456,0.20906475126498986,1.8452023548683274,1.5825189992533204,port_scan
1.9003766392538004,41.97738786699405,0.8137776645800543,60,0.723790543855329,2.7696459441462493,0.1185335394551263,3607.3289335634404,828.0347494688074,7.214709608712866,0.2537919275676579,0.26855953909396957,1.6326123900587937,port_scan
2.249022799139696,339.00341804130835,0.7573591633249119,38,0.8731919255301054,1.2820614634677092,0.19986141800141172,2385.9318303083896,844.7567472557531,6.781885639192274,0.19296854012705497,0.2079068847310003,1.4634453550136657,port_scan
4.166501332731579,2660.3556502644374,14.165980429379315,6,0.11288179550582507,2.8721929346610997,0.22184003198522168,922.946826428957,351.7388409033327,10.237089268929525,0.2702298967612493,1.6163568216869357,1.0869848452094777,ddos
1.05889636923283,304.0420085856106,0.5640030283370691,3,0.12194735313911831,4.153077952314924,0.06605902293237997,3758.0466595202074,390.0734381454925,9.780237686351253,0.13591980890395292,0.8027661856893051,0.7974058072892414,dga
1.257113153675017,145.64214946657987,0.8506510517518082,6,0.1657768594197822,4.863529796448011,0.016983372873587553,412.4883444011634,876.801296005414,8.324947030894846,0.1744318997528822,1.6012105752295764,1.597052501842815,dga
3.5169538391572255,4449.668382361267,19.516611957114243,2,0.21091667011515874,2.4203827896022085,0.25733913977235,605.1341233878001,588.8515682818519,1.5954797877372546,0.12564285486319146,0.4007063092265105,1.1582881027825724,ddos
1.1626329157932243,21.640777252044202,0.5696198479427693,4,0.18290300600336531,1.8358623653548614,0.10599572865687241,19528.819584037214,1464.527232462622,5.5025657699221355,0.2580351046359703,0.8105929921319719,0.5307362514800058,ja4_malware
1.896967397579231,100.09731051111514,0.9921243940500768,7,0.09714764357685911,2.5968976866345885,0.17418369318980972,3507.577004143956,745.191338768462,0.6450729524550854,0.5606053948126015,1.0809855637134569,0.9407261294816105,c2_beacon
1.0375877748664333,236.65899050060546,1.9409654280447182,1,0.20350959237086627,1.3443301790860256,0.11316163429155411,3526.621978734787,859.404491557871,7.2429480283580405,0.19239809780258502,9.966683036728906,4.4385605979241145,exfiltration
1.8656552523833054,19.33645360381653,1.7837265210454691,1,0.27598221903992626,4.49942152025,0.01140130818303475,887.5774600452136,713.1044135533512,10.357194499243375,0.06656144802613369,0.7462026657452119,1.0435406049484013,dga
4.51914003403746,1857.6112296706442,8.722175532166634,5,0.16699857220867384,2.945950201763206,0.2953904748786155,1929.7109510746384,762.3489526478147,11.31776490854413,0.16001352096959795,1.6747664033209582,0.8471273248935699,ddos
1.6964150515043328,470.7059190035307,0.8392582321191826,5,0.20601407812677927,4.823328554885563,0.027326148100811916,3611.6760978346124,814.2702373029288,2.4638459936358714,0.24810598086425742,1.8265657990167246,1.357994761582649,dga
2.0280057340570754,245.2869093383885,1.8492721520494824,6,0.052091689226582735,5.60253682559895,0.047584421240118815,4244.32420965303,935.6454163473293,8.259969439973053,0.06068138661571223,0.953750827514201,0.6030375190296313,dga
2.449210853340969,300.0147821718006,1.2736727611452614,5,0.03334208421589566,5.499624555985452,0.04756366531948818,4747.358754229316,805.6210465971171,7.014080942560236,0.150554271995252,1.5635114718421441,0.8266265013283387,dga
2.194258627368556,233.62159320614052,0.6674761301004623,4,0.2513741822089241,1.4124679136398732,0.25042007583767567,4730.017850865958,825.4499749574983,15.796876016047452,0.2636361054910223,16.588647819832286,8.646861742570962,exfiltration
1.4561564434936067,42.00201201761082,1.9108651656028042,4,0.23757449016488885,2.233409992934057,0.29305839221546026,4270.405133990867,959.7284423302999,16.027920515280023,0.18838346355022553,8.083367227762796,8.983549190633283,exfiltration
2.25205009978103,72.1550821657766,1.4109537256862086,5,0.10294733038893197,1.3421772720264604,0.12301106063951793,1747.229103208154,734.761262894423,0.2394781395147046,0.69004026143563,1.2858483616891534,1.3236910952494045,c2_beacon
1.6066408430939145,491.68518625355443,1.9176759460893724,7,0.07177567165243272,2.871608586442066,0.15735620090489755,12758.991076441815,1952.2273465686985,13.918078604704426,0.1500389179304541,1.1549926435129985,1.4752261559234834,ja4_malware
2.2766966496429024,139.62450746414243,0.8545406530753168,7,0.034555815994278205,2.8972929358323842,0.13900589352896547,290.6630217936531,356.5402314451471,9.960852465382553,0.182525023963179,1.1821535732256006,1.7596814357842723,normal
4.563565182494047,7818.9659059837395,9.076318231263862,7,0.25202531179443977,2.892630854735901,0.23920149644200397,3642.996925666074,426.74995963365467,1.3284839165304372,0.10164789525659407,1.7476657063727647,1.6455325890852956,ddos
1.1386715377333088,363.5320963557841,1.449113691296686,41,0.8186036239118272,1.0402538530003942,0.25517525794182777,1425.1526389428325,629.5766943249569,8.719814910749578,0.08886324338066627,0.6113529439801765,1.453742975009395,port_scan
4.311954823879455,8452.422477682161,12.772774102170025,5,0.030612899542390246,2.2748054209923776,0.1848995781382212,771.2290235542943,647.8651571829311,11.896866951421618,0.17679350991582812,0.5765692659784436,1.4219332697248415,ddos
2.1572094685301333,143.3324416589216,0.6271281184673156,3,0.20393581156304624,1.1538342832781727,0.10434598322712559,4768.81334034022,476.28863067861425,0.8973785513547361,0.6725257860926768,0.7555138646924682,1.612855678608675,c2_beacon
3.2814109302121457,3234.8448788035907,11.871564242745688,7,0.02781700130290996,2.2897271337048983,0.1225680686634711,2342.6593398381865,773.1761347285444,5.396756843935837,0.20720224591292888,1.701212609542225,1.3128307266865755,ddos
1.1693130422568943,26.55721576369361,1.5078585579573327,4,0.18888360716140104,2.7210130383924653,0.24324870285157776,3768.460213623045,584.5500856414509,13.852523242818092,0.15665826561632284,9.075977838423928,9.078560342081403,exfiltration
1.998258161591525,250.11253021112165,1.8417224072611074,7,0.02242156278671187,2.5856714718654046,0.10085035908081537,47597.80032841944,1990.5622956956238,5.146682560994103,0.018241927604184027,0.46105789053751617,1.367207166473263,ja4_malware
1.523644195072009,318.8951374093437,0.7367171238562742,2,0.1288127719658871,1.7934515373737432,0.14755509157129537,4220.505068071909,932.2923168685822,3.840554611227786,0.028964405541780456,16.41668688974498,4.608899636774233,exfiltration
2.3440121272503607,110.70287814295183,1.6574937582058642,4,0.2655188859131617,1.7039601899949057,0.19926923968663662,4156.242267483753,832.0098791171222,0.5202874398810199,0.880167432223049,1.4120480041882855,1.3440712582845278,c2_beacon
2.46347035562281,251.7904900366582,1.761693329592044,5,0.06703525259106315,3.667746282336095,0.041660126134930774,203.40020378357355,357.3680611827831,18.13357971313654,0.03684318511965,1.7776808070501688,1.2408370160148188,dga
4.859459623138485,1205.3041508244373,14.150526321972693,2,0.11745432452403938,1.5451097461947214,0.16507375459403695,1868.7855225560845,402.52582989534994,3.50860577299346,0.05656727143309228,1.589677924616112,0.53379566630967,ddos
3.0043022649188167,6886.137869567757,7.4671769292792005,4,0.19492261209023742,2.0173186870455835,0.11872856090940438,3966.221196276954,915.6692918003464,4.132664923276307,0.07214702451185184,1.4201138732200476,1.2739893068904107,ddos
1.3340980314699482,417.6807698373616,1.1044365531701534,5,0.20255521521702424,5.215333050299397,0.043148602203560794,1834.093727569191,668.9038838184149,1.877200299661663,0.1824171747607339,1.1615107596189782,0.8976687607465871,dga
1.8157095782742336,61.23627268044887,1.65360043919174,1,0.18153989004294394,2.3158960900469,0.10291758154818367,15634.558538724694,1711.4114178047375,8.843255656386468,0.25147029711496754,1.0368424276194923,0.7659367940401504,ja4_malware
1.0086134110813625,302.81110015339453,0.7426754195654772,32,0.6889308132729062,1.6626429393174869,0.15621547918952647,2768.917926456593,568.3469597101714,18.522182913881768,0.015220641815668366,0.9615346886401326,0.615933974249544,port_scan
1.8824593726135124,373.3911700384425,1.389434946724424,6,0.028206360650649107,2.110084570105095,0.20366085516903307,2910.2767223713968,812.6228955174705,7.521972643527287,0.12178331924639091,1.4254806664877742,1.7277483558153115,normal
2.390965590250687,322.27143052445433,0.5954175663935709,3,0.12248058024254804,1.0348453945602945,0.2905938391581465,2694.92157765005,523.5625675644845,4.058107748090033,0.2477849696171859,14.71778217230987,3.3023493638052033,exfiltration
1.269571406790109,483.47731890019446,1.8340675373714501,2,0.20982541529932486,1.610774889293468,0.26898364771917194,4952.163976037673,823.3391512618881,0.1758510016672575,0.46709238494698846,0.8231186491022258,1.7358964354161652,c2_beacon
2.1316756019160596,441.0330269316322,1.8226556514533627,3,0.1235191913109388,5.888892594549116,0.06658430930849651,260.877396370604,778.9961150756136,7.394918644695531,0.29450061676664474,1.1304901116941133,0.6214037567612334,dga
1.1536109039074327,373.7736424205688,0.5050732181845721,5,0.2259801568644556,1.3849547080215554,0.14549407425480196,38956.5005391576,1777.3445332245117,9.026951237575059,0.20178061214000637,1.1450923374001405,1.6124558658728705,ja4_malware
1.2841794522588044,162.4403676629943,1.9181607308247925,3,0.18360113606870018,1.389437360251255,0.18990094975317626,38014.83650619941,1357.9050867172105,5.255438701782218,0.12058593017004689,0.4017877102081503,1.9037226755265557,ja4_malware
2.0551676820576414,67.73272256526448,1.1586417093940893,5,0.1889629083978553,1.7513122599430233,0.23960677546188883,16974.933994373878,1860.3661301861316,7.332711468060101,0.2924479224403526,1.1403130866933613,1.8651411997603393,ja4_malware
2.114147098206535,2917.259110383483,18.695420380002204,2,0.20240075437673213,2.764209925335347,0.2966077742995763,3329.7538222776866,639.7058674435827,12.98474918529805,0.15562662748915293,0.601426171148193,1.9077266582073946,ddos
2.459590921856948,373.4366818510974,0.972587283582753,91,0.8246993045198323,2.566289991548939,0.12989613780017012,3311.2662744122204,921.016255659013,5.543977310240687,0.05806589482855688,1.7486209513950037,1.0408314694827738,port_scan
1.087840714367799,459.10564423601596,0.6050148829497374,64,0.9683120066613573,1.58913023806032,0.2717930907120288,368.62880838956636,669.8650581415754,19.944098752213364,0.11565237953057796,0.25251037111422703,1.9948930008278971,port_scan
1.4372229877075602,254.09851707303537,1.9518013208097158,4,0.13508807397287118,4.232600814921259,0.049471105707237374,602.3727607930155,868.4454762252477,14.407465044399808,0.06330536660748676,1.6086499412405726,0.5496302673327231,dga
2.54097333914247,1056.3403062139275,16.782553354630366,3,0.1773441560810745,2.2841070008455624,0.1672934831753454,2753.273384416825,703.8030486493632,14.216725577257805,0.11332801239778952,1.239807440281022,0.7920424863437594,ddos
1.7128023567421238,483.7758173477167,0.7445999390869147,7,0.11961197955242289,2.5063162219023267,0.2815245675272373,18548.2884859595,1304.6084956409372,3.4468574404032544,0.13367872818976884,0.45669654766756895,0.6450177412329071,ja4_malware
1.2096287254139648,222.55172338807057,0.870020565839221,5,0.18655860919630216,2.4589901757219583,0.2540790766362654,229.7475963943209,491.4435013688088,14.073172928924134,0.22740052954000395,0.3666060897289992,1.0942201176324502,normal
2.332960745194885,289.15619964488536,1.9929502077527512,7,0.19421245738120949,2.8626037073139856,0.10409198404355556,2466.8836024237307,709.6889858508762,0.07926245699597168,0.5452054396413613,1.7508124186870424,1.8181699332421846,c2_beacon
4.356321681883005,4771.392043437089,12.620939146571864,2,0.2686623599437271,1.5064312862066034,0.22115594249077872,2640.7529274502162,771.9004333457037,13.821145655950959,0.06012226745922802,1.3107560533300764,1.8823753383196276,ddos
2.4169654396666145,434.4259533720167,0.9781031954953476,3,0.12908331681602966,1.5593053599517874,0.15157770489411232,25700.714920639963,1443.665565402241,5.427513119984345,0.2768433518954581,1.7306736455967968,1.5953177244406263,ja4_malware
1.744610679249785,128.11380056006408,0.7608591132779374,86,0.7396656802626748,1.401410337642988,0.2373767934708946,4896.020515668509,584.026348705602,16.530453601979126,0.25212366641824324,1.2452830404655963,0.5906202160918697,port_scan
2.6984979265341202,5651.212602267742,6.329918121254142,6,0.24359019662654502,1.0792545229168315,0.1324367556592087,138.95345307549928,788.9237086128887,11.71439500510309,0.23060644554129436,1.9701600657669787,1.5368978024284166,ddos
2.4102479903793426,461.6117083764356,1.198366070746777,2,0.10137727449374184,5.962337882501708,0.040936529728921915,4255.043701637803,991.45571967305,2.586568077130452,0.12660132366340132,1.5582244215424323,1.2662280908123154,dga
2.3265417864851408,37.807488816498264,1.8319183403054742,7,0.2496602901081908,2.0777394192877243,0.10895107596921812,3874.9017925200933,334.12697881406353,10.674630126069351,0.1351592532008222,19.481886220177362,5.36319936566858,exfiltration
2.371139494156559,94.97058757276528,1.9166541663950594,5,0.2396576548571402,1.6255229434583987,0.2792133626530711,1312.1057633530488,837.9967266059917,0.9867306100823271,0.4281906139143696,1.583438952283468,1.9688785570048095,c2_beacon
1.5384643585235545,70.22215962085858,0.8012669613342389,2,0.06004021547579542,2.8085990600510287,0.2420911418858878,16064.792898669428,1351.4922860305128,16.16402128941989,0.18248513436038144,0.837416378205353,1.4499940257591144,ja4_malware
1.0765221497156034,122.50297793243209,1.1917807191496677,6,0.17432970137856843,2.2056703463979668,0.21165317815065632,25899.810689954313,1772.8956511915203,6.097493900486154,0.02830299782816942,1.0047239374030368,0.951372624254031,ja4_malware
1.3310843431842536,50.815090523067944,1.9106161270587125,4,0.2972405448745166,1.6844738704676536,0.16600052578755692,22835.5333438197,1933.9696747819876,17.41804297769216,0.20352002046401638,1.476401986132848,0.7232985054808093,ja4_malware
1.7973341467938109,375.5517230504837,0.5965849164914059,2,0.19258304312733432,3.557639581523709,0.045117208318567095,2046.771101282779,498.89511725002757,5.164926943444188,0.07379906640533646,1.4299714190473576,1.3078209082302703,dga
2.0521853101129928,424.93653759884245,1.9596744222028097,3,0.17921118593643953,1.3637299579019615,0.12989684885806035,655.9955959319341,998.340268788529,0.535611067802762,0.44380985111750776,0.7977207365121133,1.3478119591262008,c2_beacon
2.1231652504306013,366.0046007654566,0.8148252783581817,11,0.6346507059550244,1.7415034211793512,0.14217667310965143,4125.126590695067,309.2843670384491,2.9711591731994327,0.11668426965491542,0.9064939998704058,1.4276513289369788,port_scan
2.425998179356401,62.23597890597233,1.0637323425616785,5,0.035020747461836796,2.7209776698307664,0.22858536675391342,1688.8797582060558,304.70463313950313,0.6118066103600359,0.45822324239306217,1.6283030551913895,1.2650801945119714,c2_beacon
1.1822287472234247,137.85512278724008,1.0922029441583627,7,0.14189844536039387,2.525030669243121,0.23194042398568018,4341.11469405389,499.6847186757401,7.668103295778549,0.16771640137490662,16.416777132129127,3.9541569707650845,exfiltration
1.259590408771511,260.75502192200344,0.8819522491273672,3,0.06862881827923452,1.1044614172186302,0.1227394345676957,41556.43411193832,1725.2493276211476,19.8701308888038,0.0931760032837535,1.7942464079665146,1.7536826834130828,ja4_malware
1.737945837207133,136.57871226271283,1.7388442918550262,5,0.1731897039480024,1.1756983908213565,0.2920290357724892,43170.06063700787,1777.5652852531498,3.7295564987783654,0.01503185080365148,0.4096273017776479,0.9926563670722233,ja4_malware
1.9583985938898558,280.7146271705052,1.8129966347875341,17,0.6682432214279644,2.3930785698094503,0.16956320645646988,446.404922894479,784.4238169492021,4.5530878998260915,0.09443826355306274,1.343818202405237,1.7833838810896705,port_scan
2.0004718596669324,407.1146906439339,0.6644287072959199,5,0.2420003726053509,2.158866744917721,0.1484170984100656,15913.90042493993,1949.6727371845695,14.25868238842789,0.19389481675763348,0.26228478340247907,0.6198958921744727,ja4_malware
1.598944724637204,264.3129875267589,0.9682083880817984,1,0.07009575074588913,2.094556985144821,0.22676224971184114,4838.259981089546,996.73953128015,0.6213343970017445,0.5469191416944539,1.3708499894986477,1.6711559786657166,c2_beacon
2.1662883379906726,353.33796864746836,1.6273132539921586,98,0.7715246803345248,2.2867937085069827,0.2691451643347423,2110.427377203526,879.9598893206045,2.1542636774027413,0.24860450669076628,1.2036299244920623,1.479590762167174,port_scan
1.1720044215326428,372.20472593789947,1.4087686201079004,6,0.023269432019827174,5.0488980062513935,0.030789130648297205,4263.571534113409,490.97433890539105,12.963452274264258,0.21786392202580554,1.0512954604499907,1.8981306054288403,dga
2.1932760623044003,241.4847158256517,0.9745530932427988,4,0.09062974241874575,1.0870118626926968,0.18466320154001004,208.6178317629036,590.0784036606344,1.7891972742482536,0.10543682665105615,10.78219627007563,6.2505868861957,exfiltration
1.0401876370118446,20.546525962587285,1.0197958950032415,1,0.1044102642974949,1.6350605345184142,0.23428765147025934,1474.7983076595508,946.9389566667522,15.754011150656602,0.06146444824667932,5.84905013183122,9.894513361146023,exfiltration
2.2030388204103906,91.08900121506977,0.7490939486209597,7,0.16409633627346545,1.3458546155338629,0.22850517757770666,4988.475039200132,485.55410200248036,5.79276492491199,0.24919044809485708,1.3190031425275128,0.6441156982581511,normal
2.371974639606889,296.9752587925017,1.9042511772113002,7,0.15167478991523925,3.61201325836265,0.045192097458310904,293.6110981260104,786.0034461149226,3.559276085757406,0.27720883960075365,1.8903678371911359,0.8810773040173026,dga
2.0384966457739377,110.23229436502054,0.7555861395566883,87,0.5600589543994958,1.2414846744156924,0.2662170397148811,3087.9211504472837,346.6942282518528,8.560801291117574,0.05677730969562023,0.6290224863714335,0.5323679394404499,port_scan
2.4959532260716513,249.94837829620246,0.6694924700939311,6,0.1408524882279743,2.630785025027398,0.18719237904381142,2742.9628851753805,844.9624086880841,15.441289100293824,0.2672052270412881,14.954401304238814,3.2887859802854313,exfiltration
4.90326343487644,6254.109220979169,16.278188729286217,3,0.1967176418199393,1.0048785608105348,0.21735885179475045,2287.1198766467487,577.2386418748333,10.345721418366537,0.2694445114859446,1.5786466293857147,1.6943488574972354,ddos
1.5034600916612608,193.8591422050654,0.5822117910197957,5,0.20458069700321677,2.464194532579637,0.1998668390693874,402.2272341999576,884.5173391439575,0.9017117258623542,0.8739654181169522,1.811850129446754,1.4090552880924256,c2_beacon
1.0602634317407111,289.39007415024696,1.4144528242398287,6,0.085232704091562,2.481100661727448,0.1366594959247366,3912.0011378199283,731.0461977509893,0.052371401583189724,0.841499792262402,0.7674242211488165,1.3951401408049084,c2_beacon
2.1658518799319286,348.6444248283371,0.9830111310851484,6,0.09769742766756784,4.837688626213472,0.017711935638471447,2564.471484868314,812.6708527529861,17.75321674316016,0.18452321115773285,0.6153708519550437,1.38560504560094,dga
2.322837205744781,193.8122535739922,0.6419850721725937,2,0.046041645367000374,1.4618901517572402,0.10551445646797437,27546.815352979982,1260.5730429942992,7.3594614950755535,0.19140520873787448,0.5069324843438574,0.5170903866600111,ja4_malware
1.8352971780356901,433.23101877978706,1.9046212256005721,60,0.6302556697879791,1.8192237512401657,0.2928011315951039,3600.569138397516,680.302351344985,6.816143851546017,0.0756796808881316,1.6082074469484922,1.1056590848586527,port_scan
1.1425737963466018,481.1593184751059,0.6775986247680031,6,0.07153993311472276,2.9013296829389716,0.13398811827221346,2247.7499161309906,933.6349293494238,8.550146817052585,0.2585475298325229,1.054995411285873,0.7094041786793737,normal
1.1773711525772121,288.2441447255339,0.7162821272665716,2,0.13059603868775743,4.151303101428642,0.05586330371155782,3414.1389613114675,383.99364100048405,13.265036708175678,0.17932731752452682,1.277394544769661,1.803125121575206,dga
2.844526729037726,7751.360612727116,7.2272910880190295,5,0.10140444964734967,1.6387869763147367,0.23516780240705032,594.4836520982315,396.43892902413324,19.5639000689097,0.007701805892202728,1.2958442657132292,0.7276409510711294,ddos
2.0322064545672287,351.4146752633791,1.8375202015042842,2,0.10839419299822407,2.6877682803446596,0.24965239706196532,3032.127785993736,621.0889901108426,0.47052724436605226,0.7164315402573309,0.7354799001792225,1.7868414446650756,c2_beacon
1.920993361972,76.56397317425491,1.1254997411112257,3,0.14408502974409584,2.257973955814264,0.10215424328216904,417.8394462453336,980.4058564348232,17.48487641544994,0.2504501463727608,8.101771747494894,5.061254372830257,exfiltration
4.6749335979187725,3052.9835539114433,15.667380256497626,5,0.11785774555709422,2.7785048001648347,0.16062327067933999,4366.735786490916,402.6815091270403,2.949277873012986,0.2363722189623019,1.4051380672057965,1.418792241134784,ddos
1.052341692692774,145.95335211115764,0.5902029210135344,3,0.11840661212534666,1.448566951676293,0.2545500664592675,1709.7759209264063,726.4960508483802,0.7299987254994511,0.941623833987583,0.2217556448623268,1.3536564672179316,c2_beacon
2.4878480896795425,336.8366920112142,0.5763465166029444,2,0.21707049440836382,2.792249745600908,0.15255921369037748,1996.211676314149,976.6199950153667,0.7164779206887718,0.5254286265860092,1.6379858813893005,1.0435461575812548,c2_beacon
2.171541375380136,193.4342137760108,0.6828398457365223,7,0.24461549888356762,5.683127331586837,0.07722776998038265,242.96610905839023,436.51067041890155,15.511835480556558,0.24664422677642822,0.7235188280415137,1.9379379527421847,dga
1.121373973713924,321.8664426011267,0.8365313455716445,15,0.6501796495751536,1.0426950897544016,0.13065964758713763,1648.056273148314,833.7621589978176,10.682106147237747,0.10992228182540144,1.9559596747229968,1.9521611048679401,port_scan
2.0369349021883125,225.25151379445364,1.8306292609081476,5,0.05629268753658281,1.283418299862121,0.17398400078680187,1444.731840127793,958.3222397536422,0.07034663530230342,0.7625706531655854,0.294281906150757,1.2766457952605506,c2_beacon
2.3997504076824425,340.9818255028453,0.9362588038139612,7,0.2923528692003964,2.67172657961125,0.2549638102501258,818.6793965451787,625.7143828816241,1.8029147076958993,0.0016624245381186896,18.059977957063097,9.585354136999875,exfiltration
1.131363644978125,166.21380910009952,1.058959588323769,2,0.2042893099219166,2.0953759743343845,0.2808070517605228,2122.079187017327,534.4049630222821,0.23709751090833536,0.44308281823096674,1.2961258585655135,0.6170367761602589,c2_beacon
2.2878807978182483,25.74458580456718,1.4817740189032687,3,0.2582886994745881,1.0158470667462953,0.10823206415133997,1847.9285703219134,378.5787464095397,0.9559381349115725,0.8814815394198567,0.31391954081559964,1.5813355046139792,c2_beacon
1.3527497334901555,492.77677407261416,1.0497953968132319,1,0.08692094826105064,2.331914059522562,0.24732794677016834,21345.01390587053,1810.1990438863118,14.802310160243756,0.19832872093064022,1.2900385956767089,0.6583626745740172,ja4_malware
2.446062144540244,114.29574134106406,0.9619105788306146,65,0.6005603437494809,1.5582702032241336,0.10063162485990565,721.1179796963463,613.47597372171,14.591516465221744,0.15935629486601924,1.8662465552504337,1.5310701602050816,port_scan
4.131018661304868,9135.402480537154,13.414413733739648,5,0.12033037716604346,2.2321078857570833,0.27450722179399395,1150.8026062406336,923.2343143392512,15.017343032543247,0.2884142354841538,1.3373438121362209,1.3212076919006883,ddos
1.4162479445870821,287.0159001634923,1.8769209065461117,3,0.11294164028237594,2.6930320531770118,0.20629512952570578,965.1192955211657,436.7722669681598,9.575623322628896,0.273686530803276,14.964625639538879,4.892483859896297,exfiltration
1.7299874962572406,372.3214195534898,1.0300065426027016,4,0.06836033596585013,2.1842656498073336,0.1293093653020281,777.6063073211249,399.72065059898887,4.819306824873638,0.06750708890539571,1.211380102807419,1.9497143610325756,normal
4.334671596760632,6110.462857077847,7.239749756115354,7,0.10480741372339007,1.6568562069095054,0.18090117983335105,1160.0601696649692,649.3136398493295,1.5742695125105666,0.13022898786562584,1.5911641304260435,1.9097325872080884,ddos
1.8031521847450047,335.1743128635724,1.6799745687403989,5,0.2566426090253645,2.6535496560277574,0.24471187081836066,2284.0900504626907,422.3732591373007,7.91969948061135,0.15172010615530665,1.7529082638732825,0.7744834002903032,normal
2.3791085650397727,445.61013819938177,0.6490478184468174,7,0.27062218919473624,2.0460091555649456,0.22848921568030126,37435.90889545227,1525.3311065322714,15.49354756504589,0.16652972394834356,0.27340435505619176,0.650947104886302,ja4_malware
2.457350204225779,8457.168503802895,14.7296763916581,3,0.0711311555396769,1.0078869817712224,0.10127239446677719,108.45075685596319,792.8201382806442,12.678917867012538,0.04678378891995416,1.7168343012489902,1.2461425204780507,ddos
2.0958994413997427,476.20729815670427,0.8084341406085176,2,0.13206610461152032,2.7563187858428124,0.23708231580306807,4372.865369488503,925.8732246932366,18.169941526852185,0.27805503638828455,12.12488170246315,7.6022487573556905,exfiltration
2.1907329284665726,169.90237113819288,0.7904016264446483,3,0.12020189231245984,1.7632213610457568,0.12110939857169421,11084.0110789895,1926.1874710655688,7.983847445436112,0.23230765613505658,1.7546315999475801,1.3380781129826846,ja4_malware
2.1200697611819432,423.5778270416705,1.472326639520614,2,0.030245653494466805,2.768166695446298,0.1364230977755841,47879.106196652865,1730.3774597973375,19.431609235648434,0.12050160177531732,0.6769707394247906,0.5399883349708254,ja4_malware
1.3595861218392469,326.6722913043546,1.7401276678595596,2,0.2035135840768128,4.892435831037206,0.07589143285335581,4787.239694703321,464.62876398708283,8.26655076779674,0.12373267602391229,0.24410682276332507,1.1734121212055422,dga
1.187842637109874,438.5367085750368,1.198910867486695,6,0.04195618193021101,2.054709052824737,0.21622552277216994,2919.1428181760366,857.2476687569166,0.6361604047040635,0.46209233833521546,0.43945427692832606,1.0568824092606557,c2_beacon
1.4107520858643627,324.58585320217406,0.6889405819713683,62,0.7513177511779076,1.99096438945451,0.24904490391097375,897.3475830765664,824.2765349030398,18.525884365282945,0.2658262659212909,1.922804460685419,1.4190750726749277,port_scan
2.826587107764259,5842.002711812622,5.133257024391058,7,0.11914183391987952,1.356077816726524,0.22372031547108473,3017.1011029024276,615.3120531007324,19.23181245638682,0.13288850232777893,0.716046866447505,0.607322072860363,ddos
1.4258626567960584,252.79821274802302,1.9465597923372182,3,0.029364984064457908,1.7888518591451894,0.11404667417734066,876.7971426853459,935.3871324768958,17.759614982814544,0.0974256349322425,1.8413688488006352,1.1769207523489207,normal
1.6255794564494697,204.9826814473888,0.616530079640304,6,0.14005415150525427,3.8768028134125263,0.0707064310103966,2109.022357288387,646.2422486074145,2.6819121687247747,0.08654298430719712,0.7421952293466818,0.6206502652903989,dga
1.7142189826456868,468.07233208257077,0.6324451015744523,4,0.24444566552209313,5.4425172500617425,0.04446207086906739,714.2520007635985,619.9974425731054,5.142212078850889,0.27500818294708346,1.8298369806174537,1.3020122873402873,dga
1.0650054959201294,250.5377384446711,1.726012493190288,5,0.03433819679590517,1.1240612149573048,0.28541592787177217,787.9979086533583,794.3770329745576,8.532196575630524,0.10755844731654547,5.07515819817061,9.472331263428664,exfiltration
1.6728881215153737,471.3340639203119,0.7769938837594175,6,0.2973052542988342,1.9734557511635848,0.2824685100295579,1970.865847997926,675.8405342297904,0.8239774224576376,0.42881515818056043,1.6183020955479477,1.6127127288160354,c2_beacon
1.7268247508224621,15.475065568052411,0.8755221011742882,2,0.27965432103050814,2.8154414731687423,0.22312431617676337,25677.901431123173,1400.8238928337726,19.090771316731875,0.1350635281099659,0.28758221657017,1.5218707218715553,ja4_malware
1.9390187214115857,11.131298567503581,1.4465981643078312,4,0.18808570212968062,1.3733242073908596,0.26038136669814965,4394.334278679308,314.5507771330891,12.725442976008274,0.060436968674203256,1.9171607280807514,1.9452820460887648,normal
2.2810199086909777,50.4601788078942,0.6808459273039184,1,0.08625688375134018,1.3740806815843871,0.17503675615117503,454.7277828916329,682.4286438688116,19.2401106575446,0.05832069528849205,9.84337132507136,8.762151942760477,exfiltration
2.201326264127645,264.912732852537,1.2226453270432573,1,0.1715851876923608,2.3051345035341635,0.2700524770271959,4049.353853689137,885.1447566417896,14.866559500212276,0.10310019458425708,1.252303781988508,1.4243930524858546,normal
1.1304119563042763,446.18560240108536,1.7623776478970115,6,0.16864186045171992,1.354564115808341,0.219273378731083,33953.21193752173,1264.161048138974,15.747403071064875,0.14090491373531464,0.6038519337083044,1.4729811687689645,ja4_malware
2.2703028511041765,81.6834792654794,1.1076398719766345,5,0.008103702894558784,1.2912538777876323,0.19415851895648645,3428.1620923479136,915.9028000634643,0.9781115780154593,0.5860250780774173,1.789341934207931,1.4519195196921988,c2_beacon
3.7525858012769935,9975.772904010924,15.820761752009297,4,0.11800319772009467,2.916553746243503,0.19528045712257724,3338.073355964354,606.7320699219081,5.927925731602733,0.150509929806105,1.2400639656749233,1.934644415625872,ddos
1.5045169664270288,455.47540749077,0.6144222700892532,19,0.8007374611999478,1.3003408370941696,0.15570806280769914,3997.1063992700724,571.3435708841565,13.912910086171628,0.2990990188779682,1.2702757512355864,0.987148606617094,port_scan
1.2490422578203697,364.6806479215197,1.8203450490413853,5,0.25349381746810157,2.7788262391751637,0.11403808964449443,21451.40921587398,1281.282046612839,4.995924855607965,0.08807216372243527,0.7798197331828487,1.3122473731518696,ja4_malware
2.0985827099218346,82.78180934106138,0.8584017396178307,7,0.03725288601370484,1.504424181049618,0.14984415029630077,1028.6421298061991,905.8799760115273,7.552244250882885,0.2305808376723797,13.703479505112739,4.904593080932743,exfiltration
1.7713343052856216,300.9769685339393,0.8861335435180571,2,0.2527963865154588,2.9000035411484157,0.25656763101115687,2644.2079110126515,614.0184656119943,13.83922171965082,0.036085714546828,0.5169753726831059,0.837863454049418,normal
2.349102018725738,188.0593114058086,1.6289896200967173,2,0.09968310495596251,1.6515236607903505,0.18703569902158884,3864.6558407615503,303.2426269002114,0.4196011116346227,0.5944564275059481,0.5300092258078053,1.7558444907673896,c2_beacon
1.8397808511125537,72.3149173801556,0.7550735465717078,7,0.13972170251192037,2.2365118854888193,0.10907380360392403,45068.201485002035,1262.318708799725,9.506731682911486,0.0923840068327947,0.5841952914424038,1.2300453169665557,ja4_malware
2.597805848195581,3567.513564535174,16.730931507143254,3,0.11441698721042387,1.1517976819787143,0.19824591024733812,472.6526480146466,375.4248252605746,5.239134140564934,0.24829230731507065,1.4981748909929749,0.6056093809531684,ddos
2.2260098128087966,362.995808725552,0.5638133149482225,62,0.822068160389055,1.2493987015257717,0.15376943902584733,201.13773205948848,941.8342949999221,18.81075845696035,0.1811234983180988,1.3401774711319312,1.3357962124657543,port_scan
1.4932572769581134,469.8818721374584,1.837830203751977,24,0.5710993436984484,1.219039947461298,0.15408571133396373,2596.931386197966,399.19199783753083,7.2396386443633425,0.12383364401605855,1.9364405239674418,1.7902234405877626,port_scan
1.3143240846552682,46.90216649595451,0.8080997534009619,5,0.1708319650907212,2.5767440141166227,0.15293207563164937,2258.9613643700595,962.5499232503611,0.46058514673675865,0.6113485793159499,1.6459717891659191,1.9892309926075669,c2_beacon
2.463484543263246,406.5335933258795,0.8667030049172502,1,0.03349533812477549,1.6990921380451192,0.2420864512836539,44634.030441609015,1530.5765129411307,12.007380573238835,0.29479914295579246,1.588758711245258,1.1414569530556473,ja4_malware
1.568617595965901,228.82191461819068,0.7193486496986111,5,0.2924275369333739,1.6419708985727615,0.1679792120880399,49356.35348667482,1678.8496844518581,4.7753819666033985,0.28576643546294445,1.5203688611420656,0.6240268886245396,ja4_malware
1.2836865082415514,307.47828190272145,0.619787114599798,7,0.22458316478494625,2.0762876177098395,0.29069642196688084,48480.668792467855,1257.38252888201,16.12375761212073,0.26143640227188003,1.55064205801131,0.6718069908387114,ja4_malware
1.0340681097007907,459.4954595503213,1.967306646146842,3,0.0650748368417365,1.8567852916829313,0.2367689368668153,1896.7690501613959,503.21647969536923,16.964769391928424,0.0996638336341987,0.8440580583476416,1.3242016240099161,normal
2.182222944640525,173.51890452980976,1.4103157369152681,3,0.12251736735134568,1.5064221292370077,0.17812038035300198,4449.8244149724715,974.5592387169467,0.046388172009793456,0.8374628024353405,1.3491210850773467,1.909045995290969,c2_beacon
3.3376626710357864,1944.638771672228,10.13912213773927,5,0.0923376022846695,1.2343710456691968,0.2896640119691746,1223.7621759629706,566.7248828291538,18.65553847003118,0.08214575546269541,1.018949241274698,1.4634582195401553,ddos
3.8412598613007924,5497.9690232505,8.079183704433973,3,0.19665602253342682,1.7504672831758432,0.10505037658591546,2307.3159990157847,763.2684383994863,4.56307497201049,0.12719973814769403,0.5203690207837104,1.0288928310962604,ddos
3.234487324976254,1868.6302364082162,13.972131831924113,5,0.16995710101071393,1.274792898630553,0.10084518524102093,1139.4564795727988,982.9897219153788,13.07071414403128,0.05436176245151637,1.7434340042254874,1.9187878218463212,ddos
2.2648165414876056,371.5703003116768,0.861872612546571,5,0.03937613622971068,5.871671302430103,0.036019078301187564,4004.6277922210757,824.3126828941787,3.8000599382746434,0.232593727555037,1.0599836785778154,1.2218671735573319,dga
1.9114628187689617,281.4233751609137,1.202484605987979,1,0.23120986701692103,1.5453467798017673,0.28943715143107296,1185.0156825673891,675.9035053014552,0.04872901297946672,0.6484529825574505,1.1951834953134086,1.9579157675193823,c2_beacon
1.0256420229327552,339.481419425849,1.6701065327841609,5,0.18562783618862105,2.3419750846051803,0.26412774533527567,28717.127419687706,1618.8889232813576,4.694153757334725,0.23433137322320427,0.8514149810912921,1.4248855801473723,ja4_malware
1.8957151799764276,405.47254425394163,1.5508195855959825,7,0.24207077439276375,1.9404846676440692,0.2737423335660773,25585.79051371954,1272.8783365257816,10.750739693200597,0.18459049510328832,0.8907778268711888,1.5514683382042782,ja4_malware
1.1627831522679815,263.8019941738568,0.8302458236175556,7,0.21642548457011576,2.3325301493517583,0.13253147808447863,3700.7301699476093,367.7597283071539,0.38752098814760877,0.8574068618206631,1.1700484858684361,1.9347041363269522,c2_beacon
2.2501878306828393,116.0142906604467,1.1927268671746223,3,0.08544227659496682,2.014380238631858,0.17594386529633316,4455.097921489023,609.6727157306618,1.9246816419758652,0.07222288605725818,1.9312683345205028,1.1799790534670103,normal
1.348384583757521,336.030437170943,1.5121189641428099,3,0.02779813606086723,2.9274134187071104,0.22588943941483852,33300.897534489006,1989.2659831514866,15.520358054840166,0.08652217404498343,1.6201732782956726,1.1683831174313655,ja4_malware
1.2957917698665833,37.77299247029961,1.1866333171960806,7,0.21681826213658856,5.5314489728765714,0.03815603331867471,4461.81846093809,549.0184236171942,1.5083762541747359,0.22721335872361514,1.7611267827128958,0.6346966955590696,dga
2.6122897928626365,4271.365376265079,7.993559928515838,7,0.20975453114783962,2.324384978256152,0.2460580535965832,995.4913583488172,756.2141325022401,9.205199214815357,0.2602589239068878,0.542375541279652,1.4133044267739974,ddos
1.335966767136444,26.799946334524126,1.5870360492807623,1,0.16017954087591962,1.217062378831171,0.2592813863101343,344.19200507524806,401.5943145291667,9.619549459232445,0.04951974965362201,7.158521101925924,3.4696430362340087,exfiltration
3.51142013003222,8928.387859804738,5.99369711157026,3,0.2829432922174547,2.0706945968348234,0.18033062931170285,2864.8921876976656,630.0393062869075,9.107521196256213,0.23062894807484818,1.630654050874346,1.8671335985008513,ddos
1.0471220443836708,182.40258915846812,1.6851458563924782,2,0.04823676097123448,5.316759666089029,0.034865258153339955,265.84595658868744,656.7121502296527,18.70976665008136,0.05730880378425565,1.991387422178984,1.422645374180545,dga
2.387071707604586,11.175314093768609,1.8096442630383578,6,0.18135769228921644,2.2575160361357147,0.12324083453135706,23852.437064962487,1749.098588874961,19.501470761812453,0.07432526714741519,1.1347310100518537,1.8336169706912784,ja4_malware
1.7935160628454567,373.5737618315595,0.829523851642665,22,0.7743262679713661,1.740605827968335,0.18137632489114303,106.4587475747931,669.9401334363324,7.154242202444227,0.03007910913800411,1.6592639109400285,1.5773043986063642,port_scan
1.7454976269553448,325.7884420996368,0.7751981611777834,73,0.5217969057829243,2.0017070100332575,0.16906679704075997,3164.216953080044,644.8925142672067,16.35895247278799,0.015893724444455224,1.7438363309118046,1.2542589307014644,port_scan
1.3842030716863176,56.97781302746067,1.4562313221752239,7,0.22670988528289537,1.228505229953024,0.17630249627551856,23500.731688230655,1691.8964539536644,3.984060416803697,0.2648861901598479,0.2156804958182255,1.477013185642222,ja4_malware
1.830414833911708,418.97125027207693,1.1947279524660503,7,0.0018006990709606872,2.8121720044450536,0.17122298046342946,2293.7123628190116,527.9978151164147,0.8253120004441424,0.8458331309646472,0.5312506771625672,1.4865074900395772,c2_beacon
2.832301976887815,1200.8730803720334,18.6512898166064,7,0.16324905229474482,1.8001099317747637,0.15649182592254082,4569.024411423506,668.1923824211473,2.982275604910972,0.10047050717516985,0.7852423928414545,1.1216152127762247,ddos
1.424215535725258,290.1215600058757,1.1065144944753031,4,0.08300481225420131,5.573268963495751,0.05479203976303992,4308.51829901227,852.1346565430775,4.1419048443954605,0.05913992874175354,1.007017283963675,1.4998174867552978,dga
1.505570259394818,346.72852176072854,1.1906593542182544,2,0.07286437558010181,1.5264025927269433,0.176266398046401,1365.9606377003279,456.78957121868063,12.295190163826177,0.22993042878532585,18.902813761534805,7.209002059143235,exfiltration
2.147990354958898,82.82207722554428,0.8408668645078701,6,0.09593784006885428,1.5710012923510872,0.19675109297005106,4260.370106647392,814.8080868211417,0.6247043132186091,0.5687756866086786,0.31251085718465255,1.8206663002621133,c2_beacon
1.2637027923163053,71.18223721450337,1.1284657036582457,3,0.1310336106280169,2.474299843794709,0.21908932395156805,1307.07966638027,996.4858581786235,0.9206507840129755,0.7512807246307371,1.9510473978431675,1.3350781619704961,c2_beacon
1.9391134260231229,148.71950758957988,1.7145286209145838,27,0.9646822997545732,2.51977836213936,0.23868062830403605,1877.1810060605253,993.1645531132432,4.071989511284961,0.18314097971762397,1.241098685328635,1.730874804394296,port_scan
1.8660215808556835,60.5090243480322,1.0213324674050224,85,0.985558932734871,1.3463822300145332,0.13956422654661754,3207.9657265925002,623.4945853955929,5.9786122078348765,0.10109594700654194,0.9727327061761075,0.5475898504247441,port_scan
1.5595777815234895,144.54339102958417,1.5906838875849538,6,0.23817447398075853,2.4345138203903374,0.19288643946130163,4179.439442039212,827.0351867542788,0.8301453231357067,0.9428968549391192,1.2504079161781205,1.5682366942746486,c2_beacon
2.2414467579888733,17.194593344434676,0.5603806099098856,5,0.039762624285424084,2.446862736754573,0.2682240129008643,4762.556746436385,763.4347232420937,16.068509221205403,0.06430363108433491,1.850521854551212,1.0273390804570004,normal
1.4743212277360647,113.85775942946587,1.6726355713609178,6,0.07636479438818464,2.529624001222257,0.1599849811655791,2602.7067850677226,656.1551971414369,6.43257402790191,0.0783894603072492,1.814497025299953,1.687532217765974,normal
2.4104292146486745,101.31279414684083,1.3496943369712406,53,0.5133776301033512,2.6337497239617553,0.1113920871420133,3678.357802663336,366.12378511465823,11.270757127646217,0.16307482453870276,1.0711972023263907,1.599680155493272,port_scan
2.39418927646153,180.54260484646767,1.3360059887416906,81,0.6179296847718871,1.1754946233060883,0.2991556636741928,1089.309052024808,646.5489010277543,17.760154947499625,0.2962668165553892,1.1110746244187226,1.5908914295000356,port_scan
2.313399272559746,468.3193237413323,1.3632937176920998,3,0.19735181117132108,5.891897262728849,0.027420477857801023,2795.314135402975,978.7525260383483,10.577008223917924,0.21378330505922152,1.4013940053916705,1.9849897658583615,dga
1.073616075052847,167.04550423639668,0.5497592777718893,7,0.1554669235097864,4.241689900337693,0.044876654642535305,1521.9658977039771,907.9511140603512,3.797330445900238,0.123471320893664,1.0647370635026752,0.6727339345112464,dga
1.3307628476759419,206.6741366494681,1.844284767683969,1,0.146887950976398,1.7408237746562871,0.19493543232572683,3634.0791218571794,668.8616552557802,0.14993956955033408,0.8097682347827598,1.406640890080074,0.8497468541146056,c2_beacon
1.6085331255213806,325.5639977796743,1.0278546132404072,1,0.21509172818503336,2.3578826908049,0.21367037942304373,19581.639817673935,1842.3170654617152,17.882665993660066,0.15726558538074897,0.35138537682727355,1.4395500234178926,ja4_malware
1.0413581701137269,402.6948490177044,0.6560476093613944,4,0.12335101376894789,2.880850208351149,0.22270424653690074,2862.5209143859106,770.1761082603234,8.539918955799077,0.2468959284490113,11.773181226777105,4.075411222983577,exfiltration
3.909379620850536,5375.012504997558,12.837588102690756,6,0.03777621044593122,2.696842709337397,0.10491227898202651,4067.472708260309,759.0687767814086,9.191619271015563,0.0933993080941012,1.7581411068058086,1.8292402573366862,ddos
2.335355329422911,172.96320067646403,1.9461050852945512,7,0.2624654063857999,1.6658843928459623,0.1968867275539105,2927.2682827194085,656.9363117457492,0.6811397274143018,0.5991562177504998,1.6613454309220392,1.8378724439239533,c2_beacon
2.8893331573455754,1852.1684687197994,9.851666089580972,5,0.12396990237767211,1.5130966900713307,0.22162201436131768,4329.716141418378,543.7524978284558,17.59236588985012,0.15050309875704157,0.6836205291720596,0.7609063982353599,ddos
1.0864532050263955,480.3237699036973,1.8001169345661354,6,0.28414516955779584,1.9708299815111836,0.19337749101518692,11222.649044676456,1986.920333396688,5.743108907788751,0.1531779735364519,1.0332907363909114,1.1234282256213548,ja4_malware
2.2768503671783544,388.83019625610314,0.8549870741359908,6,0.2935918732009509,3.5527317605022053,0.05098363865590146,2996.452461580517,980.9890846398755,14.457686678991402,0.09370242013093366,1.1043390492465308,1.3831020773196996,dga
2.3751235032398403,230.6780303745886,0.5168968632930656,1,0.2514881978767094,2.234303119239936,0.14510361211347972,3743.4776684412227,806.405336378486,0.054192647676487904,0.8692400545382811,1.8688084980872741,1.8074573662274376,c2_beacon
1.2808161012881403,415.01932783692797,1.5807206391364539,5,0.20603206705345462,5.949066951960372,0.03337826203260191,4220.117566003804,704.4662656394346,16.430324251332497,0.22185753765644414,1.9246577616740457,1.342092383807756,dga
1.950721040039476,462.7292499382108,1.1623988822091396,10,0.6644353506046113,2.6133182618737942,0.2702531754924651,3413.7815471490603,321.9413891965827,15.029972800324074,0.06740237685558595,0.6094568267953921,1.3255331754983102,port_scan
1.4871537463698306,386.4919708487366,0.9183378808037124,4,0.2074518251485578,2.7158445708118375,0.2259500686150693,554.9372911561406,433.26479012275024,0.8521626585163513,0.7232340601313394,1.8011311844261337,1.9019866161565946,c2_beacon
2.3968543535351525,373.44104115467013,1.5024961111927306,7,0.15575017047429643,2.773291116255643,0.1603586679921187,3314.633264799774,525.1356367534721,17.418634859590114,0.051525943820526186,0.28482484987203033,0.6272567143721666,normal
1.8879822797039074,416.5142793746482,0.6771698006071464,5,0.2636856485678817,1.2170947030219137,0.1771692849831543,4719.52207531146,920.6152972607432,0.1885873438916454,0.847538456733489,1.276120269647206,0.7748720294812914,c2_beacon
1.0163756630791294,337.8999967358584,1.5814675617567455,5,0.18853796376154267,1.0450958329026998,0.12653482536314462,1558.7028480022852,836.2004802886413,3.7571448592372967,0.24150422907611352,11.759113041820633,9.868975643089323,exfiltration
2.135859946595393,409.47525112229255,1.4872075199636625,5,0.13155874515519547,1.9962233725856595,0.17890386145891596,43864.15830271047,1621.6931735892113,17.131517548373886,0.11754457442828667,0.4019970953422205,0.7130739941466361,ja4_malware
1.0524419009482515,463.9400676355878,1.3968849134295445,11,0.8386234426057897,2.5095818998220407,0.29653673464230634,559.0271369410012,821.329799233332,8.806224664431628,0.13359842049839576,0.30257495839904025,1.7329877631929058,port_scan
2.4139926342400693,483.14276920330457,1.7338790295946251,4,0.23297961412676157,2.922304060183035,0.2510148491365318,3079.3041892316564,849.356356265783,19.93813972771991,0.15435298976115452,7.9510875382701425,8.90697734574685,exfiltration
1.1572296869692613,457.4686258216008,1.2575910562993904,6,0.0785785931317214,1.6853545766336628,0.2456674441398622,44979.43421878066,1935.1283635850991,4.598191583870907,0.12196938984554632,0.23252338218906804,1.2821165133777135,ja4_malware
1.1175647071363157,15.44698246362512,0.915460042540742,4,0.1891534469878189,5.335340390220448,0.056143837054128155,2745.50143909672,938.3384262362366,4.0609531438676765,0.1712063009628473,1.1047060394251769,1.516023202738234,dga
1.0423437847918913,184.88562405875922,1.3520497111853613,5,0.277943250389267,2.3428250095647734,0.10984790076262659,17886.136216490264,1668.1471121133854,18.89518599594177,0.09057390808419132,1.218931650984908,0.6627915176983932,ja4_malware
2.17393615694432,56.095261913803945,1.9732164444767666,4,0.2700273834431048,1.5907815894197013,0.19309999943381148,317.54675486189166,453.4902256461637,5.015456071977587,0.298446952024267,1.2257117988176152,1.9586932768030576,normal
4.734142066073608,4123.5390724992085,5.8815199875158015,3,0.28258904657656186,1.5619561036594698,0.2286181538354483,4176.943346165193,390.05023417843216,3.2415634010246492,0.2864167811402572,0.39494263658410417,0.7703411534357778,ddos
2.395128553937051,452.9794962516467,1.0321903730627666,2,0.21025530068835005,1.827531107991089,0.25954249077873387,27172.80005656235,1642.5297665764642,6.215802289882712,0.2602184815797947,1.1603148021648497,1.7828998816542367,ja4_malware
3.74287594409704,2415.3429401837648,15.69609326160356,1,0.10936405462813288,2.4489475804060783,0.15059757562177759,3252.59018986287,536.3574912152117,16.552428758640772,0.19352454797015828,0.7228184926612158,1.7338643619454996,ddos
1.1406322877199404,470.09521125309703,0.9817885056681952,7,0.11162757474266287,5.045747049157589,0.05429485528322627,751.9597535619183,311.4553265922051,4.058831384951745,0.19408051546644953,1.0975364019258038,1.0393995928050581,dga
1.1216984927988887,304.25402480700285,1.4756632419900864,7,0.078631995503058,1.0644581066313512,0.24555371020809616,24042.97553975197,1967.3763110584814,1.8620171508593266,0.11881700185283796,0.21249278658291332,1.1478459183138625,ja4_malware
1.868829353412844,492.44325990149605,1.8993511736198798,7,0.1580319694086923,2.772669647866047,0.12085004325600024,3022.519092665125,540.5970538979487,19.597364434493784,0.23255739595761588,1.8203346111887235,1.6016507452682462,normal
2.0473934399490012,38.580995454031296,1.2573617246591056,95,0.9884040605901305,1.5406183577428578,0.29406131947067304,1300.7177807543967,688.7981406340766,14.677869515214994,0.235366278298859,0.9630033971293439,1.2175954299241443,port_scan
1.7093150028379271,158.83663268391135,1.027484818995568,57,0.9129705598992284,2.2933379522025725,0.171581786506981,2750.1546289048497,948.1360060851811,3.0402732493814453,0.21466231438553998,0.6971460905922688,0.5942248993832372,port_scan
1.1004010384915353,258.5614993262783,1.7013828656078678,69,0.9950758529148952,1.09181403637102,0.16367048941568793,3651.940409308856,445.58164165077557,18.012817918547928,0.15862521595117926,1.6458099650116698,0.5765145825371927,port_scan
1.9653030710566661,329.53611945614267,0.5694076524760419,65,0.8113415219138902,1.9637856623388896,0.17147305916499136,2868.332669030638,974.1417437475052,5.088638651054629,0.23712889680392174,1.0348571684523387,1.745212034309687,port_scan
1.6296928963133004,261.2255487484556,0.8718794739043148,2,0.00823685749256029,1.8202482091406536,0.11691876323546183,4937.197964427898,727.6732500664193,9.438776856850481,0.1860631079074392,7.917899294582922,7.517423484625127,exfiltration
2.3165091242032476,270.26234080265084,1.1536665908847394,20,0.7036714167630221,2.388399584310927,0.17708844125111153,801.2051604464767,940.9997294872337,6.0893129837286475,0.2276456093605025,0.6374035180920191,1.5021543751033786,port_scan
2.404479548272747,236.2765139690952,0.7255727487322204,23,0.9674613413822506,1.2518660086341047,0.1455609744899179,2883.6638882808593,468.0093033209892,9.145131239896376,0.16165599148898863,1.906299573331483,1.003279911948144,port_scan
1.1350717911634627,319.10779777872375,1.6174872886695328,3,0.028556261501092237,2.379523696888174,0.22863350870801102,1821.613448117394,607.8973104141512,2.335911632724652,0.247964358446864,1.596086106007936,0.6445902312050666,normal
1.6819874976052223,126.73422245904945,1.8335650006979118,5,0.16345860586123392,1.669933334476965,0.2986142982649088,13671.647068530227,1231.039533649526,17.40697104349234,0.23961133031149287,1.1030253364207003,0.8491144269435766,ja4_malware
1.6347005934716388,384.6728550239301,0.9134292148899137,89,0.6527115835203737,1.3163890247458718,0.13278559894331918,4146.252328397258,305.45586325764333,15.002467895430954,0.2521763467892968,1.9605108427146558,1.5237527759374103,port_scan
1.0532925545169807,189.45861789367189,1.2226936747889001,2,0.18870982395916291,1.9941763795289262,0.15472969554487262,1609.3040445637,484.25943888533607,3.26589067398674,0.09832054613652247,13.95464334756222,5.970241320814038,exfiltration
3.249848359173435,5202.21454410873,14.376069661383445,3,0.06072463017654421,2.193921411081107,0.13250663764338114,4626.641364314415,924.9479763716363,4.416634257460838,0.21832849395976625,1.0213314073587367,0.9147743596559768,ddos
2.194417835811496,280.7078827208739,1.1532481984145724,52,0.9318362134392704,2.9006591362736636,0.2850671918487757,3723.0420903279382,394.91318057073573,9.529424834307807,0.12804943537067115,0.3790672750819595,1.137034875958761,port_scan
1.1551044515838274,282.17623796750433,1.4790301023038828,4,0.1641848523614624,1.267572851187711,0.20580787869777806,2329.1336139380974,313.98594696086883,18.02941691474684,0.11625016066163048,0.5895192139062779,1.5687449155448316,normal
1.3887623765395039,84.29078834900152,1.524215462974134,63,0.5621320095957587,1.717586743178867,0.15663410722669668,1811.6827531104689,462.2067177600954,11.50336767878761,0.029577979829369692,0.7846529039114607,1.527924207963401,port_scan
1.109770391591172,272.06773128076287,1.6334952388534498,7,0.10895671679515163,2.1276507165014227,0.2574134345650976,952.2960434512977,533.615339919189,17.69513284730016,0.22404360121298078,17.949408092480375,7.280954516015443,exfiltration
2.477471111142502,433.4869017958785,0.7990457718325299,5,0.001980736133843697,4.776795458302927,0.034792873627287856,4267.224257678154,693.8966955080218,18.29812542299065,0.12499242981703979,1.1704011045629,1.031654421819372,dga
4.481492604231903,8822.900797623279,18.388791060619994,2,0.13048603898712027,2.4127757596230177,0.268969964767504,2568.633742954142,953.486152389006,5.596485918021406,0.13631003909390102,0.4761242072636141,1.278067652608742,ddos
1.0243389507797689,410.7805444524769,1.2203753414363183,2,0.2588748042910214,2.9951000209096925,0.25822708873193856,40466.27127272343,1939.7303061483783,6.360824898106718,0.02133783763774296,1.815257891502626,1.6909854353679838,ja4_malware
1.6820198177639252,242.62760654467132,0.9353514252365154,13,0.5319983321968553,2.7106594476863695,0.21683974482392654,2121.84177507564,883.5728100147682,18.827825771683617,0.061542650164302555,0.5422150676545119,0.5157815911411466,port_scan
1.9593449068556652,94.74252885661825,1.5034214884873693,1,0.14246305094271117,1.524776945467249,0.1303327417558889,4636.626676499508,967.3941740574011,14.75803753753322,0.16489014320797407,0.7991887257452839,1.3557244772066037,normal
1.7190543461868106,239.14372574703228,1.9903144951802711,7,0.2785578525171987,2.2603039385487693,0.10859152547512892,2136.8487048175025,657.2281419530138,6.154207381451835,0.1433256766058861,0.32803316448606623,0.8951834402840337,normal
2.2394378862915367,206.66422320116007,0.7158630441178374,5,0.17451818938761446,2.192890198720547,0.17679036269543563,437.2543350496039,400.34504914667696,16.162149242807132,0.1496486773280463,1.427270106163374,1.7498675582019865,normal
2.079976221314973,471.855233245312,0.5907910569647659,70,0.9617813894914455,2.0285911718593947,0.16516398961108142,2546.427062850907,660.7763933090282,6.095527079601156,0.22868658633676614,0.5096387279746669,1.5156954887218432,port_scan
2.367134923707736,355.7076834218586,1.490240275005965,76,0.9581477643533879,1.1576561506144656,0.11382133822264157,4832.3140992039225,514.5584012621246,14.217289291243551,0.15931540279268733,1.4397132552764857,0.7111267072038985,port_scan
1.8547451968437545,172.96170063374367,0.772419872631132,6,0.19816757102801694,5.868634997507957,0.04275970265685055,2659.884587708238,485.0179507697634,1.2680879266426732,0.23833120760826754,0.21362119280227707,0.5336239790930448,dga
1.6661132532859495,125.237498386193,1.0096217787894006,1,0.2986821674771945,2.997175283112709,0.12463047461781585,2699.1083514292777,903.6351881605676,0.7352449696491934,0.43539136702835185,0.2045691934959708,1.9808372507553207,c2_beacon
1.3578292309410827,88.55289224130644,0.6346298528767929,4,0.12402247331695757,1.9442889020412923,0.2734011201713195,1677.9669995021552,728.2322481139496,3.115934482945171,0.057634267274763396,0.4968477354955044,1.5601673862640109,normal
2.181148332978931,462.6538248856583,1.14225479526331,7,0.11577638743896446,1.7211302215517008,0.1229669348863898,541.6712119875068,802.6040999614456,2.360158740886404,0.1382283798875373,1.4241095397741703,0.7505573111619296,normal
2.448460303295302,178.8090929833887,1.7894241893874716,14,0.557323711091215,2.7870240000740543,0.19473990535927516,2932.885040518456,956.9944369993596,6.832017989449748,0.0032923427756477827,1.871915033121019,0.8182267345378276,port_scan
2.2110860575452262,119.73051602175461,1.8282670922032767,3,0.1048586508521971,5.852525844297064,0.05625500379656202,3635.4467059788703,316.0273332173191,13.856550262497736,0.11689942588847049,1.5379939983825568,0.7506182102405115,dga
1.690364397849983,192.77582016415516,1.8516212074063758,2,0.12229595361363454,1.7066801463953145,0.2521784394935355,12359.694801632277,1841.2923666119298,3.9351113815569647,0.09442596860976855,0.31874483650324364,1.7895183722909418,ja4_malware
1.0734651884221065,269.86173449200356,0.9706212436459856,15,0.9712150547770833,2.7714919327803473,0.2535591062288731,3337.988174657327,841.2423717843711,16.749719758251715,0.20611054808084311,1.4750699912107628,0.5466665536173201,port_scan
1.734132963120656,35.58980917831644,0.8273034480661998,3,0.06004047568602122,1.651198634286997,0.2795309120052245,4119.512880962984,689.856979773465,0.7749502461105849,0.4730190923624632,0.43733368191340904,1.0489245205611917,c2_beacon
2.3604884711725544,376.7994519137925,1.5994551771407874,2,0.025105678595028602,1.9890904003525052,0.2935809881757925,517.0902815050465,676.5010258675129,0.8137524110122394,0.4511069917780759,1.3007970627870296,1.7261173042940774,c2_beacon
2.0500680866161662,86.79681792914121,1.5750318054367218,3,0.2709322474543204,1.7861044639344468,0.29214259366297324,3634.1367506915117,351.53391084622905,16.750499225139464,0.12124282891569926,18.585213799862267,7.2194306534391055,exfiltration
2.1693689433161882,167.3523111203202,1.1437435620942158,5,0.008095514114075586,3.9925214451839093,0.05538135705375883,1013.9221401714522,534.2357178583188,2.4688855050638465,0.29932120614465574,1.4670929077924306,1.5873312489929263,dga
1.0145990087029242,395.5769905650336,0.9264932851390467,46,0.6534426305984946,1.750968749852065,0.24459092870209967,3773.321052895138,904.180434810106,3.8740441263600447,0.04064804305409992,1.83061035326925,1.153057573213341,port_scan
1.0481769647608132,344.24465426173015,0.5356443856531905,1,0.029072178992991804,3.7786378190140595,0.045608964593391976,4051.7097169062363,738.2117887662598,3.0065123122401265,0.28960427509840775,1.5637591351907532,1.2225863309118166,dga
2.215760871935286,439.5633507519321,1.1767748227965777,2,0.1794238025982072,1.6195731940502989,0.2691330579823825,4790.737553866023,994.1171777911786,0.14864163223765264,0.888116839503989,1.382049814668208,1.884545425556321,c2_beacon
1.5904456852480424,428.15103507775973,0.9816284396177823,7,0.11822159225054019,1.3019862628701353,0.1282578534174201,2218.3939497586293,962.8246037936303,11.599846891495137,0.1827596051147846,1.8474423968546847,1.806628789789546,normal
1.8486578506478815,399.28394494298334,1.2133417598494023,5,0.16115179449804556,2.1505899052570046,0.1644161212592072,2261.955972595767,758.7147950051033,13.128459312383594,0.16944850894882887,0.8853553544503316,1.3488723676987329,normal
2.2464817048209866,224.99424048007745,1.4184822024532169,4,0.06638828322105574,4.675884734643647,0.06336913884210604,4739.066620462752,335.86110689354746,15.053530071758916,0.12602787056971457,1.8938100423768411,1.359702097785039,dga
1.5401494457125495,251.06139428033174,1.6572549720399397,35,0.7387642616100847,1.7293886478709217,0.2899565812050379,3072.4742995565416,372.9822834619615,3.170048032698845,0.21169053417263972,1.0542631071619943,1.0042380874589067,port_scan
2.9035406265477275,3539.468317328349,5.059752715382483,1,0.20053833531141366,2.01198226762172,0.19281320598038165,2294.720933163063,964.0070723321693,17.621544374604394,0.12244186985844188,0.5648696722029464,1.481070974080093,ddos
1.3683601664835778,369.75592008812873,0.8146138892145595,2,0.022664282204128028,1.8865135995985534,0.14789306078259853,679.4787300223765,726.1197884522187,10.232427705211938,0.22017856873962008,5.919520287659906,4.437915666010875,exfiltration
2.0182103607744404,94.85987819596255,1.5505981840019214,2,0.1117609520357369,2.5113957508488673,0.16848017227756165,36603.457268414495,1771.6637558942912,14.925864659951175,0.01263425006990102,0.3208674661646598,0.9667463230015205,ja4_malware
1.8098090354822949,250.06226884656215,0.9969657934680647,3,0.2712909891982199,4.92716635326417,0.07709476658876571,697.6402689965423,305.18397947501546,2.6801607725223486,0.15714369948631182,1.5885377064734514,1.0491169663324476,dga
1.7411169523166459,374.0482075318057,0.8726174561576838,6,0.1784198528735592,1.8588096357372668,0.21386337982943404,41409.2085242601,1506.3222478873572,17.01148211115855,0.08949218835545841,1.0218610526429686,1.514777733919155,ja4_malware
1.6993663442010827,420.8933881461191,0.910297439467719,5,0.2828784424395819,2.0736248332018046,0.1529060722377558,4765.152901816181,650.4305223080354,0.12374713642018516,0.6011264837617316,1.9583374275403866,1.7805098829862942,c2_beacon
1.6800177495937705,177.31040071266983,0.977727669388402,5,0.030413583868299707,2.4291741864553997,0.2728459359263241,2437.9100320160805,330.8823088543075,6.1196374455075455,0.22846673770894826,10.07462169133046,7.7121635124621255,exfiltration
1.184458580767127,81.63328589766546,1.8194447885013232,23,0.8315797628200561,2.9198027955941113,0.2317997399496508,4338.177443389737,448.70671827390834,8.89217941872497,0.25233483936917306,1.3305592370284118,0.6860564213561129,port_scan
1.6481395596626556,70.6961896834683,0.9059482284062907,1,0.15856251868273585,1.733162126998101,0.28614223624112933,761.7489429308961,734.0788402631382,3.785839714422702,0.13275827627198564,1.690805049165779,0.6924459843864168,normal
1.836658760554968,482.5209668231086,1.723257364193449,35,0.7393916290975145,1.5460923543045848,0.1983849050645989,712.4021963184889,860.9289315322156,5.517832025067345,0.17794907199537197,0.5320050013538812,0.5155639187937606,port_scan
1.9236963462650818,162.79115084925152,1.6882469870303232,2,0.011869001810401746,2.275672450099353,0.21284179246912116,44256.51020943918,1299.1738077878892,8.773738413271152,0.019741310461124373,0.942957705774123,1.8804098578600605,ja4_malware
1.272247614394786,460.20890364231366,1.1130040660500693,6,0.1545400130538567,2.278425319873003,0.11289148649098175,180.80716899048457,548.5420495565172,7.025292575627626,0.25549254788902453,1.7145773320589768,1.1839772742410903,normal
1.4340542764848956,262.57843934677203,0.9353633056330197,7,0.1789016519423539,1.1454657481642279,0.2901560514910251,1041.1366329473558,988.6081243168608,0.6020642157387024,0.863999864413524,0.5338623684720772,0.7671246148407382,c2_beacon
1.9239151635976477,381.71761573580784,1.6005500416973553,95,0.89983254339154,1.3175322264853573,0.15923159324406866,1322.3979498780222,424.2647190529753,12.923538972819935,0.16468970141722902,1.9970127521919332,1.2222077340507935,port_scan
1.4114509202495396,235.8081329473367,1.270672210435629,6,0.24154461904407157,2.614860152952719,0.18361005836223498,479.2235399122998,375.52463166458483,0.9781066139186818,0.9173216059167136,1.1043169685687682,1.148817614189344,c2_beacon
2.168160921909526,2324.9999703342173,8.400764051140277,5,0.15674359472615831,2.82585561681615,0.21123731671495727,980.3008113931484,627.5630305571642,12.454935143624763,0.24476647424927533,1.1329040237635413,0.870851639056577,ddos
1.6687846335280676,301.96992385305697,0.6897016395878339,3,0.04098477731391927,5.8522821210481215,0.06903179022298758,3867.067304107686,604.5769879731714,17.64823644813844,0.1978365394118687,1.7972244129611945,1.823701462478939,dga
1.1471202425143097,56.24736009918184,1.3710573802581307,4,0.27162325169365553,2.18122726220499,0.11996047521472426,129.63291997405392,328.5814504896355,16.27841486500908,0.19423819178433246,16.77476458328117,8.272180656620916,exfiltration
1.3527515630999147,304.59011322518353,0.570919196236014,3,0.2538622393683854,2.3889355768796285,0.1945709645201804,18783.584173153984,1268.2127094079472,5.7090715284520375,0.15849113453723748,1.4434051741533882,1.128009781916691,ja4_malware
4.9515367847745795,6658.401990793481,15.62292130422539,1,0.21762135310578545,2.453175812434334,0.27024426161387416,3649.9119820578344,518.6588632897117,15.775041026565672,0.20066244438989045,0.6305679537510284,1.0141743333967437,ddos
1.2453613923781393,377.29094089936905,1.4635668199832965,3,0.18215296729703587,2.3088881212905368,0.11949877980052988,1087.5677694082226,554.1313026140499,0.9650451406912585,0.7828418916683453,0.4682764057152002,0.8983356901468542,c2_beacon
2.0083601395597173,180.53539747066202,0.6012777202811226,6,0.1334064084032237,1.494534166158889,0.22975498077771087,4081.288068345812,767.9460032270454,12.31534319561912,0.17164899094423752,1.5128308009138514,1.8220830565322506,normal
1.8448795314462183,51.749982523279265,1.453545285762875,5,0.04402933232557673,1.8012352294847485,0.11077570153216974,26099.930481720763,1783.9799831132277,18.481838847939077,0.11137426017659625,0.22607152198049477,1.9945892823286597,ja4_malware
2.286358216183836,71.752907455847,1.7401848228856167,1,0.09717037881578652,1.5704421709877348,0.22292124385048523,1533.0917535521626,879.7361269263315,5.75715538080664,0.24504602024373037,1.3917588828626213,0.541496271359468,normal
1.1488588762983971,350.2596658092651,1.3658869028355536,3,0.06486303690398364,1.6365678898255713,0.19823602153504088,4561.601140093381,911.1944426149086,0.6049471052248173,0.7008747926133672,1.2211616255947642,0.5953750621186868,c2_beacon
1.1120157042803545,440.5977996887246,1.6151689592998233,1,0.18308538450334189,1.944185966970639,0.21172922394146282,1593.4806750825458,770.088428680089,0.45361930404188183,0.6371457916786658,0.2764819673788139,1.0046455645501207,c2_beacon
1.7192041554249275,384.6991580041577,0.9927934812113861,6,0.1785117276293432,1.9184615006555277,0.2511911375224871,1603.9570776223502,549.6400424041832,1.1399001132044109,0.06360628540652417,5.656189128615112,3.7348797249416696,exfiltration
2.2760214733496387,167.34921253375558,1.509858559733133,4,0.24922873014445796,2.446698802434976,0.17799995243393824,3008.1782556827934,937.7233885216386,9.73721953613345,0.23162792695634177,16.931798440319128,6.247494627553842,exfiltration
1.6031213502822248,174.91009608015878,1.399013399987743,7,0.10895637308556161,1.3650407939810452,0.27266653645648575,2872.0655054891076,969.1007586735219,15.887305337024141,0.02188274595807411,10.494949717996125,7.621011366421349,exfiltration
2.481549970649511,12.767654049345303,1.7532187307004685,31,0.983037718933647,2.063383715757411,0.2850862923736216,4449.475639237073,606.7525065003101,5.3207381249609105,0.09961921626869043,1.805309896004619,1.9634272124000476,port_scan
2.152827194462021,407.1864568718778,1.8123679189367263,4,0.17746226530911355,5.499787650469765,0.03212357288357882,4451.285428973469,554.4893698383522,12.521500868500922,0.0013642348607198816,1.6045103194705699,0.5822371864516993,dga
3.2056290081953485,8802.199813385061,17.436610200218567,6,0.14660614541009084,2.049149666542668,0.1253073217145412,2819.906643553803,821.8992772006577,13.872516140236394,0.09456817387309764,0.32241204257519557,1.992407214235436,ddos
2.4145640362125764,311.9722283699202,1.7253265894373229,1,0.2142765444157866,2.39856632686688,0.17642289799498834,47794.09711890868,1928.8151362284887,8.098245762854239,0.1345299976111978,1.9589084673522845,1.439510735560845,ja4_malware
2.2803515839716564,106.00806119027992,0.6080438457865209,2,0.04248224237213955,1.8618199886850917,0.24346315414744304,2980.1121257024806,866.1425859077108,6.911960889906114,0.20007650212958597,15.011287489316326,9.19744477128411,exfiltration
2.444878637292045,67.12548126329978,1.3628109149238044,4,0.018206197774312028,1.1000928057667545,0.24144422895123915,3056.502265563765,690.6310516444526,17.432118943587,0.2944675192977627,7.313349210170008,6.547678969219769,exfiltration
1.8413944439219272,304.8641295532483,1.9702258112926156,58,0.6588845241644339,1.9564761958778627,0.10335790905862144,885.8925344894452,657.6714171740311,14.395659645748578,0.17149953461542836,0.3491967562645356,1.4425671869925885,port_scan
2.085623787480722,297.83449497455155,0.6465918785098075,5,0.14471593169075955,5.2876323686533935,0.07257896789306248,1423.1867545675534,569.3523612438375,1.5294118847697677,0.12827264344364203,1.0277283855217862,0.7360334709501746,dga
2.3901791952611133,72.4624171602274,1.88146268189309,6,0.08624067848997763,5.7369698539521625,0.0331648880514492,3678.472772580824,595.1796227241657,17.727825511859535,0.08308988998555746,0.8089565517830264,1.36568294756801,dga
1.6284268793839223,151.02990456583797,1.4273096053201813,3,0.0005648347040809853,2.579917419147062,0.13477687208548808,3979.3426474676003,998.2894404694479,0.09097410055235419,0.6496284781325116,0.343017388911897,1.1954224249267635,c2_beacon
1.2234136571444232,178.3403106156411,1.7562162508350374,3,0.010604246160599263,1.182863611717198,0.1367572949137105,29612.26364343758,1708.596449102462,9.742239373509474,0.16268187522898508,1.4488591795523105,0.915796590328773,ja4_malware
2.6674932660998256,1531.5109825649292,14.164517286699413,3,0.10643808217181468,2.19815693790867,0.14004636450447727,3233.2753745327104,966.5660505862724,16.300611786706167,0.05871285455679823,1.1625924003154724,1.820002260367897,ddos
1.555001146664969,25.8164905466384,1.4946570104279693,4,0.017447565752749836,5.367715848049466,0.05595380066552116,4234.375866735498,750.3610945652058,15.129336554663453,0.1506569640023694,1.529264941716796,0.6064769153183289,dga
1.03172202450466,313.87315044786516,1.2405081144059686,7,0.11211540086470541,1.4302624361565488,0.14693445309231884,3850.3449597322037,804.88910214672,5.660051019076693,0.13123338014997507,1.2263474696580885,1.9231586078078184,normal
4.2106517179461305,2118.967371956344,11.854892621745677,4,0.13203595108175376,2.729330676062185,0.2299134558164435,3339.9318369535818,568.2042106517109,12.53797231328968,0.23701403704255536,1.407922578525576,1.806918973559766,ddos
1.7161426306297982,148.4985209904058,0.8218730561193224,16,0.6612818733168964,1.941733387211401,0.1319929355295448,127.64433213927502,982.0962272382453,8.222070670983408,0.016639359158243903,0.7212262422802116,0.8951111964741274,port_scan
1.6867048105948872,391.9495420530203,1.6296202540976683,3,0.24830832926029994,2.2538906939019396,0.13848998411482333,706.6772882940847,467.5894030772504,0.7635003541708918,0.8157586709159215,1.0841052736983823,1.7418241868164568,c2_beacon
1.073881179891391,408.4480794518553,1.087237969295995,1,0.28272127524255675,2.5629316788048433,0.22355718727771084,1218.6538714398173,519.327787766136,13.658126140802215,0.2687192514795445,0.7361747167575905,1.868506894025956,normal
1.4713239284896713,425.6231588252989,0.9130651660951103,21,0.8921015060961788,1.1034840467820102,0.11371320397308529,4253.815642840969,607.4993052153127,13.32264999246683,0.13119309062193124,1.5349777478631659,0.8456889823888981,port_scan
2.0461068718314577,280.54510140329126,0.8655450666716138,3,0.024139414894777767,2.05139803336753,0.22820346673845426,1893.1232557988994,812.9460274528259,0.8508291052449763,0.5298075027568626,1.7639029306081118,0.8885327556717535,c2_beacon
2.1684945318671938,371.9043893641175,0.8218084588402155,5,0.2962942343269385,2.086618352471914,0.2773115827332556,4332.041993167164,964.7221300305555,2.339300601781463,0.06765703748492545,0.7181505208834087,1.147772001702046,normal
1.6081015122752853,105.28886973619883,0.9153933671206987,4,0.21351525485561873,3.9860183721660123,0.015012525990577164,631.5303959569073,875.1435694278753,11.491193232188113,0.21787071329788027,0.6140120234173354,0.9056900777289149,dga
2.027739153104031,248.51483535283916,1.2188342685346258,92,0.8786632356053358,1.3907927286773007,0.14896691523076633,3995.4880423106415,346.2092891139705,13.778882089930871,0.18251184546365065,0.2091119002372541,0.6031523716135075,port_scan
1.2124386064882748,221.79455542518983,1.4832230103159172,65,0.747960851974443,1.787815339285029,0.14809525685408975,3532.024287839647,399.4936054122889,16.67055640008102,0.10390348154333624,0.77222483931268,1.079519653036703,port_scan
1.2750845427789987,153.38400359845542,1.8614545360961863,5,0.2892214560177554,1.3073148737183087,0.25809903855868904,1861.0748866158297,597.0148373079489,0.301955081883148,0.8002295763861772,0.8396998622076453,0.9094758583876752,c2_beacon
1.2568105437352697,220.61899429074674,1.2389700320482908,5,0.20639308080959604,2.520096771522275,0.1521502008635928,26739.079098507715,1945.7018298059606,2.883420016235028,0.0689291743720422,0.33614599082743873,0.506228855065153,ja4_malware
1.9598725602658125,102.00952497315781,0.9343432569392807,7,0.012257371053028931,4.347648782541497,0.05427863992398746,1084.4002062776196,961.8047510347767,6.022975657521896,0.0737072493500422,0.7662993734003425,1.2326965916288923,dga
1.8303691009869938,338.39959512216393,1.9641925860375617,4,0.16373948572183902,1.574946037096846,0.2117348592950112,413.4654578005393,573.1810402630367,12.773869880578635,0.004774890911913276,0.9129061006105785,1.6906984664746443,normal
2.1681544086025757,133.96773947929063,0.697978186612383,2,0.11030388427594566,2.7828299026915766,0.16714017108481471,4764.8922445324515,749.3223882078917,0.6577018624767137,0.6419908326930452,0.7621222019463176,1.1073444145934865,c2_beacon
4.123219170674047,8140.220442450704,18.785428345088274,1,0.20072296662815378,2.567178541931039,0.2258999184404102,2916.2180520737525,778.2442953596907,6.541052774231814,0.10107262938495522,1.0757238489260341,1.0344341274788653,ddos
1.3940201611982261,116.50069729268606,0.9167677774568861,7,0.12762740175705967,1.4458824684803522,0.2773142067275466,3824.8863214418834,317.10608758425684,0.5264199400791764,0.43176006089435837,1.320291217149704,1.1153610118706665,c2_beacon
1.6018095438962199,250.9991013898676,0.6219779362979632,7,0.26990066982486727,2.688494918558506,0.16425236627795037,3066.5138398133054,382.15425198506836,15.593683281300363,0.009109058699741723,5.025203038494055,6.680995283479015,exfiltration
1.251354850831083,219.40769659598914,1.985874478793654,6,0.0957310195257057,1.672432489812616,0.23169200349328645,47852.7763492804,1732.8787517434992,15.15134892679162,0.18236885841079942,1.703692080399573,0.5227259557291559,ja4_malware
1.3646146470223062,76.4698317986064,1.8813752486267226,7,0.15259755713761947,2.2647437549766822,0.2898820880134333,1344.1650208062244,974.7144229340843,0.08893325785199076,0.46883243924114903,0.5146129638918859,1.5918775614918608,c2_beacon
1.210509395595869,163.15927502400612,0.8227674119430778,6,0.2578683400256694,2.0103067897174975,0.2227210870093848,2266.527931576027,361.1378705502484,9.724725818149242,0.27319921267501307,0.24666721056369945,1.2513030942901535,normal
4.657685778620389,5344.217112470336,8.482227980591546,2,0.007793267983968243,2.19747687125629,0.10594344267128666,1112.8495980205462,325.65877661776597,12.714520065801425,0.2905699253935469,1.3033080280369473,1.9864579790538481,ddos
2.3850916926832437,435.7691667511855,0.6118609665561281,4,0.10967809114902516,4.5612992515843365,0.01588962622847903,3281.9586073109126,831.6108562691198,5.854992270959321,0.01330635825055193,1.2407197393083602,1.3733710296864898,dga
1.1350550705001543,460.788693009176,1.5836870484342174,6,0.22813053941958455,1.9090362556708038,0.1795528594973228,3563.816004081933,356.3809064673809,0.8629337301798489,0.6932700286985154,0.9200051312633333,0.9175974259813156,c2_beacon
1.6159262354630552,330.0618172846047,0.7774176628126199,3,0.11194683378357691,4.062048682263482,0.07008472477092054,3594.663263436958,407.11344657389054,15.04807511989796,0.20312371891213504,1.83275471345331,0.8462772446290086,dga
1.8478577775578247,67.8991371050077,0.5051813372856913,4,0.1169572228484231,4.741800332586857,0.018353931849424805,638.2265059838618,738.1330599441212,2.892451789466063,0.2786745814724957,1.663545674035248,0.759827020096129,dga
2.1453436026524972,497.631724839844,1.2644564964553986,1,0.07451693137740968,2.7023777250212646,0.22585638965269386,43574.35389857577,1820.5197663403667,9.020488749058734,0.012211869870834656,1.1165178365972195,1.269923694615358,ja4_malware
1.0587843856421697,314.47199130517123,1.2402192995287133,22,0.88844738709536,1.3547481312579095,0.22088195949187145,3504.625037560288,586.5423978178807,17.509015989630743,0.02947692316410022,0.5626415007814636,1.120539868583798,port_scan
4.802288816618999,2017.5340310368906,17.107994732070935,6,0.24841294851843254,2.2962336100483767,0.18414645671937618,934.9381618521471,722.9214123384029,7.555255140868731,0.07335129544036016,1.145265844415575,0.6393476301377257,ddos
2.3805936278359563,283.72356499834376,1.580215366891971,5,0.22200236773367985,2.2922366608016818,0.2343542950259118,406.1228567570114,738.0358938532452,12.077912249295624,0.11917473698931773,15.520093753903739,4.717856239815717,exfiltration
1.2364174729374995,362.46314150850355,1.96162568466327,5,0.11358627823035557,2.142426382703995,0.1380839009332699,3375.3734964582904,997.5536817441912,3.0761521546223536,0.16576438193189397,0.21871658271825298,0.5994692264314625,normal
1.4003294943635947,477.6784276763972,1.575222419883076,7,0.11822630033410375,4.6068829121491435,0.05846086908675842,3748.1643118842103,396.5087313686583,3.765215817801461,0.1514907651258764,1.6102057144861546,1.4614955155220022,dga
2.441992022783001,422.77878618667086,1.2013526831794348,2,0.06572846771971633,2.008523558853632,0.26877904077750003,32557.61508257852,1562.8474477279317,10.805943329887345,0.18720290990708072,1.4532363727819078,1.3189914477557048,ja4_malware
1.203996485297766,430.285107427341,1.3120681238385565,1,0.2881009587632237,2.991412041426276,0.1599517933278068,3930.2061277209987,310.00955202900354,0.28967286619099253,0.792255383728881,1.165676721119465,1.16615742136257,c2_beacon
3.0440465033711845,2062.2964611016905,18.394563486494782,1,0.051651332330886486,2.8672179259831623,0.1355093104556655,3559.9814848646074,594.7004570540573,18.45697154526919,0.25478532243631274,1.5019214498261317,1.120775761160032,ddos
2.03432438706463,296.01764115196875,1.4117093977777087,11,0.5620793174710961,2.442545979561795,0.1497897147567865,970.2473795515606,970.6357275057095,12.610775823149028,0.28281570896805597,1.5791395404845334,1.9889363549070653,port_scan
1.9527310973907508,317.1761541779784,1.1171874345383896,4,0.021794410132973573,1.5993173713154736,0.15196972207893583,4165.149573152621,976.8393381931821,0.37817572783440206,0.7686009282673754,0.25509643261554965,1.4256984065029372,c2_beacon
2.3923829797485174,1117.073445826344,12.850693609306028,1,0.04151712859490046,1.8278291087855072,0.16857517585208245,4469.53728135781,987.5131194666094,6.038845663792298,0.23415134512511832,0.40600097772025,0.6890745135733702,ddos
2.442846496824272,313.97527773244155,0.7515492795166714,2,0.2278929156919184,1.047513012914373,0.17529388688127318,2024.2792869485265,498.31408743077793,16.814066780133132,0.23262733580180228,0.5668057477041132,1.6780063272316241,normal
1.2533548081353443,49.92576672260115,0.5317280070497963,7,0.14093026263420208,4.604698007224824,0.048865945373694375,1614.5975773372793,877.347970770125,12.722590729903384,0.021290535868592853,0.6675345526560613,1.069253410077886,dga
2.2319189879857344,431.4735201654834,1.2686341978680815,7,0.17168448495158556,1.8069077472201862,0.12104514501487247,10185.669102146467,1285.7140885905476,3.864255654534278,0.1116588800319084,0.9043023617648334,1.079431921535303,ja4_malware
2.7957519340028547,4631.045294244084,14.172451164417316,6,0.03588913657231286,1.1806633660561852,0.24043139905649685,102.79817637554393,854.5102700653595,1.6314300925262415,0.05150873983437177,0.8326503541079933,1.8872726924095302,ddos
3.522651482358327,8235.00084558982,15.118818659270145,6,0.20572561227846456,1.7370709352429767,0.16844968519470072,627.6141293354436,654.7385969730448,14.497009359533054,0.046560343288147975,1.8084586532286522,1.5249949984063198,ddos
2.4679102513445184,336.14897127664085,1.3291528061284281,5,0.10435932924312102,4.726833936457181,0.06613569025137075,3569.5631081062656,718.4925296182871,10.18044353032415,0.14174527259615383,0.3871159366433723,1.0220883196367858,dga
1.2148426356683784,147.19214967890352,1.2053154710271032,2,0.21524607708864343,4.762054407153239,0.015187891923064172,3608.9929208252765,598.4703572683654,13.412489880157327,0.040524946966236854,1.007282630935047,0.8809475854060651,dga
2.489652970143573,4147.097552895786,13.9542109106992,5,0.17752122733730755,1.5294304353788137,0.11582640594012986,1385.3541681147606,755.319639352683,10.676169428546986,0.2810218949655559,1.2841527321716322,1.2672757743766505,ddos
1.811082386984903,195.03802984255142,0.9586926837027414,60,0.5535594467690881,1.5574984279829927,0.1115808196512561,4108.880468327931,834.2388943206295,11.895681494778062,0.027923420669711672,0.7996541303014639,1.1609241048926726,port_scan
1.616838112794385,240.45423428602314,1.9002586675613973,3,0.22366809074357544,1.6092101472512377,0.1037655772412221,19435.594882573845,1637.231805921339,13.16307301288354,0.21064382128696155,0.2981184644783857,0.8096851448636497,ja4_malware
2.028569095086457,1985.84067855088,5.100833265035326,3,0.16614574249621775,1.5206337113161978,0.19919827082704866,2898.973478935158,814.856671988807,19.410842950634706,0.2585170101160531,1.5920601621946358,1.2204672504660097,ddos
1.8075420744254322,166.58794030927908,0.6544695589037495,54,0.9017185912107584,2.3277212083765324,0.17164100806815497,4149.307957404726,679.40543826974,6.948804491725033,0.06680422166588974,0.9809659019116566,1.4178199723873166,port_scan
1.9924918947516417,178.2133065656648,1.7346614342103497,7,0.030839308843424826,2.913943169261559,0.19435830147876942,2853.510525645771,484.48476387389337,11.77985062126711,0.046120583846652574,0.3653264289440532,1.32899203415547,normal
1.1625276539105303,343.84368414200515,0.9876770042651417,2,0.24069946588128177,1.707783117441869,0.18968943823883364,3496.6113235728617,544.1576777949326,7.225252927144849,0.04837779141160929,9.050342356749496,5.325258016573155,exfiltration
2.200037935788101,52.97015416834322,1.8669041050401256,5,0.13495908328325834,4.2588383010925375,0.05449930348632791,2333.2239126928503,521.8671149305231,9.228761160676308,0.21834763320109687,1.5370924142397486,1.8769354928937523,dga
1.7401468982545711,28.141575682009215,0.987769209421349,5,0.039673650541572854,5.483614802314813,0.046689125193959485,3890.5504917934027,426.5255421511662,18.877901954300057,0.18598267995147366,1.364181110736151,1.563061923727941,dga
3.719078596260778,4921.525471015689,13.303410849550616,6,0.007545982688403718,1.5625072283831578,0.14123071738120432,3435.685280434177,738.4800234055759,15.987082630744764,0.01052582812312115,1.2728609829009394,1.7796553950960385,ddos
1.967486078351493,459.0585902695627,1.9122766075781579,76,0.7932455586042825,2.5918122961547367,0.20285984492873063,195.35713256178587,370.3241659226791,7.208224305218811,0.1581040312057587,1.8712828005201643,1.5257317362437828,port_scan
1.5511066625835204,446.26910015442763,1.599198646337823,2,0.1511195872922327,1.523469779270735,0.17200600057959453,2003.543156002364,644.1248382600315,3.1248796408198167,0.059152895244248355,10.07040047566202,8.18739378341805,exfiltration
1.3244683779180546,259.49242453537283,1.3118680925889477,2,0.2693413302494222,1.4619785147906847,0.2877205412440835,4386.112230895508,889.4060423179906,0.8429200289926487,0.6201015105610835,0.7339429852688872,0.786539829923728,c2_beacon
1.1346855253404178,176.0837821304912,1.2336476570337311,4,0.19125337228518305,4.818334540506384,0.062469286423333784,2117.505227010857,831.1660694680428,12.062153163363012,0.18803749106834958,0.4645961262796076,1.5395079594874974,dga
1.1300552806874773,184.16309245237156,1.627581474193244,4,0.008959881718431073,5.5986429600351855,0.05812608279941245,429.7467792786492,667.4963753498592,19.06256857113194,0.24933854727043736,0.43806320621914185,0.5876710060910424,dga
1.415656169643782,345.1445753208986,1.2388229302699432,1,0.14486898123019473,2.7850686189573595,0.2962620539732349,3272.4179934236486,829.2289414569925,4.094687051669918,0.2799753330167841,18.35397638875754,3.7131690941867888,exfiltration
2.493761347410989,156.72649887859083,1.5180108856348733,95,0.9537900061741622,1.122951288688104,0.25976728198102955,2227.6270342865137,774.280168991803,3.4446924321776553,0.15446665924469855,1.0714994959521138,0.5264580935508065,port_scan
1.79076974487854,451.66800463243004,1.6548883234562215,7,0.021441482385475774,2.3860036208647504,0.25046098158520835,37452.789282507976,1470.6279345487517,18.28508776487302,0.1002182917667498,1.1170369944785155,0.8604722187046618,ja4_malware
4.715321860564864,4070.2295278514134,19.53618467321745,4,0.2519685533562898,2.4904187238004667,0.18981862727223753,2687.3795728105906,963.0897511310588,18.747609573214724,0.13503635902239847,0.9076323437322049,0.6550310691935246,ddos
1.5001881075446926,421.55192939586755,1.1325286319163483,5,0.2626429211957097,5.312138065571311,0.014609980476514232,3070.4453794005453,549.333446032346,7.2735655465146385,0.23890948524394207,1.3547213355645569,0.8806033851075474,dga
2.4465637855956155,245.11134564740436,0.9662788368360005,7,0.200447351497049,1.4615892338434953,0.23830013509622922,21355.070024801644,1307.2108940592996,3.8410860664132382,0.15850612902142117,0.7005030188759562,0.8411198973698908,ja4_malware
2.34424115775965,448.86109187801145,1.8186031694884401,2,0.006517036711226887,2.5845416743408047,0.28624866569589247,4188.671485540666,867.2039388479482,15.185418317047311,0.08654778094258431,0.5621680966265711,0.5409711756068775,normal
2.263390412978599,40.38261802277158,1.87459004153567,4,0.08781517862327852,5.352563397764089,0.053942901360250956,2463.3137645982256,690.0543215950281,2.5400828383387726,0.16873162900065206,0.692001853984629,1.8749162018466867,dga
1.9214545939011578,323.07490799756704,1.1918556725252227,7,0.0389314238620108,2.7105735716759463,0.18164371809130142,3155.3028778751914,763.9701464606255,0.29411627303102805,0.4159707222486294,1.8587427192433243,0.6469382869027777,c2_beacon
1.7469185806808074,430.15063605808547,0.9955317715309411,3,0.21690711314376693,4.649193226468832,0.043012013515665984,386.43262757388175,980.1920850310349,17.644281129028453,0.05980450986266665,0.4522128397680683,0.5624980072477882,dga
1.1027691622654372,285.56811559648656,0.7186477491380897,4,0.11409101261870953,2.977292869902168,0.22854822741592926,41197.943766545446,1298.9630448881733,17.03358445653887,0.03508461230140401,1.2103219138262131,1.01080993794509,ja4_malware
2.2981319343071176,5962.973970575233,11.320174689098558,4,0.06264568028562863,2.0620113341235005,0.25853348684688465,1946.097849822164,833.8333377452094,1.6703959889363231,0.2981742636519141,0.8788923667455408,1.8889487714159598,ddos
2.084870495980595,421.6601089790088,1.2614825905276708,4,0.205406910752141,1.8941179241607435,0.27427259501805357,3675.489141000822,938.0042044160803,2.1365456689126336,0.21231674872187473,14.207153627590463,9.981041816577875,exfiltration
1.4286095698801902,308.42271079508964,1.809921035134071,1,0.2859780644695054,1.2582185917700974,0.1998185223763036,45116.451676868535,1384.7002267406867,9.783627138386574,0.08321610133543174,0.6938862981701601,0.8271379782540625,ja4_malware
1.4755278501579465,87.37011969244126,1.1828140320494105,2,0.029869012289872585,1.393014665566745,0.11787975659246351,1274.9147825147995,402.86650451499975,13.739592020805203,0.2771797926240289,19.05282947160263,9.045192197744019,exfiltration
2.3396816819832966,304.4117998930896,1.2971207173958657,2,0.2646525210986844,2.684910002905335,0.10977507537017513,3578.639252898651,872.4711490709179,17.38708897268609,0.1339743450528563,1.747478116427971,1.2905330739385632,normal
1.1865594999382454,100.44286669547859,1.3772920210778146,7,0.03766502742291182,1.0315014291313465,0.13157068310711081,2307.736612798097,724.4740354678127,0.5291290108896686,0.6359242383395143,1.8726526326422155,0.8778310543431258,c2_beacon
2.090491921430324,299.256922932743,1.1544749895413946,5,0.24082567506366467,1.6595707591030049,0.2845728725850381,2579.2799691645496,682.9113597444334,17.625443056705127,0.20474678580062047,0.607710047476116,0.9383526591980222,normal
4.639596929933856,1214.560105861915,17.468904926868795,3,0.27030258875121244,1.774843059382719,0.18939480046528828,2552.9607013244276,678.5057926719421,15.485197524274742,0.13808095422412656,1.9916804317774237,1.2970686838870573,ddos
2.0223287440382633,234.66522236010408,0.8729041471273501,3,0.03410654858537251,1.273019372872924,0.15001655406763897,40818.718224607524,1286.2934845141722,1.5826553128955623,0.2543397236187363,0.37507107674357015,0.6404863745292997,ja4_malware
4.357616050045384,4248.055823139344,14.715856936154939,5,0.17647829148995117,2.567787229631212,0.20503294898331278,3591.4536535310976,654.1704299271806,8.656757087458189,0.049569282221437846,1.0227644688936492,1.4757844071129904,ddos
1.3585225465626485,107.47649224072349,0.7358263381555052,2,0.23143914268085317,3.8004227086056037,0.049409559916515224,2451.6126756459753,452.763003381955,13.262875896465626,0.057921356545152056,0.5044367763036905,1.4172791843278019,dga
2.3814434955668746,375.0896090534715,1.4825197724028882,65,0.8990347266208443,2.6218560285464085,0.2649952215532424,2069.5840099696034,986.774183171541,13.101498094796614,0.12510007864421893,1.6199283039995263,0.7665941815268127,port_scan
1.6012565067773132,104.76290096023251,1.8748954184443398,7,0.1360584281061684,1.1580360563861056,0.13392270038736015,126.4355098708408,736.5949689584872,0.6929946496733613,0.9322127527196008,1.0306082125718419,0.6797208627831366,c2_beacon
1.4061381269767004,230.43105697262183,0.7926863616385046,7,0.17935680996186107,2.749701697610327,0.2295754961770141,3784.55749053154,495.8570520699214,8.599073390282326,0.26410646460384457,1.5490597324206614,0.5662177233384605,normal
1.2510813363471849,481.2413715662913,1.2364817512802413,7,0.16369189660692904,1.4382781983970931,0.12059889862400262,3893.828761243741,620.818795390476,18.413711502774746,0.17945515156704614,6.638999137115182,3.5688572351572385,exfiltration
4.785783890284524,7336.072127432105,9.311277572528008,1,0.2063446283388864,1.2745876737527975,0.2650793743469294,3059.482139115609,784.1083886314062,13.250676292223334,0.14225560187008798,1.403836013924057,0.578457538696413,ddos
2.613709669227439,5739.169983992503,19.938032986843048,2,0.29000827323088113,1.6889784452847931,0.14065584453778135,299.6840338729543,484.8424124074253,8.006998778529342,0.03612996367232758,1.552636665504662,0.5162992669900497,ddos
2.1348499940577548,191.0493010371474,0.8157640257623187,2,0.046129698811542004,1.2517723221849113,0.23103481569071307,4314.381587699979,780.506095317515,8.153154468017496,0.2634957253366968,8.307800858784987,3.1159180911886057,exfiltration
1.4384642471597529,406.94132635667756,1.1091266138246145,2,0.18451000669718393,2.387563678509186,0.2634777778209135,29207.913410994523,1366.9275879340828,2.519103674149103,0.2204366389147038,1.734570087230122,0.8998840428432646,ja4_malware
1.6253340528923275,18.12410292980289,1.8858506008181448,3,0.07974282398251971,2.3566212168034166,0.1883802147490141,2569.271525708148,792.5606705989278,5.6098820019868345,0.04835767287700926,0.8549242058458695,1.10471487867634,normal
1.6507413107435407,352.19770883042816,0.9950446289561724,78,0.7003279232004149,2.3972758774557033,0.2896542233492305,3578.1538210821604,657.0573133610799,7.298889905505443,0.2508870542825208,0.2910192340810775,1.9216267721041187,port_scan
2.2446077163822893,9801.263027850659,9.884179406026908,3,0.16488409116609326,2.4871830148246135,0.2984539857344658,2672.874812393851,973.4946392884676,11.571283813068339,0.11092670476976746,0.6975286923627628,1.308872973410557,ddos
1.3596757712789462,44.090636820074764,0.9229164639811878,4,0.23728615753477372,1.1638880505337323,0.10999609578524981,21512.870580422994,1322.3184680688403,9.709598956734398,0.27408354502066556,0.4896281235072202,0.6463417736626186,ja4_malware
2.3685465066108193,329.03662519049124,1.48833266151845,5,0.13061110239422233,1.1362371613834574,0.254072521236519,30226.936777300758,1887.65345207066,16.363866991736256,0.009821606890198653,0.8128907684849283,1.4940970409425425,ja4_malware
2.114162090036256,443.3981505566038,1.4589055632604069,6,0.08219826220344474,2.557982444638337,0.15970074696596917,2641.3724259896926,304.4890296078703,0.7037052184790559,0.5304553727771734,1.6988551632244533,1.4628203494750913,c2_beacon
1.5776342441505302,349.61675919555375,1.396091793610761,2,0.29341372373639396,1.0500804060103672,0.2234694199851372,2541.5678776806176,505.12637210297305,15.625253179662339,0.16478097048049914,0.7449587448421742,0.7012532079602876,normal
1.5604212076893573,166.0155677359452,0.9938936893966543,2,0.006680646188880001,1.7545636781227263,0.10099699305889459,3001.667029920726,892.7836425077923,17.44805367173588,0.057028731524512495,1.2920213274643528,0.9268446039081777,normal
3.5374748434588055,4374.177575341001,7.854755653457472,7,0.2711765797234158,2.5852465411205894,0.19733526928842904,2793.5757286907437,300.3146682519788,15.751573008149412,0.19431686335967321,0.7522319683668992,0.8735339944518479,ddos
1.3996949762512692,258.57342377520126,0.5788639854845831,1,0.03927639364394971,1.9274394559931856,0.14311414206604367,3151.1875873446147,576.5807542444675,1.4651853878845973,0.1807921956977355,1.406656106892221,1.7122772150568872,normal
2.280672701525515,231.28768261164188,1.912282141903004,4,0.04900853844108194,1.4740207085324577,0.19307180524644973,165.00025795546992,412.1318593837483,0.8253464229896647,0.6608362255788365,0.4175256252041293,1.0397075902537765,c2_beacon
1.209391327648401,108.29857056481237,0.8531890217525251,5,0.050185329076769404,2.801376534833903,0.23135998241166125,4297.155820193054,351.72855171486356,0.11249191824188286,0.5825674258583453,1.569597680360279,1.687337392452144,c2_beacon
1.4596568194680026,216.80989856379466,0.8366094660958217,6,0.27330116647722624,1.9793859008278525,0.27650175012655254,17369.89977915377,1520.279718699276,16.863059485126673,0.05310204876675999,0.5095417649293121,1.2063098932472367,ja4_malware
3.019583287062668,2250.2615007071227,13.649835706566511,4,0.01569067505447975,2.0907585531438153,0.2657231354234001,752.9054402679069,951.4532962903065,4.029784522572671,0.1586176144368445,1.566761018783224,1.1265215570984914,ddos
2.3451612290280637,213.8966427462697,1.4784051983475721,7,0.07177299238899831,5.281486240425156,0.06592788348039129,4626.5481656315715,631.5156300570409,16.075338751829975,0.19021575351162012,1.6466213727185384,0.9012830513369192,dga
1.1912866850043315,50.62323073856207,1.2114492934866983,1,0.08917050961598855,4.537453973145913,0.024825546672406336,4318.396166362214,788.6915502687168,10.913011885173818,0.058360705152141444,0.9873739888073558,0.8243076388207371,dga
2.1397141711340324,462.5653081837125,0.8835693008512668,1,0.11801108297439211,4.437025978562638,0.05463628226066815,3752.67958507786,306.823454878074,1.7261662416960362,0.0038373383003149518,1.598346978187011,1.8533875040406713,dga
2.248493100974917,47.336430941523346,1.0474889706025212,47,0.9166745354311547,2.169532140966453,0.2530925002308734,2887.921992557502,943.0370451504791,14.548911044434846,0.1853870383400186,0.21321184449179392,1.1954826823735198,port_scan
2.480736656535248,415.9084734619675,1.399688227735047,7,0.16811966405416232,2.3993182933605244,0.25029646698477725,2166.660569939954,448.3921316718624,0.8293987542477954,0.7394089225261016,1.6925783089509305,1.8709712846834659,c2_beacon
2.388405089647324,214.0841982079522,1.8306995230099086,7,0.15410311486795525,2.006721403392315,0.1331100241819736,10900.473189107486,1896.2048193747028,19.051718919785714,0.18424523932164416,1.339372711951435,1.1027795432252039,ja4_malware
2.9391608875711346,2045.9196258430882,11.840487683647485,5,0.264046484245753,1.8857727404072533,0.24038575773063312,1662.450044085677,753.0312757706122,16.37994206231577,0.15385355143697846,0.929131800460494,1.4734624801043235,ddos
2.2748049526716856,258.53661207996504,1.1952738029831274,4,0.059471393111865806,4.517253478612291,0.07432270162871274,3318.855013349108,806.038323561326,8.546378338714469,0.10797738902797058,1.4076331207789639,1.8169183650802196,dga
2.0835390258946753,96.97822539411406,1.6470008428429994,2,0.00017043877768333494,2.7364728805657994,0.22996548451265567,2670.870796273501,779.9145627065373,1.346390386790689,0.022108749641502022,1.4511141018469609,1.8109873839103192,normal
1.5580078388147895,343.34059769484224,1.5754050749789885,2,0.1546817521350801,1.8408210508434086,0.15445501851808735,1873.185146083651,624.2369673503317,11.86840727100197,0.15740162571984614,6.835295532366201,8.160015649952975,exfiltration
1.0141749566012956,468.7588253283763,0.7754732956871536,7,0.18483235408590926,2.83026537763333,0.293950492415087,3102.443443167007,752.1121865899173,12.544185632227435,0.16349513968026355,15.140196554556978,4.407374663435281,exfiltration
1.2150777579572192,33.052557962297215,1.8333757154932901,7,0.21519697344226357,2.418200528663677,0.13561552096856852,2096.633337955059,860.1902101672817,0.8408646317466099,0.6654306928914719,0.2954571631573171,1.5603502562642977,c2_beacon
2.18581700584262,6857.698131139458,17.29888473924661,6,0.1344355226941038,2.731927988340825,0.23407297290744844,3641.5826430210464,465.07504194849537,11.47095702783744,0.11970001740721424,1.5944622658800198,1.5995834775382973,ddos
2.234142419906245,147.4996037054914,1.9250916419366557,6,0.027000417313526957,1.1855709082534789,0.16315289556921825,2437.706044612145,474.0832665515055,16.52201322086679,0.15219719387792086,1.7941932560816747,1.8977359726594256,normal
4.324821344332353,7096.269397728474,18.444446754821094,2,0.12158083772898075,2.547997644189298,0.2937356402232922,1323.7050225408636,471.1513017625807,5.967282042500677,0.2880246323956094,0.20605211521648184,0.5182439475710281,ddos
4.8459675804716404,2362.8464425941866,14.136131591178682,4,0.1112213639055214,2.818936791858981,0.16851094088328794,2259.7568726369927,792.2464395053978,5.352506106631345,0.0032448404636873152,0.5560700363664857,1.4833212651776293,ddos
2.386684050690564,195.7624451868352,1.583959247420984,6,0.03979697510376155,1.1222291467206802,0.28608318914027686,3303.7214793463468,412.5158594150771,1.0464749951171561,0.2723580568885724,13.250795071664687,5.854837724626123,exfiltration
3.5279425330102825,3087.5751992037235,8.014661396148108,4,0.0006775735800022997,1.788057560367708,0.29484330593686603,961.8735766937011,954.6746883412371,18.464216454481488,0.29250560875831094,0.6779449458084278,1.0866960439018456,ddos
1.307123569730635,36.85071730774135,0.7063683102066034,3,0.2693261793794121,1.5696401724366373,0.21789473685610722,4069.052689091155,565.5092258363085,0.8968998488065557,0.8108979702286576,0.2870190175722354,0.7903537879130638,c2_beacon
2.498657095711358,154.43923529152593,1.5617658416021718,4,0.012737385848429483,1.4515503881325325,0.16242054987073923,380.72465893920065,445.161012667567,3.957828745377145,0.09053078955584883,1.544104777325237,1.8972484092120392,normal
2.3771534315272196,53.258930862488214,0.7371432130724318,2,0.2435927039648324,1.436342398244164,0.20006762284217017,1321.9131289849308,671.9664756606794,15.124238122159436,0.10394839880475491,19.234162323849528,5.914420524366481,exfiltration
2.243890965196737,170.73934621226806,0.8073715403081401,36,0.7747341663476557,2.998188157595274,0.1573047576065985,442.8648515072608,919.6277245468758,1.7942793699125827,0.16324620213000177,0.6339822224997944,0.7462558294630703,port_scan
2.156518489334161,207.4066436100019,1.6220654350581323,92,0.8962415532341497,2.021930110959291,0.11146307145493937,3718.6408006867573,841.5306758465554,13.644242228767467,0.03194558593251808,1.0210753697940675,1.6351655526145419,port_scan
1.38094387450511,382.8652324583066,1.6498683408150865,5,0.2035844464104298,2.083064191536895,0.11684697372271582,3862.8389215125617,638.8414732023457,0.11479577652948213,0.6065211733386233,1.939325801800873,1.9789192564683875,c2_beacon
2.4074989509340674,251.67495688493054,0.9455402064475413,5,0.059510055009324436,2.8510336479113727,0.12928257672195256,1027.7947103016572,887.4487290228151,0.25018299002230815,0.8168718008825917,1.1263649167225405,0.5347131276949908,c2_beacon
1.34499661020095,249.3873957576381,0.5006418275409135,1,0.20434776027946894,3.731233220772071,0.01240500987780198,3626.4791049743735,551.0129471352827,11.343148922723916,0.20475512517000846,0.8547281485648897,1.6393405082229227,dga
1.786097053705196,211.6654494156216,1.4227542005775309,5,0.0705735934631871,1.4522583498788944,0.23049596618134907,32667.197262277474,1896.5764362858995,5.395239388649306,0.2607976347674456,0.25781307218851024,1.598242241411916,ja4_malware
2.4735951408210135,302.60355096535085,0.8755528060334756,2,0.25166366841165366,4.796294576989027,0.07779168641895094,2298.622465358617,869.8806605898965,1.6010857778968512,0.19679263691761675,1.1593716326626333,1.1164327870709148,dga
2.1704522408640883,468.33687108758244,1.301901126933913,7,0.2972429296653366,2.7755233514277746,0.1196633182251729,3034.406013491728,599.2004335939525,7.193308452807299,0.06585124528450292,0.9573209680970176,1.5876735332344658,normal
1.214199503949454,461.1166654016755,1.9072523853095267,2,0.17710936860395027,1.8602076345960734,0.23275149273444187,17067.976506276274,1672.870648698251,5.928359795343386,0.13173925108545106,1.896224183613058,1.4582708471751513,ja4_malware
1.568335432042088,489.458814828451,1.015764291097871,1,0.19193528510313357,2.1898518058925656,0.27841170932948733,2673.26922884225,377.913757832586,0.9260600496853968,0.6206394383907368,1.0114061079201653,0.7888259263863255,c2_beacon
1.6267876891279305,32.31176471970725,1.287348941567509,1,0.11873696826356833,3.881486996015849,0.06727450554492094,4841.462371493036,395.60822912672677,6.785071072343015,0.1179437598877174,0.6980965750053757,1.801854529425124,dga
2.1096586751551527,281.94143227189767,0.6725665723479068,7,0.2993857700977286,2.4894817558247233,0.1519153699257613,4568.597671630158,962.5272388934089,1.8294753507155004,0.19907926289678002,8.560795691329526,6.805666156096717,exfiltration
1.1586014319238018,147.28504259157432,1.4862255096374166,2,0.0030921414511644206,2.860709676082364,0.29790539599288934,29584.323601548673,1696.7959307917474,18.75855192752776,0.12476769884082144,1.32216752101986,1.0816327415191238,ja4_malware
1.3535548578615515,416.2290433230518,1.6861881110286434,7,0.21775584378616802,1.8848576900652183,0.2285629893708762,2526.8385038703996,823.6281725963123,0.3394536186505234,0.9183584985347365,0.3291096204079266,1.0471598400824433,c2_beacon
2.088296602593171,373.7257538893733,1.0968370683025028,1,0.24047711760559706,4.285647660033958,0.04970468662550368,3554.0870636546915,456.01652755934634,4.009213507353745,0.05174892336620281,0.5333619469182322,1.7594505509555018,dga
2.3401672771178377,424.5284571287469,1.331741348552198,24,0.9280109049265353,2.3397490908909306,0.11269460516589253,4449.9573747115855,358.23653359443165,6.584807510518038,0.23590404885297764,0.4781606107666612,1.7264099552444774,port_scan
3.88568351299424,2306.017722877831,5.910797600136837,4,0.27266221695711873,2.5983287241565023,0.28392801452525795,3182.943626681506,783.2101424278621,18.635010598481852,0.26159334142435414,1.2375981939452663,0.6341540436999353,ddos
1.0451026547654065,78.25640607456154,0.5151992914096248,6,0.18001958970115087,1.162044274320966,0.1796262756163611,3029.7105730097633,311.68090447863443,16.453501960186156,0.11869330154486778,5.935711781492728,6.688038299142502,exfiltration
1.9942963191453735,27.562948194899956,1.8417672465781716,6,0.21993734236786358,2.446640661934313,0.1256364146365608,2806.4304761794274,665.3210076954433,13.310098482380702,0.09511246887283592,1.900065541380945,1.3031682815883214,normal
2.061353739963908,51.60913590441928,1.8481277241029244,66,0.8991387345549364,1.0397850132203033,0.2889382935995197,977.3190659379798,427.2885471448151,14.515850344410014,0.2242281587217222,1.0474275466814635,1.7475404036083018,port_scan
2.1901854561723075,107.20029137048003,1.5676554933736924,45,0.9596218130895133,1.8655865817423745,0.15094850317904634,3314.6059190133446,944.0613773200986,13.45828746216637,0.2590686415890678,1.6126250926058447,1.7749914861120295,port_scan
2.328701011335434,444.29019232305285,0.8306751799034842,6,0.2339137569957658,1.900067896607657,0.19367172002592936,2596.662366536038,506.07671992983967,1.73431778256113,0.03383274381244056,17.04450929259764,7.979928134569107,exfiltration
1.192170449013319,252.12940679353747,1.5892701925758517,5,0.270867806289085,1.1174373633002994,0.23483061345879294,2870.0510803242228,949.4935312794697,19.16756088601906,0.019564700969860894,0.9679429955980112,0.8595285512616823,normal
1.049129724436081,119.19615817708073,1.0392782527176254,6,0.21656519999814083,2.9626855752839987,0.2643886530887448,22245.160015321806,1843.4375786712585,3.6801375471937816,0.1312412094974284,1.172378410113165,0.6064052891660172,ja4_malware
1.5691961195903934,441.3863470625692,1.3440020207478995,5,0.15072389808928152,1.082506065013125,0.18194021530979892,4317.593473137861,496.92062171171807,15.34550117251099,0.1870725443108053,1.3920838468963155,1.230079066115911,normal
2.4492531351672,226.01469080055995,1.3660298136448705,59,0.6820928137175493,1.915154763599397,0.2651002536394115,3122.0633763896844,455.6222428391941,18.294960697753147,0.02185680303863995,0.30772366892815656,0.563071187228293,port_scan
2.274113264384609,427.4472473194513,0.6161541278906573,7,0.24717370831523894,2.6356706199161613,0.17293565807575925,2900.4274265918534,990.0972403096295,3.515320533832657,0.0012848431898805023,1.2405093737360464,1.0387766738158875,normal
2.365744789944646,286.17731565965414,1.906211871763698,7,0.15295524651272455,2.6977613596683048,0.17470206080393472,2430.743820428462,949.8981445092169,17.99155067768192,0.264837970393716,5.469331385014449,6.16052441247467,exfiltration
2.0753352837384935,393.1825336617068,1.6615038517745768,3,0.29964858328644145,2.591051052457204,0.2879089681559086,1845.955669919003,453.9230299145431,14.139528795040953,0.28487183119609794,1.8709528395748227,1.7311690655617498,normal
2.1551647706764845,232.95415856416176,1.7122699714017224,4,0.1232113848459505,5.988593274669755,0.07438067557659228,2457.218383096966,905.614429158058,13.566725722077695,0.03418107296333848,0.7750953068431492,0.5992455904719363,dga
2.406739682462474,33.992217813406825,1.748180112922979,4,0.16619433774505782,1.7184087945354753,0.22353204803399923,4873.137133004853,661.1016065902841,10.859678269600682,0.13263188836671824,1.9610664000004578,1.2766096806112448,normal
1.97476990233223,249.95287349028388,0.6677672035710158,7,0.13194271274414002,1.6537967037539787,0.19154703733001543,277.89781291192855,442.58254435612594,3.2577233029784933,0.07336097272554179,1.9946474509505112,0.9341242003340392,normal
2.0739498823535105,81.0871282776878,0.8330667877908311,7,0.24163996410518576,4.591869221058427,0.036260500294844566,3886.9001594248625,913.6229795442079,3.52075148962824,0.17836811088457305,0.8159137542556258,1.9777026306119578,dga
1.241970559428733,87.09267384685464,1.4932316542842277,2,0.003947184838389306,2.0471552598501876,0.12688012880459543,262.1443824242189,588.4696340519371,0.7031578219152292,0.7293776297101788,1.3056282129103092,1.6965547425082539,c2_beacon
1.9740373857391222,18.502034340928933,1.9210628346112517,6,0.2594685642630202,1.8528202983541415,0.1209029569709655,1135.6833848177585,809.6272825571878,11.280401714884281,0.08788316202170782,16.937225332188646,9.857354465292428,exfiltration
2.2536201881886413,437.41777182778475,0.7643582134955367,87,0.7599423788334083,1.757747772885554,0.11692604481443697,4391.864886293703,837.3633118646993,4.1380722010294715,0.2988582475028759,0.5860750325588205,1.0775154156807836,port_scan
1.285921967763369,91.85958681974908,0.6675077851566735,1,0.18275868845408047,2.2843103153905724,0.15420847812328836,4096.804219731213,606.0184744283433,18.33900482023039,0.23483610722372822,13.605762458048584,7.0345909881879445,exfiltration
1.5944305600847581,332.4960026063541,1.6011916788001854,2,0.2801642027040983,1.2030326649732739,0.15077979947171732,4082.384700981589,336.66685240745824,5.732520849573529,0.17572538608240626,9.578816473967038,4.727343078745487,exfiltration
2.362270922733926,308.2853606193035,1.3974115356557362,1,0.1734359401031614,2.819286437389042,0.11390770660349736,2063.9312415273994,681.1511736214244,0.9295535927561469,0.6981958310610574,0.8880491316368739,1.2764091062920508,c2_beacon
2.1369103203354376,240.44834271033506,1.495641221169445,3,0.013491884287189159,3.7616169757512226,0.035850934659814676,463.4893554829679,646.1654850104737,12.652770944132643,0.10473611035371123,0.2961001553989496,1.5895876590363105,dga
2.2849214261385633,369.53921374457894,0.604460954887092,4,0.25799116311048176,2.3704292387322656,0.12477137622586039,1718.5576402995835,526.8869502209935,3.244486155302406,0.03458123034172349,1.913298407655444,0.9981762774683304,normal
1.3845565885556332,16.054805276512546,0.5707427078911873,7,0.17286740391616534,5.753419110141001,0.06542018285488382,4434.096614247281,946.5531623415703,9.177738681991036,0.10356504744137837,0.7400787206161283,0.8926549751187278,dga
1.7830652355537135,193.0015516502332,0.7063094633261553,1,0.030263532690973115,2.6701038570442814,0.17811603142522547,500.15949742599145,388.43841415122597,10.731797239609289,0.002415361618780487,9.576477982239862,5.999784592752187,exfiltration
1.8229663423037545,397.6695939509096,1.9462956735789017,6,0.2979147320624746,2.4068055983707692,0.2684150909153641,801.1065957938386,606.1348471300107,1.2937061674654595,0.02638181656302293,7.091689196552011,9.113410974304161,exfiltration
1.744126488111633,137.88561560243008,0.7307593172429481,1,0.13186485277015994,2.9883484786427346,0.13615566526814143,2068.0609649927833,539.4350702015107,4.570193961786657,0.16473058286700343,15.597874662097045,4.956753573894469,exfiltration
2.1119395330608026,190.38958062664383,1.2203816906438425,4,0.2645020415141985,1.1055406701157202,0.2296332772556702,2213.110070522199,433.38369048695586,4.060089074667494,0.13948284320920024,10.978463846613852,3.9951271475523837,exfiltration
1.2539454656754256,450.93330991183404,0.8747831872255317,1,0.1919697707677755,2.368414027116889,0.13625784169863292,18071.35813083705,1998.1274781059496,14.774624710745249,0.014427173515694135,0.856970125324412,1.6842529283101488,ja4_malware
1.1540151135653256,78.20031856919594,0.7082439871928029,5,0.14028363851485157,2.134949143106546,0.10399398844571273,4617.062924140647,601.3546029223859,0.02723484459621108,0.7707408415499257,1.1764162946484369,1.5513787016155536,c2_beacon
2.423119534048535,8649.433944282278,8.124123128046007,2,0.17768355744660574,2.9709882515511694,0.10495366428124907,4646.6933096903285,921.170158912911,6.563810546578203,0.24137684208724308,1.054682546533305,0.9328844115577403,ddos
1.6389124506464776,189.59895322304368,0.6470476844902306,6,0.04982688756012131,2.7393486480382565,0.2449670032260373,25547.536372704228,1258.2235421215578,16.086431754904616,0.031529402965629984,0.3562281772231337,1.5672941987027889,ja4_malware
1.4580553271780328,382.7179978196969,0.8839344247226222,4,0.0746838655112862,2.8480708476906678,0.10745808374154193,3990.0598314446165,466.8589322675791,3.4521595328411108,0.2684132964076106,5.24161889187911,6.1278333799810945,exfiltration
2.045752192901046,488.29022884384904,1.7746167882342894,74,0.9725628547416348,2.8455705595983405,0.26311820488314674,4410.387362277591,797.7907478152517,3.2721453435277326,0.24112792286525236,1.241651885913008,0.9120243572070919,port_scan
1.8165429282506604,147.72659937139196,1.5798336977105474,6,0.09979231424728464,2.773135790761934,0.27783798725659437,45822.077774228535,1778.399714941543,13.36592599364234,0.2040174019120257,0.5071673252360978,1.0966774036519216,ja4_malware
4.61377588280296,7213.165457607993,14.862425357301973,6,0.019529326428157943,1.0870471641341253,0.20830211206500104,577.6831120338077,372.37292992665255,16.3504499554558,0.07119468084161386,0.6260546499457489,0.8570549895972266,ddos
1.2383136283307605,263.6231069404984,1.5945182746251063,7,0.03833486873659283,2.0236013737314025,0.10426923171886227,42066.46812067795,1478.3015021024107,4.017861450147727,0.0051283083954230865,1.1767467809477017,0.532465133763548,ja4_malware
2.4478397538008942,355.7386144800404,1.6521739789486387,3,0.007845002831220926,1.8535934358809614,0.13035000274325864,1871.5813761162337,352.8681549722258,19.273116960454775,6.930307289689796e-05,15.549559255145452,7.210153225389521,exfiltration
2.3521195626153393,98.84831754169606,1.124440985680305,7,0.01882583398698526,2.872459960730232,0.2923394493637336,4687.6943265449445,709.7517436011892,0.6212056572082518,0.6713561933092619,1.3350404894661079,1.3165638435433984,c2_beacon
4.678401927223399,5461.125759812826,15.43799716286286,4,0.1288144559761639,2.5538438050208487,0.14794440624508884,292.05986679807273,400.2261954588092,8.170371470206119,0.05048481479832697,1.6326287357533031,1.6262461999667766,ddos
1.7283899391937312,343.1903207250063,1.23534540605006,5,0.18643236148900097,1.962941754796908,0.1903533029610067,10818.685307401924,1823.5058840808324,8.051497718150753,0.11121843899736118,0.6444304068164415,0.9238562717682262,ja4_malware
1.1114552669788027,331.6924396445951,1.8534975077653106,4,0.22684563462031293,1.2091301471073816,0.23119616426471126,2465.188947637414,577.6384568208166,0.9016537353934619,0.5578938178877548,0.7181439930353068,1.9465668049665419,c2_beacon
1.5250679863457288,245.38657164098865,1.764824332801003,4,0.16652159697596658,3.891531297820844,0.02973631688835742,844.8097667287007,433.4640383707216,6.263625088065872,0.018254490354342012,0.3573162089509536,1.7125744490875046,dga
2.2797857334972047,307.4719634211016,1.8678246931114444,5,0.007991597600105326,1.7739291461512494,0.28141121332801877,26085.037802940133,1605.8423777978587,11.57613408101272,0.25129557642264283,0.7611434561791224,1.3843924993005134,ja4_malware
1.9410583341593,387.8002515933312,0.7011585975198606,5,0.10688605856114262,5.924867723759494,0.016982543766944115,552.6132349538241,803.1124929186958,1.0082381185287752,0.2142590301677079,1.386232527968414,1.4848275419638752,dga
2.206186789273394,452.25144491742367,1.0780542212856545,7,0.046073933725834355,2.1845499008888085,0.21843574870113389,1512.1765758827648,491.69385505216576,19.41772388527314,0.07310902626981805,1.531898413727264,0.965602488545103,normal
3.407296281733794,3790.4143976631676,7.414364210448587,4,0.27770918003087536,2.7327259258841465,0.16270192127693478,3497.3359526861313,332.4236858171573,15.138721294825348,0.1222351983351385,0.8509930385496449,1.2970838307301575,ddos
1.371373190527822,42.892286303272876,1.2319366855527982,4,0.21070860014287335,1.7343649348181673,0.26269951537809244,1768.476500277431,676.3557415963919,5.269500143282129,0.03660928905884072,9.010446008307927,7.390325004594256,exfiltration
1.9324509853826175,408.11749185903676,1.8854463099487806,86,0.5525069877476776,2.57101279953265,0.17868415154186856,3636.86808262268,886.853034555952,7.983588791745774,0.22226467857871948,0.3305920348091458,1.3061817652868353,port_scan
1.8949178839792091,413.1798443114775,0.8801291908220426,3,0.213844106103285,1.1747630615490483,0.27489705229039174,14589.233862149715,1202.227731701233,1.430229245871788,0.15668755497623302,1.443208578905828,0.537610444541306,ja4_malware
4.797172943548238,6902.14464190034,9.750920797665977,3,0.21143770278388246,1.355343523975892,0.25761149247609216,338.0260153663023,471.4990195517616,2.9341769269811357,0.15005314568310382,1.5748910524145376,0.7316510786310537,ddos
1.1370473069807008,236.31757779680567,0.709325679086209,3,0.031197390218974407,2.9391704614730196,0.2736582978169312,1426.185799484938,346.18573932420804,0.054572796724805715,0.8257073890231639,1.215455301118485,0.5645636808882177,c2_beacon
2.3694543871769875,19.485481204973823,1.4069340341452692,4,0.21766926246328216,5.526862497614163,0.05209190784150532,2763.9754148050483,543.0561910186916,9.615556929277437,0.20477821710116623,1.1812758401083348,0.7904603030932749,dga
1.5325047143689607,79.47911067202843,1.093271247830573,5,0.2235602559595575,1.534032556160682,0.2603874458672255,4925.713658612879,498.8150411159261,6.976710530345346,0.02957873941812452,19.405879503768027,7.784603342924323,exfiltration
1.2433064014673163,346.27432318409996,1.8175722639152787,1,0.14181712616350076,5.727921937160681,0.01068285428456696,415.6667098810241,558.4501731034479,5.089897212087281,0.2304970655200181,0.6177740957435748,0.6552909336728059,dga
1.863515766458169,25.796572947556733,1.6095889799243916,3,0.19856166728658664,2.928585488251594,0.2136822862217529,2470.939911903229,863.6678313597065,0.9381222542409814,0.834737051395066,0.49871410698993845,1.446426078379504,c2_beacon
1.1198368236240412,113.85952214001748,1.888549351512211,3,0.17448691725155385,1.9016288415339593,0.15894283094260808,4624.046901445266,796.1340529483211,4.999045393491446,0.16079635889608782,5.175630184620196,9.566483318068187,exfiltration
1.4860286130085107,149.8180495782498,1.6901182303714122,6,0.13717537078762088,5.813310772366475,0.01355319709822395,2209.0917286739477,670.2844496946973,14.73712223335709,0.29674310137157145,1.7056147164729485,0.8986142797156274,dga
2.3912360095089036,298.3538864086129,1.9713095557007536,3,0.20654589368222406,1.9905370808398948,0.14725431589901453,21527.98632974687,1815.6979615294713,18.790894401569997,0.25071757609570056,1.7110475395093665,0.7580125540514837,ja4_malware
2.2120116345157284,464.9589686467207,0.7367189502638756,3,0.07254276365078485,2.681690239974787,0.23024143643803813,1798.730376632856,457.02399733798643,2.6743602886198223,0.28688472392312625,16.760889336428946,9.412349655338028,exfiltration
1.579467530296541,311.73798703480304,0.7482082581895628,55,0.8288080218567455,1.4486395641545395,0.11935053663231443,2829.49056719502,578.5024112869089,5.425535541580864,0.21390968727639717,0.7172207493241027,0.5242220063260045,port_scan
1.8867157241664567,426.22331321399173,1.3771290542074048,3,0.07448827436558782,2.2523185716809384,0.21414612122404925,1966.607705438307,931.6589441841994,17.160676928148085,0.18885497142103125,1.4123393319110922,1.8175741113874706,normal
1.6127929655869542,423.7946479107214,1.4153411666498688,4,0.14754377442387298,1.1339560262639798,0.2358290736877787,2226.7745172059485,739.4264670536162,11.465801635575065,0.08239444278525837,1.3415297877113306,1.7682799068173414,normal
2.8852346272813665,5990.468293404258,12.874535325579936,6,0.09317411477319563,2.605291675990795,0.2955418911826243,3677.8011600712653,862.0301035697394,4.295455328903104,0.11144952663621714,0.3703590421214451,1.5820397072433798,ddos
1.1014613058933032,218.99377230667542,1.167720411880581,3,0.15767175948696707,5.520322867095292,0.046583884526199035,3108.5028528436096,981.0929011300883,15.130367800282936,0.22979739708807062,0.27655566407187326,1.0648498577287,dga
1.1265049349950624,150.17302813215298,1.6540888474788122,17,0.7962595877330555,2.783878812240504,0.1804108721732703,3187.5440203002145,619.8553551927541,14.184582123397801,0.15527248084589615,1.8911480238399705,1.214250398319549,port_scan
1.0184540288329043,379.2172358701264,1.7520614964904038,3,0.09253788674932505,1.5821007049013,0.26540160292159987,353.8450666353799,632.0912314248508,6.185856423723102,0.09935347348863972,1.3208852253578858,1.418123382352844,normal
4.253047124458144,6626.324920628932,14.589978966011069,4,0.17323249273338873,1.0037496957465057,0.1414692569010014,4141.202465915793,970.0785339218525,9.917521468743862,0.21258907946554215,0.8889541319958782,1.5179158756524975,ddos
2.3295140218952106,363.5754935884532,1.4071781646096637,1,0.03754899682015523,2.8841785143611665,0.15253931527514966,1648.7433878505597,532.990400549405,17.90808505955212,0.13750121949982128,17.12892844688319,5.507312750124081,exfiltration
2.085131996584856,208.35196511588762,0.5008872772571029,4,0.007053432192167896,2.1868220209943483,0.15216651988505697,18235.707048966535,1920.878002421192,17.540282849293014,0.2835127577824977,0.7911137427915564,1.9292630974870157,ja4_malware
2.41546280715397,441.22834162929036,1.7186783044956742,3,0.22572283189158404,1.5317384189769858,0.2739217749704609,26945.308272221497,1655.5247093477406,13.513176066950164,0.09720691671723018,1.2887728740740811,1.2238703306694672,ja4_malware
4.208329691024181,4470.62711373813,17.437895474439564,4,0.16779640009602284,1.0365690821405664,0.2747317463963782,3485.187453469249,804.5098706669899,7.952654121082223,0.24084731139119037,1.1339298110878966,1.2770985430995396,ddos
1.37885912488694,438.4302046275707,1.1907019034575572,1,0.01771210999141797,1.7348437091015456,0.21136464043950093,26454.354592926287,1292.9431029756704,15.682474956949568,0.04562022463399951,0.41671511324733057,0.6219430933785934,ja4_malware
2.2154463904794155,432.37272401722487,1.9318870831883364,1,0.05984616687496682,2.164559232757652,0.26122345062703833,3290.609627616408,650.8943604782157,0.8027966845017726,0.41051879929242224,1.4795060693265227,1.7168507211672681,c2_beacon
1.3165398993959498,143.53697116988081,0.8915603875434552,5,0.14355554568939324,1.9987743360352106,0.24847694964165226,3312.289088742803,736.8409569251507,5.46206064229178,0.06158136556989564,11.928730331625056,3.6614047907539016,exfiltration
1.156467571505398,212.27119192764067,1.8835404782813125,5,0.17352646334447844,2.4468089180477017,0.17455160888005944,4073.1341386493023,369.2075404319767,8.062219759451484,0.20803317123823617,16.81255657110119,6.7664394255508675,exfiltration
1.74154794463199,85.3033822792382,1.0062899334294313,3,0.2384812008526624,2.6397053999424522,0.1265496778740189,30720.926689367694,1406.6305868374877,14.742198508520088,0.1865470472476655,1.1939579246174947,0.8526798863611607,ja4_malware
1.4464835311710673,451.08618072933314,0.5967420361309512,2,0.05389300852692055,2.3071537276981884,0.2527318863148302,16221.02019593446,1619.744431965698,17.496718386594743,0.11832639985567273,0.5873393974030581,1.4961307694645227,ja4_malware
1.2953711858474546,46.45493538342866,1.663164005309767,6,0.2168094987384165,5.043806137667265,0.03445126081103799,3829.7070469044643,425.5897640355504,7.329568206473729,0.28862898600431136,0.9143547946915009,1.501108401900351,dga
2.2628250338792597,217.17370563635387,0.7545449057941674,51,0.5441792581003712,1.2306209493418616,0.15950030672771578,547.1861095405588,382.84934445545014,19.240723074180426,0.2042033842611736,1.3753956341388283,0.6063543802111189,port_scan
1.9219303804620862,188.72222580391468,1.3875954591118569,7,0.16857272758947703,2.5723533931303204,0.12317681560861936,39008.706109797364,1475.8326098953094,16.27571401173028,0.09654772146813025,1.71283889867206,0.5107536542909419,ja4_malware
1.517612624439694,449.18633272313343,1.1077853774692517,4,0.19603735358824323,1.1403924735117315,0.2761996640407751,30738.31484622684,1221.6917994347928,10.212151622665452,0.21018000076635604,1.7436478210227178,0.8171221756855183,ja4_malware
1.344484044998283,285.1298032630485,0.5741887057190236,5,0.2912130483588639,2.075015325074409,0.16727621761134134,3933.1912251674407,715.3380877879782,7.3511948225732535,0.07100520107929688,1.154719170953307,1.4615965446728039,normal
4.580901210412223,6875.845965254233,16.369934695405934,1,0.18235737385496725,1.9608988285735818,0.2818677378244169,963.4886095119274,492.58195364354435,19.707447539376027,0.24772433743174618,0.4126873419661463,0.6119064622365286,ddos
1.8228524268530761,292.5987036515897,0.9029917658571429,97,0.9570731539775681,1.6522267962833883,0.2925195478641981,2461.744761829922,571.165207926633,18.804526069336987,0.2793768246909635,1.6401278131576198,1.42676963124029,port_scan
4.141259365767002,4306.114727544642,16.038864338543924,5,0.11610476393620985,2.6417333828458283,0.2521861104394052,2593.912419771981,947.9840062369873,19.2807686726469,0.006126525289516648,0.33648177825634,1.8564660548282612,ddos
1.8797872459851717,497.0734095073577,1.27701988865843,2,0.08066835343139837,1.866229336448796,0.15014759420179297,4038.388504204837,790.4721473746714,0.16275230565089122,0.5213318293702232,1.644302825843467,1.1060357800341905,c2_beacon
1.7962608411880634,379.476138103082,1.4986716495842343,1,0.12237580885695272,5.150087176573259,0.07750962808472373,606.9347215053267,636.8263087068791,6.565886544709852,0.08892547015899054,1.9878473671462369,1.2304401914886602,dga
4.371071763435029,6489.199104003378,10.86173018838916,4,0.2947934257009974,1.6388732790735723,0.2568484705878066,3495.3655679332314,930.1765470825228,1.4325183088557072,0.04458953995112989,0.8897958016512593,0.6406296197894353,ddos
1.65685605579813,166.37491941383635,1.807113630111821,5,0.0983771650592112,1.6852047133005557,0.12577548093409502,3394.9539038622725,635.4913676073745,7.287494816474867,0.06414544643766926,1.5837140583228357,0.5081296997272969,normal
1.1407002069940548,313.14215901842954,1.660990484975053,2,0.14492060330615078,3.653498939986212,0.0440154898706173,2931.5508361257575,386.89816561822346,19.30536164354427,0.16241038901486674,1.4692799109035046,1.4800510966883895,dga
2.361533416076073,11.491061486187178,0.9806711659192083,6,0.21048316115196825,2.8416528190084582,0.12071600553565374,33157.557760161086,1771.6184011669047,18.35280344242862,0.2962186624438731,0.41532527006750114,1.1155883052994193,ja4_malware
1.5460822732523434,451.5796418243684,0.6792481987928425,2,0.12520099178906227,1.708958284788523,0.16323490703393012,2270.902577861411,703.5123139869472,15.010673934884148,0.11096037269307607,11.68102648739128,9.973006973829465,exfiltration
1.624252713238007,41.64492116808765,1.7687197880478738,2,0.23727097031699415,1.1845167856594268,0.22565963686299131,45131.670574031,1916.156625402553,7.171830879961785,0.14962099465727818,0.8047783821617989,1.3721217934713457,ja4_malware
2.076640354005465,203.1124214706281,1.5586955054442322,6,0.09437447071075276,1.928803252634384,0.26861164819315025,4128.423642130123,652.1320633793744,7.466911784654869,0.016617618514589292,0.672630430088279,1.9353329004742879,normal
1.2946519985718599,330.1852124146526,0.9336253724572876,7,0.005358287752554247,2.1659565241311216,0.2915386816030846,1707.693965031978,913.0222114517528,11.539670957114867,0.19667824060658615,1.1673175260248132,1.0525566238902717,normal
1.5255541582366676,496.77119641543584,1.8196283305388925,6,0.1878122632624141,2.9688630325518495,0.18889244632914154,2022.9457101035816,585.3584933173973,7.7678166997427995,0.05097705092785746,19.574854478309938,7.07750116947328,exfiltration
1.0982989062408257,408.0494033851491,1.6668964956377006,2,0.2737958941857821,4.817445794169515,0.026677242883827973,3565.114352634922,318.7377375981357,19.695714103604296,0.031491760119690355,1.5924330096243495,1.7311787388251638,dga
1.455245009783695,154.06735219835872,1.7724114859367852,23,0.5482370649685857,1.380409528359478,0.19041558243120793,1396.3841475627405,705.6504547730021,14.907079717358926,0.06295091312095998,1.4949392610940786,1.3125470932299093,port_scan
3.920868686875864,4159.001684041697,5.631426608170974,2,0.1017420021218925,2.0491248807045594,0.2324325887917098,3649.5153081570193,766.9873393516053,2.2015631046439657,0.16582496003266,0.9609704570412136,1.2504134985336621,ddos
2.607866296006209,2836.813367339818,13.609426447545184,4,0.18767489236153165,1.2113458407236593,0.26323865381407063,773.6847487526204,807.5546021970831,19.088579611296932,0.2058638640108485,1.2255157413430708,0.8267668609973683,ddos
1.0861555226357062,66.96294350784288,0.7755140750322297,6,0.223652475458372,1.9610871812193071,0.12488123926226952,43200.31072396453,1776.7892928382098,1.537196558102703,0.27985729485503036,1.5256092732773592,0.6948876123838527,ja4_malware
1.6433600985761985,269.95534784252027,1.4159657080179615,5,0.2977135456479145,5.70365898824187,0.03948745423100434,721.478521201299,935.9336959711064,9.981985847772286,0.1834629031821359,1.42478648953509,1.0261292327776985,dga
2.1345471916790046,214.07965461548477,1.8991485447242766,4,0.2744100393488496,2.7053739315294743,0.14739210187412186,910.3614766211916,327.7255913037944,0.9003104043896981,0.4259389169473079,0.2069417107180879,0.8901198858164996,c2_beacon
1.3619528569489476,445.3004570604998,1.2290490577908784,2,0.15393872108730472,1.0580665429108063,0.2482091938496594,45838.63893303854,1452.0637824388884,9.980046808467982,0.28870535338287695,0.8891813297470397,0.823961686453741,ja4_malware
2.2014457804625143,370.2134194846204,1.1691093393803391,3,0.290931473649303,1.6827569883623856,0.2014468355121641,361.3397443663949,929.1718246358425,17.61807282501585,0.1584943186704766,0.8660895689605888,1.1461953871160837,normal
1.564290202902445,331.74480254449895,1.640496327210326,66,0.5545184875048552,2.5582470618007074,0.2648074397537613,4216.630807310375,397.14064533320646,19.524983763191365,0.1578230115819856,0.9349331366348741,0.9553549520612261,port_scan
1.8106030275088034,343.1421165292549,1.2170418479719884,1,0.251878567250047,2.8649084761325927,0.2830774979060962,24002.238348638086,1540.393856159176,13.639608037879771,0.04457470701349583,0.23916560173109774,1.3862991939060505,ja4_malware
2.274870669108978,366.13645375539573,0.6766184804532193,3,0.220358883324813,5.331203582474736,0.06508669538912322,2539.798063209896,658.6306939241265,17.261449091892167,0.019896203989120807,1.1360546474984745,1.5495114416067357,dga
2.016488010419286,394.07381359409965,1.2292881134334133,6,0.023446841965616482,1.2023867335066647,0.10236181763580093,4521.2857040983345,962.8413598967863,12.097203511224961,0.07289575858884574,1.3627056276503935,0.6129256494174309,normal
1.971922723301815,377.9109065249812,1.7333203191407103,5,0.018189222656821536,2.6888172283311462,0.2125931822669777,1025.9058826764651,879.6859518362639,5.287121726976823,0.08798204802253336,1.3526131180240712,0.7659006164254223,normal
1.5903878855819629,230.76222460647833,1.7098180514852817,5,0.07380440610962731,1.3754404173630177,0.1077577467010733,2950.527105583585,551.0278439659216,14.743477891421303,0.15876088869499957,14.929681427589285,6.271544437383456,exfiltration
1.4879684000115967,176.2837280915516,1.4778521244629013,6,0.2526398554206922,4.343154645355462,0.02097531719533344,1348.6317184431152,402.8419764968792,2.4282367108028517,0.1428283734022077,1.4827155854548957,1.5124079379490165,dga
1.2054449538124556,83.79232601817688,0.6985326531101642,2,0.23423110023126864,4.405401158079475,0.02438862130007395,1266.9524221581605,752.4101159603612,17.119602250424,0.03522172240126883,1.9785228917875584,1.345434185573561,dga
1.7769084956683239,498.5121071574241,0.5592359769866776,4,0.09405286513381153,1.3637100508838462,0.2194313480426336,798.1094424904172,622.2621269880549,8.767406148232546,0.2032043983944491,15.443887630921328,8.356340753020625,exfiltration
3.486258840788801,6894.489557717973,8.93560355416507,4,0.1377370851190642,1.6615964389294346,0.24068118649544254,272.26102648300406,892.1943356009124,10.938444237282951,0.04906520840138947,1.374123593589455,0.8317232017471119,ddos
1.0962887973656639,193.6178324547766,0.7413415055346902,5,0.2929106334230666,2.7847948543391707,0.1070166045476691,4139.676101120962,318.1115607267365,15.179810089547813,0.019795885753820873,18.974926091841482,6.087799941298579,exfiltration
1.4903164787399534,120.42481613125236,0.55908258553222,74,0.9799069670320197,1.9206114569801218,0.25728154442798495,2527.0420662111187,380.22719029224936,4.72085274113815,0.035672980078762594,1.3564775833929057,1.1540828355979216,port_scan
1.2334770769390926,461.0211784494973,1.1956266428689952,90,0.6676887254997972,2.4177280846718823,0.21914652756297492,4198.481679020629,645.9869445437516,12.610268812034901,0.20455907147588698,1.5719815554595418,1.9729453808345985,port_scan
1.7974972181531765,65.28184942096661,1.7250646758932655,6,0.06780727312619379,4.637613304440652,0.027616513923955567,3368.4026792275286,510.92715500985935,13.152566696619552,0.2924027096645845,1.091284273435543,1.8591800446453275,dga
1.310890559549771,476.74029762589487,1.2016985629558672,2,0.17468741406894003,1.2028646394500497,0.16600455337846015,4661.235144221541,979.5251880539232,1.9394525980721016,0.14268775431786668,7.866880194962345,7.23807894085566,exfiltration
1.961186180660412,348.7388271997267,1.5342615844584393,4,0.04211874125332447,5.56566617240207,0.028974210366010972,4906.13800095935,465.374797493243,18.796167427565056,0.03724271404024371,0.9954786979440904,1.6110575515827592,dga
1.0475417556047195,277.83516321046415,1.9411194416319153,2,0.03391741884953726,2.8335758203566064,0.11356150412291566,3910.3245910568553,428.80005334868224,0.5969741842520558,0.6670958673777745,0.9232607980965106,1.7256625001117385,c2_beacon
2.4776784759019423,498.601484633302,1.6694848229220454,7,0.05622006739622757,4.024070954439833,0.022087333580596273,1123.5614345352587,710.5183213373384,11.024752547673325,0.2337560933693447,1.7355432437946592,1.0360919897692105,dga
1.5226855324763695,136.841992503117,1.9192265422499153,18,0.5024753370312485,1.1751448973603642,0.25923641494847,1831.5630138737347,850.0093625668344,11.962183619063433,0.15957372698189745,0.9933438868194626,1.0553471989802887,port_scan
1.675653670883505,187.37683565,0.9789576469245262,62,0.5478801123906846,2.830140679445287,0.18053670909259598,1153.2312973317057,336.1463259793736,14.382397537918477,0.014515725649160293,1.3866800578855585,1.6688008784791903,port_scan
1.9666790286752276,302.1772926691155,1.0137684328118057,3,0.01801085372570874,1.7149844776300005,0.13977967571025993,4352.295674499532,929.4295270409922,0.38884140156310254,0.6600163526670677,0.35591287426072166,0.8228175468000943,c2_beacon
1.3641705807095246,358.1083521551903,1.8133011362715876,2,0.11561767120485483,4.013391597560895,0.012693338010729374,1512.792998348768,548.5842401233265,15.638111364468571,0.24241152872518737,1.4819393303954935,1.551358096743047,dga
1.2504593798615558,205.2907282837549,1.7649843286429685,2,0.0542653290966271,1.2771611028849257,0.2652821099945418,1289.102810479632,629.1275912421113,10.007068102628491,0.22204386260880116,0.4894874521541949,1.4800464299045477,normal
1.7281373561597086,379.0844433892018,1.1450984855430661,4,0.2512080635522484,2.750464665235267,0.29421044851854794,2438.4765363597685,979.1876678108846,0.21693275069920734,0.5389630341019671,1.9271939222564816,1.4405359591682259,c2_beacon
2.0812231924132796,199.01596462934242,1.3256957215441552,2,0.16600598496893845,1.8998270744441177,0.27372261941044196,451.472688448288,335.75153211718435,0.360282465769039,0.41527417475541195,1.5710460305824712,1.8586484091402298,c2_beacon
2.1371316101280606,429.7085315515335,1.8387315345309894,3,0.17407206502288294,2.2578960343255545,0.13235649155845314,4802.437973953222,957.9104624593132,19.96686307309062,0.19322605720099215,1.9214118921321524,1.7019759893237931,normal
1.0711767840195394,235.80563925956403,1.637249551190719,2,0.2584590099030899,4.372180289190857,0.07002406573754454,3228.5681263472175,394.58720716812644,15.706307901029078,0.1712031038353037,1.1551437554134572,1.807868890819528,dga
1.771117199905539,427.0074341006924,0.9385932630162439,1,0.04762788717275152,4.96662469208676,0.07248419707232236,3655.854893551243,622.315459415699,19.485583810895807,0.030662792429311036,1.3712902329268468,0.9943741316105643,dga
2.4902303573078473,325.499671562267,0.6861470174632506,2,0.28798623537814777,1.6677220782441282,0.20077191252621934,23022.712792840037,1995.940234114934,13.734653393235272,0.03789791744912747,1.860070941176827,1.2990761012038003,ja4_malware
1.9880822658029031,247.9816004720876,1.655744032323012,6,0.1694218593262611,1.454156219517421,0.24141597999811207,3067.8685127821072,542.1841266453879,0.5995136003239442,0.8637378096073065,1.8398683193641143,1.8910975163002794,c2_beacon
2.322750012941805,325.3012431344162,1.8416937223278849,16,0.5272626738769923,2.572363780198568,0.201764662703669,3701.2007097051783,511.83463051768683,12.581462472066551,0.26850446273866324,1.4159587878251512,1.7440399743500126,port_scan
1.6295959412939012,445.94061858240264,1.8149765907054505,5,0.22992338206683188,2.3840717075557625,0.2177807835574701,14729.937921643157,1989.9205403835515,13.640384046313953,0.2032078214334022,0.5798889522417252,1.1748967578465668,ja4_malware
1.1913779407209897,276.4397957452087,1.6362302396945672,3,0.2747584440729373,5.781083238630181,0.0210757424960112,4618.04154574063,536.4888168607051,8.53747653459464,0.23769050000146896,1.0458496577418386,0.5387039156857504,dga
1.737348453387624,61.57291420709184,1.0721312983514784,1,0.19118390439998587,5.606052377702922,0.04791909833757736,2109.944219207891,958.452994872674,7.067356996013872,0.1849152977772809,0.7579821586319693,0.5209801602144657,dga
2.034844796987206,393.89244917746896,0.8969297204786948,2,0.15593174224593834,2.4562168313506625,0.20501514191986597,3994.1567135236983,484.8269304099239,16.630818223594808,0.26762446562958936,17.139827717725833,3.290894279871326,exfiltration
2.398360038471334,27.747180639524604,1.9651213033522599,6,0.11652190597989875,2.2909186489809756,0.23173413501998655,1684.7283030844878,592.8562893635908,13.841677436170054,0.08861030383660608,14.38533374605792,8.092914393588048,exfiltration
1.2871184072638067,21.457912750988434,1.91875536267542,6,0.11902991499513972,2.201997167727595,0.2680726945460289,15057.296937466816,1259.3926982862013,9.245243467947365,0.1515017792203725,0.6431898683588848,1.605453501765281,ja4_malware
4.532882445210744,2139.3047192699355,11.468078776697368,7,0.007667929990628808,1.1130738043441573,0.11648295814126937,1749.833173922542,884.468061911913,8.601675147405011,0.024512173632043686,0.7784119548014738,0.5484021987482831,ddos
2.0404763459815705,396.1666317774473,0.8442294271257078,7,0.15682872918594248,5.026513239625691,0.025833571247525097,3360.2927203842937,431.8285603189689,6.106357984576066,0.08833609050110691,1.1483936894598235,1.4262575503716908,dga
1.0826993882172575,243.24207012241908,0.6786521268446744,6,0.15386619476572824,1.2986052653786426,0.26734494385840424,2164.2129130711373,349.94728971421154,3.507713839761354,0.24103553294413876,18.027172483332922,4.900817477574502,exfiltration
2.038202908135847,478.7232505930895,1.515710734434112,6,0.059835798681112114,2.1327380126579074,0.11010753696554064,28609.913621611515,1283.1124256887056,1.1633473349290036,0.20617982567405735,1.4311397294085764,0.7522982744598363,ja4_malware
4.599812312840212,1218.7851149007224,10.281593240882334,3,0.09379060625843222,1.0493508228658546,0.2855966800110859,1794.768013854123,871.908143542957,17.365912274128263,0.16004765243411834,1.9088674914647024,0.9845114777527604,ddos
2.3874596072503618,266.1833881956578,1.7437380356695118,18,0.8905602627860689,2.9976952646849604,0.13203679140537844,813.6386484717993,363.81508406195826,3.2309159601973776,0.2860740306022756,1.6636146516793375,1.5755991712094963,port_scan
1.4218506757585125,428.13888886058913,0.5792106521001655,6,0.13285545636957075,2.111754809751522,0.293581346296672,2627.9045915976644,869.0337433870327,18.465219888011955,0.2638303937861005,0.8383800369014565,1.4531439091866254,normal
2.3350009880208287,499.45327661950546,1.7908544973915614,5,0.050167981536801486,2.3330859921336073,0.1814286795403212,661.4843872576764,460.2045202908305,0.16783512378671708,0.8170054952350405,0.40595293188374726,0.5930344759560113,c2_beacon
2.967055242306386,3233.0519250721054,19.86402446951668,2,0.2920062217722109,1.0955591009498427,0.2773364211836936,3766.7578614274757,744.7636554426142,10.899110337343794,0.04206200030136504,1.9598143997052497,0.7815137255352037,ddos
1.0018722041860562,461.55028952246374,0.836952296896275,2,0.1889984300397624,2.343716673373619,0.26090665225236354,4288.273787729152,660.7397582616336,14.496087741020874,0.00944619750880108,19.305955050303304,9.898432855643858,exfiltration
1.9252210399531267,234.7802430453865,1.4734258367378081,3,0.2491992652103029,1.697409990119516,0.15349012216973698,28890.342369421647,1386.2737563127548,4.429196507342068,0.07688304842358498,0.36483640357140024,0.7104649269009673,ja4_malware
2.3031727271444753,441.30164714393027,1.4494287765723344,3,0.24522572928773567,4.774729126549518,0.07269249368722472,3249.4077375527954,316.106304966591,13.640391534317896,0.11808864545270442,1.0553166447799738,1.8187523027605152,dga
1.4144313655966418,319.60591623600095,1.964055215411282,2,0.11979084704896896,1.5497108668071473,0.13686680558230244,3577.5918546064895,529.2742583420252,0.38457856686075453,0.493406148168569,1.8792401924271687,1.4215951916837928,c2_beacon
1.8446981159225526,214.19864340729495,0.5806854556782791,2,0.06869697958921807,2.9579040712227145,0.2863946891955871,3999.171983417707,943.7076177278943,19.484737276726165,0.14142420741873096,7.700746189311734,5.811330598657688,exfiltration
2.417992756704657,185.70551979154965,1.1463688548225077,2,0.08275222072162473,1.0192316350560207,0.25263601616102194,1898.0256137670772,578.6068537454237,0.2546451583668917,0.7880850033206045,0.7546190110897117,1.6415288863405175,c2_beacon
2.138153720702425,184.55167808666928,0.872066239402112,6,0.22032725400178996,1.5756099271822146,0.17742678098918352,1139.074961825738,490.13352479872384,19.012265273671687,0.19509779651064488,8.8712002616613,5.490230257751301,exfiltration
1.6925281601208055,142.51595107370017,1.0387594255976618,5,0.2998225758063937,2.020295369346808,0.29947204104579617,25140.700810248847,1849.3944743613918,4.1283930691316675,0.1076918986834059,0.7689668705077817,0.8884539507502134,ja4_malware
1.8573235221676747,168.4084666624692,0.6723261360032803,95,0.5311820317481979,2.308957018387702,0.13059423419394475,185.79613105500536,370.522919688765,6.111212088607186,0.18885636853284826,0.3146001489342645,1.7956244971192938,port_scan
1.3474339168638174,61.44283784863738,1.4259079693478567,1,0.16885171699803303,5.355266205648511,0.024215672766376182,2785.485044561722,376.4450292610578,3.9330006640918556,0.251768214166222,0.6045888566211857,1.7171559407697288,dga
2.307432799032884,13.034025397775236,1.764822759518222,2,0.08163367540814653,1.5748777549394715,0.16358321952875968,21159.129344685014,1254.79850162406,9.769394271168583,0.036555819626946685,1.2457300601374732,1.1609322775534987,ja4_malware
2.1797752638272754,67.07825271554475,1.1676488693404465,2,0.23125042744971613,2.7653166598869134,0.16783787402959102,2804.7404572595456,305.7546887610237,16.399320122714833,0.24076231533331047,14.731365491584542,5.400616963028279,exfiltration
2.1761214225121117,250.39787860081722,1.9185404777367099,6,0.04688739658829252,1.3407830183172498,0.12189746514016304,2251.272049917675,614.1644686405523,4.179788116909929,0.021888402348040726,0.3037222487847019,0.5470874298798464,normal
1.9795314028206117,434.82816756210696,1.46423837730681,5,0.22144790881117746,2.4181077554278385,0.21277775650928848,3020.204623583908,727.2569985248772,0.18844623720549578,0.6799275948013666,0.6919178409773228,0.616500482911988,c2_beacon
1.8355482285119176,426.6344064285237,1.4483037501722935,2,0.2765054952712711,2.1472813375914184,0.2625032680495929,2581.7192214420584,954.924750528819,16.96108316191613,0.2360448875121037,0.9879830607179172,1.2880803992777703,normal
2.229994143351968,88.99566141657196,1.180788568066228,3,0.26430287834618477,1.9262985297804778,0.1513450477434737,1640.2715321927121,596.7875468422183,16.85005155794856,0.08828271702875719,16.96733057113403,9.87846671534319,exfiltration
2.00910838541268,447.825485249965,1.3351112168272203,1,0.05066446845744867,1.5233673383976356,0.1728720528868247,3346.234596985831,414.2699312171561,5.657434411395808,0.1875404301788994,12.215810380085507,9.256317246527178,exfiltration
1.7763742660143111,25.438276683721586,1.7034118482081677,62,0.5221704612943882,2.039750105778362,0.2249692421544317,1654.0591168970036,421.55288240837626,12.569523172688159,0.2440763983581542,0.5774250869365879,0.7318965863531203,port_scan
4.295296433569707,2568.339259439653,11.175444246805853,1,0.05669058190876905,1.8136409069001014,0.19799611246010862,2782.3981653000124,847.4230528499616,13.872938744964623,0.20275785015454373,1.3121189167717688,1.2915218687401633,ddos
1.4521968683135322,266.56963558080673,0.8158281510297689,4,0.04643349153618592,1.733555397423382,0.2983809169709126,31384.833399068306,1461.55044454175,8.826484666258384,0.22847725291641527,1.5396235004794214,0.6459845596264371,ja4_malware
2.2413944185619776,213.3874090015204,1.6994913047603966,7,0.17937754763494915,2.4748923641085403,0.18687152988654893,1116.5907112625891,417.346077770178,0.944936130186656,0.6016630666214506,1.2640518453455838,0.5037138184742068,c2_beacon
1.7518463533866744,11.728568630773959,1.6965020228507033,2,0.21125957971788292,2.3528579646222583,0.17484507480781722,1347.4283263879715,902.7351464616366,7.390681685461878,0.01890026256743631,16.81194061264489,3.8665171374871505,exfiltration
1.82948959787935,210.4785890361506,1.1466145364569074,6,0.06063429004693997,1.1648559789142536,0.18535912433287566,621.3045467607981,811.7975638356418,6.185740808246181,0.08989406890562072,0.9582924089927429,0.9312444331949992,normal
3.5477137454593515,2138.8937817970955,5.343964083733963,1,0.20401429487078115,2.4465766716304076,0.20531915275751056,1281.249720415446,358.6638190650393,16.559050484241414,0.07677804870928799,0.9764956456706915,1.4085936086986401,ddos
1.4408986372192485,69.49503938091848,1.323789181622239,5,0.17120021430331075,2.60490437732658,0.23824909662578211,585.931999098789,645.2451798919369,11.949774529120448,0.12073166550431878,13.491501711846322,6.684736429592537,exfiltration
2.112992614506581,80.54092838322342,0.9282846449047544,4,0.14260548034133594,1.7077684882842075,0.2194839557278629,25049.15955110074,1411.4153085961786,13.60700624078157,0.24435322174349114,0.9480581056799542,1.567530660598648,ja4_malware
2.370142990148569,195.74661352376876,1.7611879130666743,1,0.21928805997357365,2.627124600616095,0.27752551583025664,4631.367779421226,906.9938041741825,0.4840185317443187,0.4444208665180419,0.7669466183091487,1.699573915472213,c2_beacon
2.7751887923630685,2688.3803077386733,7.284755941724509,2,0.018876211769814244,1.0534957459636902,0.2487910881543444,2490.1912610958334,693.5040421305885,6.619402120163395,0.027467594268137017,1.7655608957012525,0.6053011727623253,ddos
1.793949299995375,462.1763334762426,1.7130969267370793,2,0.2703449106331585,2.55601397213648,0.23305271234176672,12161.125660864625,1783.2682337653282,14.704868719596627,0.2647572443937262,1.9914418788484702,0.8773695731960856,ja4_malware
4.233951708981882,2664.4407005013436,12.683656557884351,4,0.11216836846225886,2.5621808871651592,0.24920972513412035,4298.768552789996,705.8725387288011,16.729707105524263,0.28201407782427085,0.5582271997198303,0.518725624357245,ddos
1.383642859027578,126.5781517714597,1.7098929734277415,5,0.07295389580241286,1.6494553960743232,0.18427743855844964,997.1251167097523,439.6713382916703,0.9183559375736476,0.40969977571603833,1.94238139304982,1.3580289540819352,c2_beacon
2.312168481855976,423.4901255996911,1.2678670659786206,10,0.8788450390315024,2.78724157968841,0.10797150882844203,1806.8649398314617,490.0718343805253,11.272476685611053,0.13439174882089938,1.213240270229589,0.6612447912317269,port_scan
1.6941990483902738,80.42214411321173,1.8912572894375743,2,0.143939550826546,2.385543138509993,0.1991069608305086,4015.6264973557036,894.760041712249,15.175980409358523,0.08240565980424895,1.782206992644895,0.5573381679241112,normal
1.7594948974309494,243.36608120749557,1.1279841309722025,2,0.18414847674270346,2.0547995613162624,0.28280401265626237,3980.051719976262,577.177112163258,16.665548786145607,0.2143920483537081,0.3143600269316056,0.9632941323728914,normal
1.7241237445814774,245.69271105863353,1.9646638831488081,2,0.028247528949421195,1.9152953339007908,0.2850614676061741,24013.049580582992,1587.7139068062588,13.141842427343358,0.0368631238406786,1.1406384726800627,1.5743507637598304,ja4_malware
2.429518520878491,262.43547131895235,1.9381612267931543,1,0.23348447279487466,2.0689600133736974,0.20163320619853436,2061.3213820609617,682.5355025420929,0.8781827646237347,0.48164181532320804,0.788904152161324,1.5106133568717537,c2_beacon
2.258454356744419,438.34051496150386,1.5853709820815147,4,0.024655910607000817,2.8420782810635234,0.21333579286262272,4865.613824347354,988.6910094798383,17.96268333705282,0.06850670522955504,19.19999482320836,8.938344810453344,exfiltration
2.336242904060218,65.10786300091141,1.6051953702175255,2,0.2175301068815438,2.2399701419327505,0.12277780253031666,41637.43918205815,1462.119739735694,15.51928456199208,0.12362730945598899,0.44585949473808384,0.7608948329444922,ja4_malware
4.547155285762859,4883.17256103831,13.549179363802647,5,0.11575582870323947,1.3059232783416554,0.2029252652427288,4343.389090159683,515.7566218978192,5.365778635918543,0.07551018338068562,0.9162585315286405,1.0724158129312529,ddos
1.2003081997181995,213.06765494554762,0.9298225256339274,5,0.007663942832193393,2.5837286110597435,0.21726173908266996,3592.8765239099007,857.6583962213375,8.279898038521733,0.07703406307040124,18.892636935227763,8.567387065884798,exfiltration
4.51483782818281,4574.490934030551,13.436555891402614,1,0.25704670061308327,1.4389124675390927,0.24736505273928466,2123.0718962692276,358.49490944979544,12.724504346819945,0.15271753025910464,1.4016414817255867,0.5039215355228316,ddos
1.9064264588556856,22.42661021488717,0.622245538359248,5,0.10271927626204237,1.3561976859565503,0.25828668398335697,3544.59242251972,323.25754797634914,0.32076605835331434,0.7402145623044962,1.1515789354670753,0.5743780191364383,c2_beacon
2.0359393290487846,28.717168114270066,1.68199992239305,7,0.007119518459919005,1.4147833903003406,0.1532038013667701,15205.482143686355,1834.9871803970796,14.681555032317322,0.0811751507008645,0.461935876611204,1.7338875252285226,ja4_malware
1.3614558625085271,449.5284313987677,1.089377265045611,5,0.13646832051979166,1.3207786481354722,0.144496450425748,1020.5068861441368,429.9603869321592,6.979069402494652,0.01600529470355456,1.661376999057307,1.3914842671809848,normal
2.2926793835566137,236.93953220597146,1.3889140295445732,4,0.14646668167825425,2.0637341324669856,0.19414090520842314,2643.4632474990035,611.3862910274379,4.575543128955045,0.01918550100978338,13.470588751528888,4.162423921555042,exfiltration
2.0223453655376207,360.2078007210698,1.5097441310025435,2,0.23264472760216998,1.4308035121258187,0.23393612192188543,17375.519189001283,1961.805978895829,8.78756294309087,0.03615472825718863,1.095011773704474,0.8398537578741352,ja4_malware
1.9310139879541426,403.74762997815606,0.528352129558157,22,0.9919676285049772,2.2237378383427417,0.10430391158476385,1410.3474565444494,719.0202450436966,15.43778767031999,0.14808295884358688,0.6514250001417803,0.8362608426264477,port_scan
1.4755613669758567,239.6920555368367,0.8419516583347737,2,0.284955413974759,1.6681877193199066,0.11998636179447274,2937.850610733501,841.0979183339991,5.496842128253348,0.12150801795029334,1.812209752476637,0.8384785893675728,normal
1.006369668219416,60.13633241356211,1.9094542857890229,5,0.1903564202716973,2.3862410932144202,0.1787610982537669,4102.133218708077,611.3630590958948,0.6344116388768137,0.8249044302704541,1.2400062630779625,1.0142533610832087,c2_beacon
4.802697138771661,3692.3930459314065,14.421239437650815,2,0.24831447142362012,1.5278872256028504,0.21220980588244337,1596.6647146144205,975.9688298275616,19.32181155268538,0.2248458844077984,1.66950184784855,1.948934053630015,ddos
1.9333220729660923,265.6427750992773,1.883607349227716,5,0.2048907919290669,2.269977363070751,0.29882328190901597,920.2446942379597,840.1514245495446,8.583492906355184,0.06685131624564421,12.264841709756784,3.2239006558729013,exfiltration
1.7567893555333451,89.74430819142923,0.6549252186605744,2,0.11335129325784718,2.8049799348458375,0.2719360602483974,852.2886408186896,764.0450577224614,13.946401170773367,0.09663180032017878,0.556722255481136,0.6751877416599763,normal
3.883038313026006,5703.695938206723,17.57395459158313,4,0.2397704229895416,1.0637944168740578,0.2912805290954872,1763.5616125179656,995.4423525365823,5.938413535892083,0.06995805218873764,1.8884843713917594,1.8208737115614262,ddos
1.3302064369982076,258.66906895954287,1.7543300960637993,1,0.025258227079035876,1.5042470942270543,0.21155783803279776,21373.294004421325,1813.2676552640448,15.591595760258008,0.12744928321860793,1.5114919058154814,1.4647860277970193,ja4_malware
1.9149291679434708,410.8472894658639,1.9445282508593211,29,0.9990546359172858,1.5111951433923394,0.10396461644742534,1382.7145783235262,357.3552687564663,14.220112977664595,0.2665680085380214,1.0939878643941794,1.7185156522849583,port_scan
1.7440713573716133,359.3994572889431,0.5656484743688414,7,0.06501201599288822,2.8443365977007726,0.2252461734231054,3079.964296902414,788.5973362960642,0.07281632284973878,0.6026900591861312,1.379585910673865,0.7504604145256912,c2_beacon
4.7413641999345595,2311.6048034280875,5.939741638918596,7,0.16008315572037146,2.8873889966498294,0.16433758177186694,3306.793810522825,935.072810386857,10.77568964631003,0.03518983086594469,1.9880024519189752,0.7366047104764695,ddos
2.1605974824596372,23.185484106301743,1.0723188275364839,30,0.8261608777513694,2.591538279253764,0.20973471795080267,2300.828707048288,397.86406956167434,5.4137570792552525,0.2041588044456079,0.32076468726537244,1.7448230788606014,port_scan
1.023786430480784,231.0464850106346,1.5074613153852214,1,0.040733472302545135,1.0043583966546004,0.12504960211091065,41037.23597084595,1259.3306983903838,11.611476995935707,0.21473177558133963,1.4020893661392535,1.5512808508588545,ja4_malware
2.571068300742386,4612.045091509017,10.442573615024425,1,0.2662831582364412,1.730861533799827,0.21807677007382784,786.0180760049074,607.1075478707668,4.4354127061394095,0.05107394526540371,0.852091052337171,1.731917064952882,ddos
1.9316663957498263,127.39299440760207,1.629568998134812,3,0.08732829590487583,2.4002928288679297,0.15051427237962817,2295.598032157015,586.5405460895176,0.19321189285328683,0.9057201610797684,0.9939037718874748,0.8970225179094429,c2_beacon
1.686554651821279,479.2562613924724,1.7148776221178572,4,0.2383433392809195,1.7870657373716348,0.1454678087132621,1234.3223481922496,753.1615499003462,12.834423586588942,0.1625817294996875,6.679370789019367,4.283680271138041,exfiltration
2.9878519937089125,7558.850099275019,19.487605618592465,2,0.24559845709279735,1.7238509755510567,0.11861543227051258,4285.216213125803,866.4690385013688,13.994091964289145,0.2996022084180213,1.9499753166680118,1.6503161992298416,ddos
1.2921470820361791,252.1893127567637,1.5635546150312014,6,0.15022232351281972,2.062944531398167,0.24521309059494553,1146.2134306482853,475.8584602226167,10.38637957339151,0.10468900911008544,9.866227028709288,3.862350525939114,exfiltration
2.3455500983449378,492.4386180428695,1.9150735269167793,1,0.12753078959769193,1.4919620363812405,0.24298486057923818,3429.309083150112,577.4518837736941,2.5785727191489785,0.12453222800054842,0.434083592152759,1.3558070220276113,normal
1.4858654148673465,168.73657620206828,1.5556258411374713,3,0.03492920898486535,2.6101383608389552,0.2869046001725266,4341.631300402429,935.0720301387564,15.491071427782867,0.0988558077037731,9.251143300465733,5.575489657245841,exfiltration
2.2937442871242073,77.45471604578803,0.9201553267317333,83,0.6429576480285614,2.4100290012897534,0.29362512461805573,2427.754804318045,593.3337991004546,7.937238648674158,0.08171655576042748,1.0692965900463136,1.0312585479223868,port_scan
2.4683342795999073,42.896685072242335,1.9303719195104094,25,0.7444694157632095,1.1746487977656435,0.2051486260802243,1695.3488774479417,920.6276275066836,11.060704533673086,0.0890635905141288,1.1290918640353624,0.8808266126756781,port_scan
2.9234245396165366,2162.113117481696,13.257141903631787,2,0.022653114040876964,1.2546668790132944,0.28052162189976065,2070.18050652903,453.9617485993806,19.028388542012646,0.17414114183473067,0.20946822191071948,1.9259352726577712,ddos
2.302238513257895,467.0416014001499,1.165561170486761,7,0.23555763715604364,2.2661013518051414,0.2776655930525941,512.2934896276478,395.11896476984873,0.9678930682922788,0.515034934237736,0.43504041180267317,1.1573169507011554,c2_beacon
3.891886536449902,6007.193703348687,13.551510461878241,4,0.238835130164512,1.3684707570840615,0.16211764757378982,565.7615529384736,776.1980291876457,6.18595144599728,0.04725401930521578,0.7752774044045627,1.142556011089541,ddos
1.9173154089656044,427.1539782070799,1.30582832554151,4,0.1536728913319881,1.0642987902011225,0.11881986132724494,332.18274570623316,919.2270018551964,10.091375324688212,0.10335145550326405,1.8212270595720375,0.7230715909759973,normal
1.5130714430936931,453.2339598661322,1.2518956943358202,3,0.19559084796667034,1.3133760318747099,0.255916524620952,184.87528252968502,607.9451816706226,0.4610640555588753,0.5421571410223669,0.26780545797032745,0.5277298487547939,c2_beacon
4.64726929296165,3168.0334544597317,6.87468236639921,1,0.2944191998496334,1.9459581703441344,0.15251354249358037,2175.2979549802008,453.26851572282885,6.084606295581362,0.2769940662904993,1.243610311091597,1.8453213431273088,ddos
1.141915631823902,321.7261175797446,0.7476598469388123,7,0.2534987581734693,2.2202574278872538,0.2302624540902093,656.0905387514882,832.3973518599972,0.39317740519782746,0.8127849401456557,1.0161682549984916,0.5194881961020514,c2_beacon
2.3789393356691897,269.41481854621793,1.005064809943133,3,0.10809565193328398,1.160135819320386,0.14246767239672056,4532.8277359504145,354.95723960104397,0.4392068893796529,0.4116501618066343,0.5536186742062299,1.2213944240857175,c2_beacon
1.3712770163545338,282.370219620958,1.471529275928777,3,0.26565373245908985,2.139508385694386,0.19327231164625922,2124.8951778049627,888.2201455876504,1.5247782561696352,0.11009072698799734,14.572659393464154,8.115382066670964,exfiltration
1.416179201912002,78.01696215948054,1.1713187179045792,1,0.2741171775216159,2.782115341087739,0.12224556151166242,4731.806373984225,427.09477834327805,0.807587018689742,0.7297476955577848,0.6811821702278862,1.044241789532398,c2_beacon
1.688103453462003,455.26272875211833,1.1858212573061575,4,0.17265028282090805,1.5856707948178679,0.29505232688325667,1203.7928878089076,852.2149666124981,0.6767441624648197,0.8603080082882253,1.9405122302148454,1.3897886805029018,c2_beacon
1.1163444662610895,128.7177526870411,1.4621565919318704,7,0.12252283458022636,5.944471698650207,0.030299799440773184,4167.138145581315,385.44301225808505,19.58093830530181,0.20645115288762814,0.554162595453204,0.9058489125666465,dga
2.3042780340338895,130.47757074023656,0.867505592869634,1,0.18750568134140425,1.960526046569245,0.11038467085936805,3957.625955382271,697.252425905059,9.550568171435494,0.23154821028774936,19.846295903171978,7.667863375858754,exfiltration
2.4007734765616906,478.8769731922967,1.858808700684785,7,0.23896350676382483,2.7796298233384924,0.28980555072940895,2661.1651338207134,666.7244047608682,0.17000993729286432,0.49401129346532646,0.41917658151035186,1.6637116145178055,c2_beacon
1.6157942463526607,237.81043276766667,0.9414666386589805,51,0.5951196184159704,2.5871803567177305,0.25105728129183447,3936.108187895409,716.4018719198414,13.184157784396191,0.13714468926429382,1.7042719646576903,1.770696602468624,port_scan
2.265362427396629,24.619037348851766,1.0185962086439488,2,0.29430144340613185,2.055089748994366,0.24990299550765407,1717.1192819184635,636.3919235592427,7.754861354069681,0.07373540294967702,1.1911546294749251,1.2930363051531342,normal
1.8092169878514694,288.4968312780686,0.8756851795808469,2,0.22020804817773887,3.691922173766959,0.019005298490486107,4112.641444415916,725.7374059712942,1.9461956683796071,0.29517847417035425,0.9295027919326175,0.5636245378803377,dga
3.512808959281892,8761.919069075087,14.871426757650047,7,0.1388136505784472,1.9723545869776682,0.20532750198744004,3889.4020277701447,413.74357382424637,3.6391742453354015,0.2601353337646644,0.4027729378949252,0.6095040388558453,ddos
1.878927010672824,360.6516591203469,1.4244068145532673,5,0.07995954051584506,4.09856422270225,0.06408319503157002,570.5190569317419,812.5814048260291,13.879946080222032,0.19033363720600374,1.0781531981960084,1.1458024581475044,dga
1.2702069847810855,314.90984217352093,0.6856523012287754,58,0.7874150318295301,1.3109492211092117,0.10932556416218667,3801.003068502906,981.1010374879828,18.27281674143096,0.22776057543649963,1.6593218984572145,1.2550861115923673,port_scan
1.5410553754046066,121.69901690086873,1.2782912728242632,3,0.1579925085090254,5.623132047396232,0.03979323656706022,2074.0389065363397,576.519978973532,8.513356843092032,0.23203884330161598,1.1285451410193892,1.168190662974569,dga
2.461289419849498,331.5512618737697,1.1920193973400328,7,0.09073204508365189,2.839310016681168,0.17885954593683845,26206.39296979011,1264.9193354214435,5.813462661797265,0.026963281670300033,0.49005670051981953,1.3243313028369599,ja4_malware
2.1872760257179027,231.35515831500197,1.8765693911752317,3,0.28851342896915855,1.3695494739112943,0.1591771431464046,3055.002177193864,725.7862218564217,0.06904766674824894,0.42843724550917434,0.6651448363680194,1.5441933849748324,c2_beacon
1.8361645701822749,327.3917059496362,1.429832483297539,3,0.062482881383275686,1.9535630125670114,0.13880749840560627,4869.327245507729,618.644279974518,9.668088814446056,0.29070336074831243,14.81769681963348,6.263852593586481,exfiltration
1.7756613605782705,45.06579345515435,1.6592538026298738,6,0.2640846361136575,2.398137444819997,0.2562133761070629,1251.6332974602826,970.3385442297358,0.303212898090959,0.8487931247837404,1.4447495352448216,1.6117107807451583,c2_beacon
2.271211662592059,122.3145466797644,0.554192536969845,3,0.2668671171346839,5.349639853336161,0.036182310565959316,2417.8451237533845,728.7017130440935,12.293118385338216,0.24514833567149122,0.20364776071416957,1.5520825927473396,dga
1.2757770038918865,279.0577377008803,1.6611981613419609,5,0.2680135263786375,1.6923104776164954,0.16856101527378087,2355.921035022647,403.04030609604627,0.3729431066173678,0.6559116068869671,1.996974427298367,1.9596403618746603,c2_beacon
2.111651855263169,131.76699858751505,1.743528682661722,80,0.519323348957583,2.296577659678251,0.14601377499127316,2367.000482146669,801.248330691323,17.53950516556772,0.14444690806160546,0.7453915836716751,0.7657463054015435,port_scan
2.202222716289123,134.09518245609672,1.0872602625266472,7,0.16973706581222717,2.0019664220635534,0.10803631452569407,4403.742181379905,688.8909272826297,3.703376592575254,0.014548374681589937,1.8268232745403468,1.9859371600527427,normal
2.9266666476687737,1040.5548780400297,13.583552441930182,1,0.00032762229370257855,2.4784705941653176,0.1924867825263506,4594.847284210825,999.6262772846824,3.984355883833648,0.25895476272313145,0.3900173220540377,0.9775748264529938,ddos
1.595114854906894,310.77660613387656,1.787870141120978,27,0.5834837279914789,2.7501897707781344,0.12659049378190088,4407.277417749711,419.7459943046277,15.171752809512036,0.12636961574061265,1.9640206105197757,0.6035443630774138,port_scan
1.6425007328965093,445.28181212778924,0.8993944380704011,2,0.1839757308427947,1.7482702883767598,0.22398918803804033,4726.0341107114045,927.7687885865942,0.628745771200038,0.7809957459331617,0.4165945192777799,1.4975694535718702,c2_beacon
1.5219166556553378,309.67760111416675,1.1287786254970973,4,0.00036284908358737985,2.132046373001921,0.18170524305319508,3559.143087151086,374.3277159171082,0.7246342253994397,0.6485819103592729,1.3227637683886317,1.8828882341031399,c2_beacon
2.1597512489650303,318.0011744202323,1.7106852139279645,3,0.0901439528601089,5.846043004278256,0.07235291698327234,4113.345734704825,722.5713374063865,7.254912861461405,0.12692747771296867,1.6659912429502701,1.5628094133962083,dga
1.496947986656957,496.03807687340753,0.7480862271631181,7,0.2342511380751385,4.782854170959951,0.06696641160916222,706.5377751134056,950.7096398141643,2.350571851467497,0.20682045653102862,1.5201748203933063,1.1206407142777108,dga
1.8715917095505925,28.11565632857537,0.642798630441296,6,0.12249690678989664,1.3012011886745278,0.20993467985254874,4619.70891257859,799.0204040024707,5.276453989717226,0.18079932316395195,1.6101442745011565,1.6778092039147865,normal
2.1417095529855295,164.08083895465862,1.8827786752324926,5,0.04230818998500439,2.819595153035089,0.2739368591413931,597.0317491866626,483.15844094306084,1.5791372733683386,0.12453618318362278,1.2837580868030458,0.7143044278112862,normal
2.0991335952450925,176.72679875540862,1.926927653409372,7,0.15272779166767778,1.3222974745844114,0.15979723896678383,993.7540964564587,981.2319902464036,14.904638065148946,0.20679313011236095,10.350270322013367,5.797266962358421,exfiltration
1.0542440657420444,424.4405093230498,1.2244075842076758,6,0.07721169391654382,1.8945513738165383,0.2343969075315883,3093.0402972832517,794.7874216922198,6.823127169053018,0.18770483707811253,1.7639292638396284,1.1371365402808853,normal
2.3749373986555744,82.95556789030715,1.518188649805568,5,0.00042563380105359316,4.968546189422252,0.06768098155326654,2041.2105440039425,882.879107490896,1.3113775727723094,0.1893232260054242,0.5548697181312532,0.7323638874872944,dga
1.083104961266101,499.2958599355364,1.1106157270477859,5,0.2012910099583018,1.6779715125642627,0.13274114623665106,3100.554195338815,941.4244077529222,11.792423343713661,0.19888587410193256,11.459056769458766,9.195901543670317,exfiltration
2.155933830802779,326.5251622993265,1.1940595653480295,1,0.27714496488066265,2.330491617309647,0.14439413318845815,38022.3877461245,1952.4240581376262,10.952971667232633,0.17685360923672885,1.0552162888066394,1.305965539206354,ja4_malware
2.3419784572177242,110.01110378609756,0.9541572979496785,64,0.9311886527154305,2.6554295832189734,0.2955486377395733,3541.330897250806,448.7140776102131,11.678137006516712,0.1720602730802092,1.173304813415294,1.0056150754136237,port_scan
1.3457374947257548,118.71339988857378,1.6688880878142223,6,0.1515409205270327,3.6350017617897876,0.02535712872968056,332.64726608171026,321.7383168759667,19.552217850043416,0.26367027134427024,1.5675182141571904,1.0962760901247375,dga
2.399477456450308,275.7624212682401,0.9458496500262116,71,0.6382511567921774,2.2451223159761526,0.29278295313427627,4705.218298039718,558.4573444191773,10.983243919782996,0.20084474130515867,0.6392319241553857,1.1249624966403924,port_scan
2.2474825188457475,1231.49755997584,12.942857768157236,5,0.17314123213528887,2.3553474654210804,0.2273087006771076,1880.4840108981218,309.6788398366043,8.486991628744061,0.06467534148778162,0.5673465476537163,1.0373301035267737,ddos
2.080536800822322,486.7193643761415,0.9740770746800664,3,0.06482729068884009,2.5510333742580835,0.21959772822946563,14442.595348380535,1348.9642020210135,1.7179325915322268,0.09017870499254226,0.2377114128769351,1.391777534922376,ja4_malware
2.279991271422952,92.76235612668218,0.5476187848381135,2,0.2936929085147857,2.2586563620367235,0.13039719140317463,41839.76378745216,1967.189449747916,16.819369926263313,0.24399478980694844,1.8121653337925678,0.8003916616613487,ja4_malware
2.3866051427573853,186.15214611254504,1.2942024952263518,6,0.12261623782658965,2.0486921527728583,0.10338221113463629,4692.5127486539195,878.3183344586979,3.6412762059850836,0.20254950978691225,7.360066068727011,8.131844542492638,exfiltration
1.7304957120322983,330.15132225923895,1.2379230875067457,6,0.19365011763370724,2.1103745224471417,0.1327446395684017,198.0545440328611,919.5767659979966,13.968049274348903,0.14316471019182778,7.144624711070442,5.540059070599564,exfiltration
1.9622915848193068,433.3747673957517,1.3570145300113474,6,0.1532039244369994,2.4055412025566048,0.22558253539522463,4760.478889889852,569.8985104190515,15.478612691334682,0.09279945399181323,15.727430810433425,3.839534246006382,exfiltration
4.037850058435592,6949.160803361082,9.966286685479682,7,0.12729131018476775,2.2558071614943525,0.1432476598605744,690.0165258089235,667.3336352571907,11.809743526576238,0.28923471808127227,1.698533343337243,1.5578860918477793,ddos
1.8474259172086627,430.90160167327974,0.9265957018601133,1,0.2420832673062107,1.913491196707998,0.2918758544630462,2555.9247543384763,691.8059920443845,19.74521144251973,0.006840074272490837,1.8151106015595828,1.7670950868216027,normal
2.044480562616604,229.62159084586702,1.4672287915389357,3,0.17099487107820988,1.138276324932229,0.18659964303396276,4126.687990928682,749.907720276042,3.367594827511272,0.12749451066638426,0.2762110110965168,0.9992372934726487,normal
1.7505087542040703,423.0242741973388,0.720564227713979,3,0.29406039788180277,2.244493719234301,0.16862705174532205,15215.624480503713,1984.5170340554475,11.951223174433306,0.07137304519151322,0.6167985288293767,1.2770203662221487,ja4_malware
2.481652012615106,412.51290205633825,1.9756931160428906,4,0.12798894754754733,1.8213095981121998,0.1439158775999154,3973.5596717659887,437.99808512366724,15.124917674787513,0.12594202419092881,5.840545547619695,5.259662912291702,exfiltration
2.256414214694362,235.38296896946613,1.1010527785233593,19,0.8491289951500365,2.973366472598262,0.1329310530383796,2856.0752245583335,467.96139426121715,18.42942585217848,0.2785769367668323,1.7591596498716595,0.6105369137472443,port_scan
2.340212708688626,30.598497561918965,1.1981875663642074,2,0.0404574247195242,2.9129011592414553,0.13853333771840176,29077.371483163293,1396.0396733214507,4.7406713708808095,0.296256833980089,0.34957885084450213,1.83347351155494,ja4_malware
1.235078786838732,213.62244210336627,0.7477961008194427,22,0.7549528434319236,1.3289328599574173,0.25071259627367026,3827.390203122761,300.38791538303275,2.2825845219897096,0.19604139897317185,1.7398950912029512,1.1929626645066072,port_scan
1.1690750103461283,340.38940907989394,0.5265209572971814,1,0.03625133842867979,1.7039941570345793,0.12025573950111637,33329.84662094248,1945.6864561310363,5.4863164132648565,0.1793683738581778,1.5275541022293255,0.7198313917542001,ja4_malware
1.5251528431359849,20.74413400216579,1.0657447711983803,5,0.2983380665265806,1.6285339630312516,0.20049794660093212,2014.9900385387755,973.1541042008814,0.9851682518394219,0.5561631990145304,1.4816574452964315,1.6254870415459415,c2_beacon
1.385662544524524,372.5021224641495,1.20699815968513,7,0.20778876359114593,4.977699319493007,0.06314309513354635,2668.2874637839245,516.9508550966518,8.423051649120358,0.24257663048098285,1.7986850403444268,1.6091610433203964,dga
1.9582452509374555,181.24992213620172,1.782324077756259,7,0.19608352780514776,1.3037718074034481,0.21497283899034625,21325.817391445857,1754.5566423469136,17.005962492587134,0.16556004221338502,0.6912014703475149,0.9309969044199745,ja4_malware
1.2566234660567495,441.0745139105936,1.7437565358835354,6,0.03787956238372787,5.941202176771855,0.06631382172063412,1740.1109145094033,867.7337855328568,11.142467666487162,0.2433829198705828,0.9966524314318532,1.2794554390215325,dga
1.6777470704725914,325.74845678077094,0.898507529666576,3,0.07968599223099758,2.4425474940713316,0.15795456514641798,42541.93901489249,1995.128600086741,5.947981477464382,0.2947906917979094,0.8441271749587196,1.4402681288529027,ja4_malware
2.46703068591201,204.6204072593884,1.9142622364491488,6,0.2637672606164066,5.328176523199934,0.066141048438531,334.229294911002,483.69046507500775,5.268111454723115,0.22425518881252285,1.8534339932905743,1.1324048154452466,dga
1.2130251085471289,212.4835983802337,0.8813795911831355,2,0.2632038318819084,2.8452846032640844,0.2968155909107365,15507.300465451448,1301.1359116394767,19.937776346244686,0.048673295811205254,1.6373165550667863,1.2340570021134118,ja4_malware
4.254434524337557,8512.931889677686,10.204281862819311,2,0.06384391506042052,1.7170112544980363,0.14905673816242096,2181.3098767084484,777.7294204803208,12.492191649989822,0.05233885486989589,1.1552337843035265,0.8843085601741487,ddos
2.167438657903216,334.2927935114648,1.3659921465779359,5,0.1321200228122948,1.638610839299996,0.28614940500591945,3288.1738150092137,379.04567678736237,0.2684979941583068,0.6603459425989678,1.3001952742121183,1.0810194134285422,c2_beacon
1.8851138430374639,83.19333662039388,1.1264289389810684,1,0.03718141633226334,2.8850092384669628,0.15153741825459946,4761.271743272426,780.7277709790203,7.297813757648614,0.24837724414697165,1.234041786688445,1.4575202176426854,normal
1.7357078964979407,14.935001923154926,1.4643841504302886,5,0.1968849764901545,2.661136205549763,0.15404218645137818,16344.337202351195,1662.4178967977032,14.756831487433265,0.05754532509404141,1.15934080542662,1.8865276805775415,ja4_malware
2.0132034199208095,78.50526758584034,0.8565069719123783,2,0.11647003342870377,1.9299281384498543,0.1760634256705486,4858.92696952029,557.8929436681226,2.0975762977980748,0.033444785402614516,19.00803915378532,4.865700752211849,exfiltration
1.539831881670367,164.93563239598245,1.1169159742165724,1,0.011881565450206454,2.5656488040501757,0.24437509607057825,1059.649022931214,669.1958820827705,0.7658566053837654,0.6158716147454302,1.3198008363623503,0.7014177575974174,c2_beacon
1.9000375665104268,289.87037513902413,1.1330688761112475,3,0.25600334231280775,2.672950339914499,0.20104027397980923,4977.099472525558,973.18172764203,0.26728257821968543,0.8935700357368617,0.7630752082205421,1.740770981670643,c2_beacon
2.4617111004674084,283.2362477367834,0.8746561965772173,57,0.5526257255383363,1.745012514113728,0.27914027823194076,3460.6118918416582,790.6744005111518,6.839302617595147,0.04801306405266826,1.023501423568389,1.4713551791242443,port_scan
2.0033254752336487,64.2469920665529,0.7067892683579704,7,0.146325781615733,1.5855255802168111,0.21171565193237263,28276.11530767968,1286.0301573769223,9.292571346393053,0.1622384983158703,1.884940254823627,0.9605952065423244,ja4_malware
1.466706302835585,297.0587720967312,0.9136856581175634,7,0.016488218137192312,1.276580691631079,0.24964275796896243,1778.8691544547626,401.710777632961,0.9132919950499699,0.49497517562103904,1.898773467942822,0.6152924026810284,c2_beacon
1.2617001609556482,269.41440292488227,1.5910929373635398,6,0.26898469555663873,5.780216545887136,0.07678147459749768,2616.480801820904,693.9541021510803,15.12335910894093,0.09683675116722225,1.9908770538453857,1.3210845667253286,dga
1.4496039124817062,408.0069725150227,1.6751560345689556,1,0.28993026593091087,2.216897126254251,0.15351695189904574,4632.252811385576,608.7632827287462,17.268535171662492,0.2948023037199338,10.95446336700023,8.433195318070329,exfiltration
1.8163661480878308,369.56762162241245,0.8860790481179541,3,0.024222787059603932,1.7702887496384951,0.20097779582559866,4823.303055240221,953.9449009332751,19.785465171378924,0.018230228164708016,5.9014261729492,3.9424409613726383,exfiltration
1.31879233378663,409.3067911019106,1.7642065367099966,4,0.015536285376516912,3.7693773012057075,0.07303881790898537,328.22483852205323,570.5462261093891,14.885479910280765,0.2526033367028077,1.1050304516897338,1.0221844973865108,dga
1.6412971219711296,34.15004348102623,1.360071111430005,93,0.9771432333731259,2.010714006070275,0.2363815805669886,822.2659332897828,559.8103928717976,1.0956237474301256,0.13172148714280685,1.008322288896931,1.0035282784826927,port_scan
2.2776561735830674,37.46367265356774,1.4396561875855955,6,0.25541262208529675,2.5670101966980514,0.18118551176357583,3711.4104017152795,958.012318823538,0.2088671297125059,0.8010786503743185,1.5780367689356805,1.1326091765871633,c2_beacon
1.2596917696337548,89.01449079744282,1.9232646605086763,3,0.055792325962712754,2.624593892940572,0.22987852342154813,3453.0985164308327,730.0992463867162,8.098229122975434,0.13775311098184562,1.565481614863267,0.7790065554991118,normal
4.78141573157796,3457.5642971937186,6.536585379043404,3,0.08831421576690633,1.8112129991630466,0.2923830512730038,1338.2012267183527,662.7756039325538,13.392218885734291,0.16661587547389836,0.6841550405508049,1.9235848870372187,ddos
2.266953965310022,128.08846631133906,0.7419907699370263,6,0.24094489089371599,2.421439080239086,0.1298262553821533,11517.657038343505,1354.8960787352949,18.329685216736998,0.012532716663984056,1.0583083580296586,0.855594392710606,ja4_malware
1.8972599497807867,276.4895144315114,1.3847637657868508,16,0.835537802266906,1.5630182998313393,0.13658077233184637,1808.3145142122748,916.3102686439726,7.535242446636175,0.23625960005947033,1.986220178909241,1.8542575504055188,port_scan
1.483207905219921,272.7084755423812,1.678283771411962,2,0.1941453745592922,3.916321914956321,0.01091936295096608,1361.753132959677,326.1033334301095,5.851806288020588,0.21282363559862466,1.6202806014387718,0.532072439728691,dga
1.6052586816497687,417.3624790103005,1.4308137932018696,73,0.8838260291293436,1.9642488996854117,0.12489305356008805,4348.675965846686,893.2522300666767,11.368370757452505,0.2502381755622246,1.648283844129529,1.7817061545556436,port_scan
2.4915066393040006,97.58711673240117,0.5943040766838171,6,0.15776873183888662,2.7154259655753785,0.16104403998777098,31637.39224263823,1955.7167034238312,10.539983730584488,0.23372981860760092,0.20099451735862667,1.095654138727792,ja4_malware
1.7135573893389007,90.23813908656497,1.1122350023465195,2,0.20581496085177006,2.5284206991602334,0.20783365847139953,2163.169073678989,389.51766904662145,5.111396864976519,0.22487887379559282,1.198685720677823,1.7219993991211677,normal
2.1022217640200536,5015.062052589365,7.55000801367818,5,0.08490579653215474,1.59623805113603,0.1729736451951545,3247.83552755752,578.3689093292737,12.55315904625212,0.016175536666270408,0.3869329183233512,1.3952895324642771,ddos
1.6496556111541625,186.01564430093842,0.7024564531575693,6,0.25221538115009823,2.9098146263092053,0.2689199738572575,4439.613019775961,948.9932155238188,3.8070670234378476,0.08568163971533893,19.839331301269986,7.179367721395712,exfiltration
3.8243779238958924,2333.480005466119,15.523930718120216,7,0.16519551829812076,2.6531595894802065,0.2276819902063332,3032.0819672679836,752.0015905590772,3.6513296579170356,0.20968960609271603,0.5527896898527638,1.7151326914641338,ddos
1.6744038625762236,448.6501534490192,0.6802436333575981,70,0.8797483124024457,1.5064473717815021,0.213133130198773,1291.9060322478817,520.3863670716853,11.548836582599678,0.18525636459743508,1.7817567550562452,0.7118900673369699,port_scan
1.2063696465345966,294.771311794176,1.3780709518543177,1,0.09383602113924491,1.892512152432013,0.24515854902471082,20075.484959869063,1962.26460235371,3.0408272516982877,0.18664219563722673,0.5906457401836076,1.1926541499661945,ja4_malware
1.6201581922293111,410.6786085716609,0.9957729929011527,60,0.5935824934382085,1.9875057946136034,0.24642563737494108,2617.192447019531,868.8246395550938,12.3849255271105,0.2538812337564987,1.516495853990029,1.3454118965641908,port_scan
1.7984352085032453,64.96036396106749,0.8184877766820154,40,0.8096236187852758,1.5848163204002326,0.17001603564209242,816.6373315776153,597.6265302672499,7.242853152416691,0.29609085093517584,1.891232317795456,1.583058501483276,port_scan
2.395800480924062,116.69113529525653,1.0090202103530708,3,0.26511149503592335,4.925585650322514,0.056397149212995275,3701.674239521914,934.5827237546494,18.940154801307585,0.00287641812282452,0.8587378341910721,1.5890215240431758,dga
2.0047209920237656,419.78910236961656,0.6887105274684279,2,0.023323400077512633,1.5846230868599833,0.17708284628828425,2223.532190651101,788.7012488055996,12.490225552616227,0.2053654273136223,1.295210665628764,1.1945399481332977,normal
1.2527349342381813,432.03321866214156,0.677448692141206,11,0.8747092068680486,2.401641719484439,0.2423010482778332,699.8079224003866,755.8619275725009,5.1989766823415575,0.20372490722116218,1.3514433274343782,1.181827587771731,port_scan
1.1016269007720951,232.6095280029207,1.4830825986888436,1,0.11642862043838252,2.5468935582108925,0.11534085170418068,32845.119312645635,1442.1675863348673,5.2337562759516905,0.08619339946652811,0.6928620047099425,1.2024058859105713,ja4_malware
2.4293490926046175,209.89155605432828,0.6391341161367421,5,0.2859445139737577,2.8629238586177785,0.24177241568816246,4266.390057261383,601.3516170766993,10.702552003058043,0.12237737831440262,0.8361325576155645,0.9393541068685507,normal
2.1643256938339555,309.7928679194271,1.101273464083142,87,0.7516010407256981,1.2176343561338507,0.20072439316416568,2589.8200836336896,756.1523640295404,1.8978263003758857,0.03566673148948169,1.2204516448692075,1.34916048113599,port_scan
4.834659191415636,7022.6161720691,10.567199563520475,5,0.15601479359822648,1.6703224986573768,0.23665594170893828,984.1228332466312,423.993484804027,8.418882390367404,0.2271397059810548,1.655914054159431,0.868968743144078,ddos
2.320624901641761,12.510119969229214,1.6086704778955376,1,0.016974415159473254,1.3156845593676996,0.19703905598194243,30889.577842977993,1776.3258707888517,5.355204010827351,0.26591723240009574,1.5288637407740646,1.6449809588697688,ja4_malware
1.2649395417344371,482.10084494551916,1.9088034794995328,2,0.09296362155373498,1.3196551198591435,0.1880391662868489,4440.717125971946,358.4310291332898,12.229128157018721,0.032549937549913144,16.479320810609778,3.9363522203433696,exfiltration
1.2489930153609343,118.84415962752324,1.859702864096189,4,0.23609757771060136,4.4302835935407225,0.0653899731688336,2035.553765963599,714.5503524404851,10.597191850744373,0.22287084808835217,1.1317191287492816,0.9503593833154796,dga
1.5451485094001876,372.04514546377777,1.6195401277941557,2,0.27629434026688515,5.938947488385178,0.03115374049944812,3290.6347013212685,859.4758375158298,13.00055429726877,0.13711157524617712,1.0324303249837954,1.8226156545004617,dga
1.730679648946171,442.87547920071137,1.1263881309935293,7,0.09243020155458466,2.583422067589618,0.2268618253819288,10743.974683226386,1520.5182480869576,5.795539482258498,0.12353345690908077,0.797143079428714,1.2812830352715823,ja4_malware
2.2919769286389258,2046.9515171435012,16.2752130073183,3,0.07752252257019389,1.2156276900608405,0.10517248050469963,3259.528098889048,689.873836823898,13.086130678375326,0.23431043918376132,1.076629060845976,1.8053401511405696,ddos
2.427136245778901,398.091274229211,1.9678752729100195,7,0.0863181030155928,1.012387804222367,0.13608214892435866,2106.8550149647294,562.710369095586,7.080572010848946,0.29438982315175455,14.858481070478735,9.054182063235427,exfiltration
1.917523709629572,466.2329267077091,1.2070110107440646,2,0.15332001163694345,2.8727664742119137,0.22767133913872487,13418.436891122841,1516.847680094798,12.224291977748614,0.28378458972210685,1.1919995926544908,0.955439361401569,ja4_malware
1.6637156528959964,388.6279476206986,1.3057216992054679,2,0.17381705460852007,5.483295114533754,0.04136039806195189,1489.4039734439104,424.84906999598815,15.111081309147844,0.27662999133217286,1.794602391389024,1.0344696041110149,dga
2.325138088810967,384.3151358400513,1.585707898239138,64,0.8397031337183725,2.9693361855250116,0.19088328203325564,4740.440447442526,365.89056750691213,14.664353054834596,0.16847151426038387,0.26212349579490424,1.818877295941223,port_scan
1.607720866332628,148.28992538848163,0.828885636336814,3,0.07965602530504082,2.951798221705937,0.1420658966721681,4041.949770540157,650.8616146251481,0.712633327220238,0.5815984323594803,1.6584050301790965,1.1995368655900882,c2_beacon
1.8308058901277984,15.134785408248229,0.9110848087054606,22,0.7369492739367242,1.0302394175511405,0.2872378731226578,2827.5339705919946,693.4536421041212,5.3274077043823,0.1233603534119472,1.5125321195636048,1.0498803799531817,port_scan
1.3701947043452338,130.61203415185147,1.5296120910776143,5,0.2573869128799877,4.639209879180479,0.07815639839670448,3700.744732972565,505.6901790018627,9.171924046044607,0.07417269720757624,0.9872089733762233,1.8529452240792899,dga
3.4068054394349323,9943.347349130761,9.208171124839861,2,0.2967202540232197,1.3136298046488735,0.16711956988701016,460.5582824644365,799.6292794194992,2.6504391520354575,0.22589694464201274,1.199538445191839,1.0886815149016935,ddos
1.9493764439014312,438.2053639728627,0.9055126822989913,3,0.09042019101605571,1.2445790744056373,0.22176156184111884,3751.877743557404,409.3688678324497,10.29535227660981,0.10499976981239179,1.7312431375066815,0.6030169783237551,normal
2.207551022059847,342.45575070600984,1.9907749764855485,4,0.037459051788999255,2.2984005426091167,0.17972500649299877,30779.331414834793,1450.8809943792635,7.651264164078691,0.023710170202630342,0.9692524734485217,1.8718295615988434,ja4_malware
1.7324682359366663,224.90091227495887,0.7229962181723208,3,0.2730184836870626,2.964641877319737,0.2730379361835893,33485.4021119649,1288.8334813904464,12.190241420505165,0.012519676851588989,0.3896971786142044,0.9920315175001222,ja4_malware
2.8330599646034678,7959.990239179046,18.300551451113584,6,0.13431294127586615,2.5039737763367227,0.21057002252208,151.8681955361277,703.3990244891272,17.531189755092985,0.21077060986502008,1.277951066710517,1.6456678978776296,ddos
2.1886403598026147,363.43144907669307,1.1745205485107295,88,0.7668017659235832,2.9634526283022393,0.14126199780365217,239.2175872767356,450.029315840088,18.473375018721192,0.034395869333581026,1.0162754374413234,1.2081456696697157,port_scan
2.300660113237834,3799.3217608085756,10.99862311465706,1,0.14175002648412585,2.1919235816676412,0.28994902854590243,987.0807010889596,769.912228092293,9.834668951608808,0.027518032846607855,0.28060528253642536,0.5606380748144962,ddos
1.4976521961771536,47.487641954036256,0.9648682318555835,3,0.039857401331634346,1.4166800799852466,0.2952093719837915,4694.5221955226325,589.0354102511653,0.7796507022919473,0.48951778609305846,0.22270188845862093,1.0950975161106011,c2_beacon
1.6932669044137598,336.4353163933576,1.0508878347760442,3,0.2889183633751499,2.8730987307512184,0.23929951933963647,35732.123443735494,1440.5454589704502,13.933802448504641,0.07615203152792599,1.6398952882085827,1.503701208712546,ja4_malware
2.1529712378764856,204.5006331964387,1.6619358219383447,7,0.2679157454259758,2.863888738459993,0.21356227707086867,593.9757512287224,873.9195852737906,4.1051564745998945,0.06501369372396959,1.6726032533460307,0.7005207853276003,normal
2.287896879867074,461.31802667464393,0.6935450857730626,7,0.2664176085044609,1.7577359126959144,0.2674766956610851,1427.509927592931,615.5163114728011,4.548340358516663,0.10923250867259252,0.6646186993692045,1.639509055981994,normal
3.85317747323366,7511.44197892271,8.673969685261934,6,0.015224571247495888,2.9530450022666015,0.1045482926878346,277.08765076626145,879.9308132647383,10.62223726683824,0.29008757369442617,0.30471962091138693,0.8505569964173901,ddos
1.9096314224238742,347.66843843336517,1.5946628527507092,7,0.21391197167488138,1.5762182694031694,0.13608480023528008,13512.007142494462,1834.716897749691,9.762798741461992,0.15969454343333647,1.8868213164904926,1.0128413024415956,ja4_malware
2.428627078926031,332.75187303386,0.9294516242374595,7,0.2241344569372342,5.819657657581413,0.054118344791816875,3141.748121040535,850.6464683589735,4.0401174791166765,0.09146346467491698,1.0049810363921812,0.792598206615492,dga
1.1291341513207622,10.273347447163667,1.0148588123140174,2,0.06129132115667317,4.811872636025523,0.04402416681533467,1330.4990916702345,890.2476395049448,18.377836803227694,0.1561107160932271,0.6134770776968845,1.6195358985899109,dga
1.7571031705596578,448.7471086711644,1.79912135693867,4,0.19021207444447413,4.3930254353326665,0.07573669285975511,314.8562012767296,360.61730327591647,17.01566190077295,0.26795089780317244,1.3756484565000218,1.5148817052987815,dga
2.2943045033159946,441.2097261726087,1.2673133396527796,73,0.8954161517007921,2.2978937947128966,0.218057900655673,1099.0209943688815,397.92070416994375,7.457327683697173,0.2981294630067508,0.2824930872413828,0.6170672780110307,port_scan
2.1573333288352825,105.96612820565926,1.7737159109207845,1,0.07172002275655147,4.916582724349659,0.025414879671592658,2937.604434158981,978.0011214131616,15.56441971939476,0.2728204621418929,1.747976773818789,0.8966936528380782,dga
1.2189868356383649,414.93588909499675,1.996571502536237,7,0.054481486704590666,2.4497771544416187,0.20088862046488365,293.44651684075393,390.6154075701246,0.9448153228352848,0.8822290508570547,0.9476301615338776,1.822246540661711,c2_beacon
1.997276284888048,454.48077485654534,0.7079817443501293,3,0.20806214087601585,1.972090499121746,0.21917159014619703,4997.1037343995895,424.7447995363259,7.655659002726534,0.1387890958448193,0.80380266670867,1.3465299604236862,normal
1.500774634243212,56.68739281596755,1.0589580268035377,2,0.18992223413225456,2.1946262175785547,0.1843638098922729,1838.5478218121293,705.4134647787286,15.909070579766254,0.18709754609080767,15.385267299468975,9.75577256294931,exfiltration
2.16867010815359,323.47746456600964,1.725188353917298,7,0.11679410155378969,4.293476422464399,0.03289487075592775,3510.130456162535,834.7221847581521,15.786683557015078,0.14640929083823975,0.688289490850458,0.7207581583055749,dga
1.4756499962490028,21.769245323122,0.8031433791975396,2,0.0992196874415143,2.119083727880799,0.13249507813674993,2463.767148162543,681.9673778117527,5.416376722904827,0.054050029471107396,19.83054433256084,8.851662682219855,exfiltration
3.970762323488987,6935.924433399078,6.428856845430797,5,0.26008015045568167,2.759474205315229,0.19396136356387783,1990.718782923293,452.64341985922505,6.359879215054978,0.04481698605166235,1.451974433271657,1.0955724508446225,ddos
1.9444160503518655,483.0195731669976,1.3176790639670675,6,0.2181474739269312,2.21320943921412,0.23483579640083277,3543.661966921438,873.216586357201,18.663970452696937,0.08300815769800203,17.054075704613986,7.937302228011441,exfiltration
1.0777111660646883,234.1810052715805,0.6857992462475189,28,0.8371813193964235,1.833578786922111,0.1360782416071108,4369.628824704795,522.8854428291586,19.87423647086748,0.2093876048566319,1.442567005802388,1.2457213191414704,port_scan
1.5746241681268467,159.9707245684477,0.6429943627413887,5,0.023444566117210786,2.0969015202243106,0.10861744183745897,3764.945962055383,378.32800838466335,3.7365666530093407,0.23532996556926145,12.658934860796279,6.649981965963861,exfiltration
1.457745655602272,418.2763768571463,1.6528180032941422,7,0.2552095648611055,2.8228770123409377,0.20865288429318407,33644.51512284904,1875.4935187395251,3.4953467267755074,0.22679482618767766,1.977548692042172,1.663698930724079,ja4_malware
1.6748850639191266,467.60406589742945,0.5893248120206359,6,0.24916569031783503,5.42447107804284,0.038806773721016506,2864.3385068706148,565.8921166907362,9.989770053446488,0.009344076920747901,0.7424077257176978,0.8526042918592148,dga
1.8583701804118125,243.03228000907413,1.6793092256395576,1,0.20198412083657205,5.959805419015799,0.03704942132370482,864.1162947682701,840.1775119513297,10.195768943730686,0.2573202708855094,1.3311359577063158,1.1315884500991806,dga
2.8088289344262005,6604.919505165179,10.928676547164843,3,0.04708962934465372,2.937001444058832,0.25137105536299487,3747.4487759108283,896.2378209144682,6.743457093947102,0.0959319326641507,1.1122714047236033,0.7642214971706918,ddos
1.6381402445079174,159.40425116313367,1.3963649865549284,6,0.10883360999074461,3.6015800287828954,0.02731383621791137,1061.0795285986228,489.2908174473574,14.15774636978342,0.22202086606914698,1.5462439236737846,1.5168995610476497,dga
1.4993381265331818,160.4834204000798,1.7430262614545593,44,0.5790007943185054,1.6604646891154318,0.19709538605569943,4163.786814107681,881.1736932921269,10.02600092512099,0.21732654573249946,0.4787624592529032,1.6388956323816166,port_scan
1.781131996900631,92.96392096478648,1.2909946273194755,3,0.19460706135657582,2.1216514983488284,0.24570085746882628,688.7363884916205,472.663722429927,0.7234634509731329,0.689209137056294,1.7996911273684801,1.6355947237712563,c2_beacon
1.9538643799257565,385.0690217335902,0.9725055808214931,51,0.6374954577588865,1.6445426654261452,0.20955745585647673,2695.340917117067,866.3274691686106,10.703511534559858,0.001070617090583248,0.4007220605829427,1.9807155831784393,port_scan
1.3784764252138395,488.57925355781947,0.5812501876702123,39,0.556223102806084,2.091474496107282,0.2893815285976403,2603.191425572103,461.56726207612616,11.20090492274925,0.1498741775990165,0.6350034748842782,1.8756989057937736,port_scan
4.784916424631865,9491.06043252934,5.539785662757479,3,0.20752561009399434,1.04728623702447,0.2687609986190339,3482.4120199215395,655.523015673903,6.528376445278731,0.07792600815786203,1.2994547677868928,0.9794949729666727,ddos
1.2919995322489861,272.8996570833967,1.6388785678442794,5,0.1895044849973307,1.5917247746750744,0.23074537615374913,862.2427910003449,927.1182132833654,9.62734380227625,0.038045171996298074,14.16279803133651,8.272333169346311,exfiltration
2.110380758064026,244.63010838392884,1.931457988768495,6,0.040592276416575965,2.2651407299182003,0.2969354297902542,10393.962284878766,1269.2386577275518,3.138042227885452,0.0014603912272180275,1.7082282110774856,1.8888816596532054,ja4_malware
2.4674007173957833,93.68418835498761,1.2946192941876764,4,0.03445989935159869,2.3584070194771445,0.17497645134344764,4254.356223045232,890.4688112467345,0.06495981013353706,0.7390855532942728,1.513515149133839,1.8496769625383471,c2_beacon
1.8872880061701405,47.571991084688094,1.675329016245438,4,0.1821131920635548,1.8832018334717155,0.19460155482209404,1421.3986604633626,386.3211159560469,6.422505993662346,0.21640144693179142,10.67832336993065,7.215932429031846,exfiltration
4.304031024110713,3391.007620664481,12.255859172578816,7,0.25310566926058586,2.1147724420213914,0.13145149178740442,4884.793996474243,793.5057936427697,14.094701614659222,0.08692322657077495,0.6426809849224044,0.6187242283028436,ddos
1.6878221226978267,101.02540608683272,1.351172170323985,1,0.2310272154476608,2.329159419054628,0.2716868970146365,1310.631177675523,604.5614255941903,6.890046206364722,0.26828678084422275,0.9822877114134982,1.8776356004178822,normal
1.017705091385999,300.1892881806694,1.369254092809061,1,0.1390911423449594,1.9404244621474744,0.17014624420403512,411.8229625838436,328.9626164126827,9.081249336041514,0.2151898215199728,6.97676911458123,8.899331588597114,exfiltration
3.1464040764279906,4714.916943178905,6.849132775532048,2,0.09007511506135892,1.9558617679129193,0.10583932101851619,1604.4251427638646,791.1634715150935,4.444483827280981,0.0354930534743779,0.41283511469960665,1.279605204101376,ddos
2.158162598656571,191.9137921732558,1.4183315128909286,6,0.2902779077992417,2.7073013380090005,0.15146613743899665,937.9170678571367,389.17028520732504,1.8846618828469393,0.11547373416031304,0.8714265807399213,1.291724603031875,normal
2.387262803527093,165.64146083814524,1.3315985350696455,2,0.18970651522989038,1.6794341083241535,0.2529448438283516,4440.854606206581,394.69734995783296,19.80351143676313,0.09486981305587053,1.2771786829984098,1.6688796688397494,normal
1.2033022868680237,167.7258709911865,0.6480442928347223,3,0.1363023216825985,2.196429267758187,0.28324806000392416,2627.8120626023074,709.5190935715475,5.160889703938934,0.21875217732943877,18.798902206180998,3.1510614095135794,exfiltration
1.4004634946378403,430.48139926616335,0.9823185233613493,4,0.05310042333640231,2.9824892562800556,0.11768775385493097,4641.958776542367,734.0566346572836,9.342853664745144,0.14427243365444417,0.9409597703979025,1.6657291241105145,normal
1.2952734083077244,229.35747947842682,1.5120055826279908,3,0.14794638985243586,2.2272256193911963,0.2939032514117179,46084.476495964045,1804.8961153159178,5.258584162975975,0.246949969116732,1.6263311122064203,0.5785363514545235,ja4_malware
1.185317479039525,498.7396762113084,1.9060518403104214,1,0.2810538693497804,2.3429667152456504,0.2883746166808623,46731.05760651779,1681.1913576049194,10.929322591387324,0.18310106760688702,0.9179345929881391,0.5080593196851855,ja4_malware
1.5504946788921874,246.51682126012986,0.793175835211299,47,0.9234852110862488,2.308844284915608,0.18635163572308006,2247.5305162919926,592.2150715954562,10.500106459185766,0.04053440983216283,1.4230988939907467,1.729781033356719,port_scan
1.8698735601386762,184.21012694847073,0.5375163544741075,1,0.17238905243334282,1.8300424974199299,0.10693981837820282,47550.18400926621,1265.1042031164116,11.057517467764779,0.05375160702004774,1.3960823930075021,1.8933750891290866,ja4_malware
2.0222747565738417,239.73655765615402,1.2718438562324506,1,0.03438164876493153,1.186514112746494,0.2916795357947527,1715.8596552313518,653.9343725309025,0.666506038270532,0.7303113828562094,0.8908485057235505,1.7186267414652965,c2_beacon
2.4039097340509388,262.1456954239101,1.0616959046734067,7,0.1399527789415029,1.8047417663443677,0.28381742559371115,1533.7134902607054,424.6939006192154,17.787476718775526,0.08714110032866924,1.3046848701066545,1.5938614682647572,normal
2.121709075082853,197.910405077701,1.1845487410118645,5,0.2675249989820156,1.4484406508496588,0.296247054150369,32000.212071182446,1941.9992222810956,4.800076423532829,0.1505945168720045,1.5110036291101672,0.7742161829016155,ja4_malware
1.2482975841029171,14.537293092350474,1.709286448167088,5,0.15656293040665678,2.6732814928130884,0.24178890380432358,3801.3205520040074,683.7846892832856,6.706073713337299,0.08737898001430243,1.9660014841164948,0.5880006984988115,normal
1.4606826422307253,376.6991470144626,0.8909682528492853,1,0.27602357491442214,2.547963427427974,0.22402288147507718,4019.527644305047,456.8796862438795,9.09521633908281,0.18630413008891897,18.534086739628034,3.190852200577262,exfiltration
2.4239699938745005,178.35468428830006,0.8335655971110463,2,0.14207890467724274,4.619977268494719,0.04502469834157855,1748.4132849980638,633.542101927874,15.322571568538343,0.04967251342545679,1.512873985714686,1.9012527668288115,dga
1.261962206403779,288.91390471103165,1.0710985418257175,3,0.032600091241280535,2.1266324833959245,0.24846653097078927,4354.371729187723,435.3697518785891,8.862196387798804,0.25198022825915645,0.6492029276478007,1.8399259795609733,normal
4.075154337492885,8835.722820815081,7.4029651924453415,4,0.1874226713361603,1.2994440985929203,0.21307901979400817,2378.2377700920324,369.3690135320727,9.926201260066001,0.0050016204865019,1.5177510143675899,0.719191813337852,ddos
1.8700532228197078,288.49733630267355,1.8515320978538738,4,0.21306098312273467,2.1459196164226695,0.20453196568232307,4075.333685029931,492.12305253464285,10.39089183653912,0.08803357335829212,10.357545444387025,9.233342493265116,exfiltration
1.9090237310500164,259.0020043483088,1.0360544352530812,6,0.14259168536508124,2.767332563144966,0.21260215201727178,732.768025321196,466.4000627596841,6.156374523675704,0.1786499117730354,1.7487733688272709,1.357941256712208,normal
2.0920323984250864,406.19599801846414,1.1713668476147245,4,0.0795055380918159,2.0385965245031947,0.11633308793923947,2708.9348396936643,770.836218806928,16.310112961297854,0.014182180536930954,9.732915216612456,6.6383267443581895,exfiltration
1.641854820522025,237.85692467474377,1.1550012340082592,4,0.21158172284329546,2.5694178183762966,0.23543519233266474,4813.241896706094,722.2432620355946,16.281259822773915,0.04129043553971081,1.3709241238389567,1.2283136132827062,normal
1.3437672264350902,336.4682218832696,1.022219689304634,5,0.2129665737533013,2.938117295663147,0.2795114077458064,15198.127025919588,1705.3933479657894,6.999113445811929,0.23206805767022093,0.26695530204269646,1.0774368252015434,ja4_malware
1.3802660182229454,314.58154262831454,1.0644271630984052,1,0.12683272240685717,2.6028067449373773,0.29231266605394157,1271.013489795709,476.1989649042329,6.050037079838248,0.17461609664906258,13.056909030481421,3.8541997072448653,exfiltration
2.206868847198971,37.340407506226384,1.10273316940069,4,0.1619250601791009,1.0087752806480228,0.2159570204158418,4226.267536226114,768.7826211493727,6.690192694555466,0.16233304568675877,6.45465027081677,5.804496583340017,exfiltration
2.796695229038839,8002.200445477752,15.042113652552153,5,0.092491442023523,2.9251752570298097,0.21427130172549058,371.85631256789924,999.337842961716,14.350616083883182,0.05274474791558541,1.99639016790191,1.2248327937015218,ddos
2.3468689797975113,76.06131858482672,0.8467636720602374,7,0.09010936570442277,4.384282569082018,0.04942851367220811,3738.1372112422946,928.6939968256859,19.814623600732062,0.20335767331697874,0.8153490012465601,0.886347101908705,dga
2.1567735786501467,258.2014549156896,0.6229510441008962,6,0.11710686743051128,1.3205938078226915,0.1224104999741986,1066.3413661545237,472.5722621857121,0.3844738304557748,0.6953584037778802,1.409532529610106,0.9245020479991857,c2_beacon
2.4372084181131126,156.3103968732584,1.1560883465631242,2,0.11089983533138903,2.3611774468739575,0.2655590597204699,1707.592225771525,503.9128938411593,7.733767679181479,0.11229808816332675,16.095493107534217,6.720789442566329,exfiltration
1.8883325692505109,116.20782857790161,1.6852165341679624,2,0.1220918508335887,4.283264901279884,0.05900843571021669,4898.51673963183,304.31433530593586,8.167346220781914,0.15204425848941858,0.5066231733037883,1.0323959476924716,dga
2.162216953259766,359.4748733230538,1.0515845680698088,2,0.2823669256070141,1.8605826743950018,0.2064673454231079,2818.1945126175224,925.9193919000592,0.8302651828510721,0.9320485905464805,1.135390684696121,1.5368622045789784,c2_beacon
1.9778965383699614,137.57078627347252,0.6497465857651853,3,0.2528195906419416,1.067755590285113,0.2658442282406238,2128.735152448575,801.269979461123,1.358180001721113,0.06544475536830945,0.5081688960381664,1.1832145676626067,normal
4.273801121220332,8008.296437248234,17.055147603299005,1,0.0627942910262069,2.008609758935547,0.11310552675296004,1447.6840424793832,629.8976452054847,17.013604889982993,0.24143687646548115,1.4524766809814404,1.5529628033112206,ddos
3.0310664938850125,3123.8645199911393,19.183090421233032,5,0.20052657489940515,2.5699217282413227,0.257549032620631,3148.8249853832936,551.6314660107338,14.706599883631782,0.2219573409806538,0.8503580277289011,1.9546460370565562,ddos
1.7168159110356187,11.963726319336354,1.0887271013974158,4,0.28362497173198453,2.235338921107278,0.21955586812600764,3584.239834490496,976.7739146575633,19.8127666670595,0.05058562854947036,1.8729873680198583,1.4526698029624567,normal
2.4363326445847737,32.410965097911,0.5878183302802191,47,0.7674747091566471,1.6586247907311518,0.10763783691885982,2482.935941366273,527.3397767386581,2.5190151795446805,0.1865314374935495,1.734367343855317,0.9552871295298678,port_scan
2.095810811851477,220.6792391084704,0.8984950391014765,84,0.5270157957417814,2.871432321169957,0.2813370108609766,2437.772763377006,371.80724887832093,8.949030903385482,0.1120908249550321,1.323678145631209,1.5851833283657548,port_scan
2.0677105212189573,125.76491426042706,0.6512753980073627,7,0.25127747677772927,1.9059479277237343,0.22223626598248603,1901.9842936808657,904.3818586591584,2.79759760631349,0.0813883941021883,11.036464229090004,9.546324432717181,exfiltration
1.3408580826771654,94.76727814388096,0.7658532518739088,4,0.021391360255453618,1.2531275842479206,0.2889610343888077,1217.5890989864406,853.0208384147411,10.724625389190386,0.0817465776351597,0.2895297779379233,1.1199387484292065,normal
1.4324050625255127,181.01035018808895,1.3145226583500293,6,0.28312310794189516,1.6359819564236926,0.21180312514441654,3705.7115993757166,801.3988602963641,17.889315910551115,0.019711630023009828,7.8857650042824385,4.6557795759242095,exfiltration
1.3379536275991637,431.53332780434386,0.6914684288598212,4,0.19518514245003407,1.4153532748270792,0.17876761327581697,47043.94557995581,1799.6014135382193,8.958129751082241,0.172168329032545,0.2618304616271485,0.7672366113649314,ja4_malware
1.8309599577059854,91.5274784651632,0.9794441422187135,7,0.06500202522306166,2.8094254314926275,0.20754175170165412,553.8049323812804,432.76815444544843,0.6045051937794074,0.6772577902637886,0.7614965254267334,1.5926320969656678,c2_beacon
1.1315635178661525,289.2675711343479,0.5601425148091639,6,0.18393282569824185,2.5457901741897153,0.23128974361323637,4462.263874866827,650.2209300936292,9.873348790850791,0.28081425610044697,1.3730695948155944,1.928075331450056,normal
1.7782875405796736,18.657702689956977,0.6289735251664177,6,0.23299453076661475,2.172352590541944,0.21262710871702195,4924.576145344556,657.1164053084369,16.795880391777537,0.23626876876191127,1.3844581586914033,0.9641505290710242,normal
2.3506644862383133,391.7685263285567,1.3897894096530163,23,0.8331012723865993,1.3883748951558752,0.287946854745766,4025.6672166138205,807.0425463743189,16.71668112982487,0.11743387146072595,0.4354554034958996,0.5728380687483887,port_scan
1.051916013149377,422.3545127012194,1.921092994184331,7,0.22834032106959445,2.6995931089644536,0.13363688571333435,2098.697214717444,970.933171183127,0.4352345608205616,0.9198907343898597,0.26062025416070855,0.5963232872047992,c2_beacon
1.4223376601496363,266.0790158328732,1.3532284705882307,12,0.8058439013817791,2.2848895971074397,0.23514397883341034,2265.2409786239245,934.0016084731736,5.26735980806671,0.0016133666326865524,1.9114876433483985,1.3724617732464826,port_scan
1.8568831784913185,468.2336383102384,1.6873201411222276,90,0.7577958394775879,2.664015438139374,0.16802883377628408,978.351657632521,358.31259341467035,11.327384769722716,0.17995047996196234,1.2666520065055558,0.6377009364338533,port_scan
1.1150011475720951,361.05869101981807,1.0642278815521273,4,0.0796501842008816,2.427757845274149,0.15687705740487398,121.95213474461423,400.8376315635939,0.17425267802823882,0.533944173025691,1.603447875830553,0.8688548387245678,c2_beacon
2.475384538172804,1942.768243734728,18.07116910226695,5,0.03805983534055126,1.230085630724405,0.18673276049384852,353.60279470017156,307.3547996128928,12.098612069317294,0.19559436451785686,1.7435155395291373,1.4472416856882664,ddos
1.1959744189471764,388.7569889656655,1.8214608875326543,89,0.8003543905304675,2.0604883562158935,0.1637105159776809,2499.8801330288566,769.2024535941181,10.520863249183162,0.2755209202445356,1.6902451965429295,1.9812378340235988,port_scan
2.377662843273331,137.12552152872178,0.5946757560558065,7,0.010253823278478047,1.8403257090492773,0.21970569780865323,1129.943591780017,676.481279298612,16.25027288646873,0.026389124557315877,1.0008214723402973,1.5814432457400667,normal
4.9765656090946955,8460.31717707049,16.439314194366,5,0.22892175571915863,2.6190599136180444,0.25438508540089716,4400.741133235216,508.4044226749028,8.391574931238292,0.15434200243926788,1.7967067105474623,1.5722561820773033,ddos
1.5724785218125856,444.1499350354977,0.7490247432822232,5,0.018378692014731045,2.468858479930832,0.18207766147295598,35383.297826617156,1908.7979106309745,11.141741566279704,0.14951687052106005,1.8075137941091541,1.0065378673903231,ja4_malware
2.3460508752240887,125.59939477614078,1.3397444043843143,3,0.049705743886333316,2.503882764050232,0.2649539022096477,21353.385130085277,1751.8500011490698,6.740312249831677,0.293663758955983,1.8217745238101615,1.9852570817124904,ja4_malware
4.612892255238927,6733.272752225909,11.89032169479848,7,0.20942901250482354,2.980481547710616,0.2994594552975488,1277.2347694988664,816.6059343818379,14.677110477903302,0.08800224827864059,1.0165124975611488,0.519451333143329,ddos
4.614655440281762,9172.595920496526,10.132193494800298,4,0.20981060395861362,2.44267924877252,0.20410595682758415,4556.654155895252,465.1272108313403,14.121432735987003,0.20760864231953505,1.0460852891174846,1.3817348025697516,ddos
2.499514543620964,474.6383476205665,0.5911121275434339,4,0.026238988935993923,3.976134178220498,0.010138413171040089,1263.7435920300663,400.4930882427579,6.696314652757869,0.2400581270414547,1.0103082166554314,0.9456728369389154,dga
2.437838819862168,340.8997580470672,1.1918133287563606,5,0.0381677885675484,2.9743726640833876,0.10484587081751698,2789.9925259943548,990.8245417766057,6.7617237448090695,0.03271629194472939,0.35479814894291517,0.8908539746382138,normal
2.8452077595250205,6062.81571512216,18.39292077381397,6,0.18263552681632922,1.8222786403519504,0.1563607824684271,4751.408117572105,386.6733648738822,17.247117369221538,0.025401021529664756,0.7762655803654945,0.6247220475468995,ddos
1.198154255952316,365.6271210105626,1.9453698683332306,1,0.2024438257217609,1.0077882927622652,0.25219059590340076,4584.178178350986,678.0993666331204,13.76829872369215,0.27992257244353336,1.4900834147190143,0.6436427777897513,normal
1.9556108259868115,176.34409956236232,1.9038111530166208,2,0.2686513731590653,2.433245513454626,0.16066752653643973,1455.2028669188235,573.3394928379646,4.812665882845431,0.1864441672605432,0.9046075944563126,0.7839595388008538,normal
1.1143321861125959,473.2280103819407,1.1811843321664535,1,0.14648181237322971,1.157081818309349,0.18752538676523056,1171.3457609584693,549.8489135715726,0.11470789406022439,0.5387287365006694,0.6388665864216838,1.0079065476740068,c2_beacon
1.7351476398335912,402.379277210931,1.526572894217069,4,0.07804564547864846,3.5327739093166333,0.07075839563463926,3338.9815095398353,436.12727656650475,6.662044924530695,0.2435145297974822,1.9598999304650588,1.7294872762323943,dga
1.9882449995365359,477.7063910342342,0.7180580480913648,2,0.16642963980374037,2.30567512416732,0.11919307317308875,4184.573570997715,428.61083422695543,3.8478563758111504,0.22363701261327554,10.674001084711902,9.036516494039864,exfiltration
3.9895475366094693,7540.681665892159,8.02053015358247,6,0.1285903950018699,2.4376041570746456,0.2890949151483334,4084.841286491823,306.4990697964522,16.777378795834593,0.18485602421574904,1.3053588225405282,1.694896476010777,ddos
1.466686378013996,391.52146530150816,1.7002643411684435,40,0.5139944751625916,2.001266488973897,0.1485850236490286,2692.041649676514,383.9784885145327,17.43284348498012,0.25670000257870523,0.44584727524151324,1.2187306615235112,port_scan
2.470044701461026,272.4816924655024,1.1805991255464805,5,0.13217436192848184,1.0960689567398931,0.11147155118888873,3127.1230692305185,797.7034006737414,13.261547149444114,0.0623707635923641,15.519997804358697,7.264048764026175,exfiltration
1.1172830438674048,162.06856190855808,1.598745568285557,5,0.29475716031397836,1.3907172308566056,0.17143830689122105,3958.666269620275,482.8845376117939,9.250270223824073,0.1864788333895413,18.130334746997768,9.420581220152332,exfiltration
1.6740185220006905,413.35768492519384,0.9438297611106683,6,0.20119036820237932,3.537869877797556,0.028417693810705413,4998.046434350486,461.1460116317595,13.245154972362933,0.013760731474164923,0.37601677492258834,1.3387756576277297,dga
1.7943969309007952,192.59900243134072,0.724679297708168,4,0.04030287653384688,1.8356416357099135,0.24400679200610667,2798.001876964366,673.1219053862479,7.66516811757943,0.2232701512121329,10.841625808498424,8.159826264882621,exfiltration
2.0947070921751694,21.04905037470677,1.0424049709266816,7,0.023079456379219997,1.722199465909908,0.16222258434814288,3353.085863425029,709.8995928642221,0.3148182484728164,0.405337422973523,0.5361328059633517,0.5225310094620861,c2_beacon
1.7437546315500048,177.75162376706578,1.9855032822501915,19,0.6454041415274399,2.7711868250539187,0.11789598812472493,1104.4696342842535,306.2033061228426,1.850670079309517,0.2779475078154313,1.2982067486757278,1.8130106980651886,port_scan
2.4308044808797775,309.99675422447245,1.2516897630403747,38,0.5134610992788265,2.895495968492906,0.117398218270551,3132.4484939903386,914.1881572131127,10.71175325151874,0.032741170787770356,0.33455139979571535,1.63633094351652,port_scan
1.5254344303749137,380.52549220665725,0.949623636548482,3,0.24392847390048944,2.9242003696525813,0.11314096498307853,39863.89215391375,1529.3715551440466,3.9557254512228726,0.23510159047938145,1.2814243343431941,0.6184493572450597,ja4_malware
1.8307905726179912,382.3177588147369,1.209627109503202,2,0.15850888213693903,5.3288233129297105,0.05068385325945635,1117.6467724068557,512.5627498523709,14.139767444477826,0.012720998599889044,1.9946409174279636,1.6637569785020903,dga
1.3323586747710598,474.63965254556575,1.3631514803758698,7,0.263534617350195,4.716631197942762,0.057047163656552755,3415.457634893949,967.9688767682794,19.716501304015587,0.07259504954899133,1.6580202133693973,1.2922918806590293,dga
1.2704109370466576,283.54503511754746,1.6235110564898687,2,0.20704595397192707,2.3611451358105144,0.2603976991869247,2483.477991493121,588.1030881879879,9.100806804858843,0.02718726184075396,18.67841101487666,4.151759485580749,exfiltration
1.1267398282352803,215.4434700713945,1.817221136983306,7,0.21502552504908282,1.9021803216078126,0.2093626920481021,3918.8519694504466,351.272190317286,13.23140926178979,0.28120809647363537,1.0811518387948593,1.022939635039278,normal
2.1084760058733125,100.73787902724811,1.2828777061538803,2,0.0225051922054627,2.468033119577446,0.2085883411544815,3985.8018641477897,363.2512136909926,3.874848608029012,0.002771676425553804,1.6575845222863184,0.8609802133486466,normal
1.4532166384356417,213.2141533494169,1.9686911595308623,64,0.5445635841115509,2.4158648498050717,0.2839682252351379,2472.0088033761413,741.2279621185518,6.8986336019153125,0.16450328568776912,1.99858061373097,1.6213571541576368,port_scan
2.42098207741837,71.12136527047431,1.8417174300709052,2,0.0038544927366921163,1.155424434386156,0.2103636973514574,3017.7289148604996,904.9687417444824,0.6109822117713616,0.8312812197965012,0.34539569066616993,0.513237084931877,c2_beacon
1.1069238018499237,381.70517498665026,1.8210831637836027,4,0.24386582040575921,1.3941136092002708,0.18430620838355205,4994.367882329642,645.476033176481,6.713659260888621,0.2879158531088028,6.448209796284461,7.6448505453752285,exfiltration
1.6543541420087071,299.5128280792545,0.9804580551614509,1,0.16049485318524534,2.50233607477959,0.16486560722322804,41786.28683398191,1248.6234145824653,10.161799625617189,0.0022711028070113936,1.2321221265841527,1.8099679938367617,ja4_malware
1.8614473252962973,221.55864198377958,0.7626488579371316,1,0.04524300385825678,2.228490071336502,0.15897673960912143,1118.6263784751566,506.90771334742976,18.459313724315585,0.23898667062365073,12.232784177702742,9.918748400694927,exfiltration
1.8062970598003179,202.97215378337845,1.0214212238271143,7,0.04821601678347347,2.4024541377295865,0.145459222094388,31571.073883464716,1231.2584975407142,4.00747552304411,0.09653922616040356,0.8227973756986293,1.1551901973188305,ja4_malware
2.0495607007161243,383.10195596016376,1.0041949527940606,1,0.271737555874278,2.707260346293468,0.18626365630315828,668.886608717627,494.38855132424646,2.29860991751692,0.2194113921399935,1.5556844342375773,1.7954001047812311,normal
1.0085084318207032,216.07570346037235,1.4882001191331995,5,0.08213081017408659,2.470847281362437,0.21231021625182028,2489.195650747692,668.9932531482586,0.40556542823018327,0.4179644079584727,0.4652983684544142,1.3770534359896343,c2_beacon
1.7725856938475717,291.68724551528646,1.6066963341595593,7,0.090081573642758,1.3959614928338142,0.10149659922135333,1777.1184640113115,906.789443689713,4.425917473908365,0.04828422707445281,1.0809738186651439,0.5140018598300374,normal
1.4083623427677385,65.91099487998223,1.0850938852347938,3,0.08606772406903646,2.0013216813225396,0.18633621623540492,2454.9848276146595,606.2754497400532,6.963846469951477,0.1890706484918965,0.9500049397325872,1.2705778117505808,normal
2.1751857938168437,57.296986422990216,1.4520774750502021,3,0.14825179513926842,2.6348632264567318,0.21634744320138538,40134.13381250056,1391.5938189297026,4.081957170171436,0.008517573121949406,1.1360894112037079,1.5364315420867796,ja4_malware
1.6086476667573233,73.53665997272799,1.9032339305466477,6,0.24174234503048025,1.4250581346672069,0.29942174846067166,3944.263987546049,388.29898053950046,3.829308183046977,0.04361226831805108,13.860393951302521,8.787619249321537,exfiltration
1.3391832160794594,359.98931887450493,0.6372167845936928,6,0.17914638110377554,1.4693442582073084,0.11244225296220745,1328.5846746546438,804.2656372577849,0.40724464014961814,0.4596471563004332,1.8999770200438983,0.9256209877373555,c2_beacon
1.5864381827955563,201.26274109701254,1.9260988974430135,7,0.2949008460621859,1.3627406747486897,0.25361426910796003,31797.012469739944,1802.5004880735946,3.0960433065232453,0.1617745249576108,1.3830342112829894,1.6807924749478622,ja4_malware
1.759928862722484,131.96718805203918,0.9834319122738765,1,0.2478084671450435,1.0900052665859257,0.2560480195213596,2319.828922427862,757.5108799115136,0.038351617649582004,0.5010405987715045,1.6862035465134686,1.6969261230360861,c2_beacon
2.357552306604457,198.67203707970077,1.0875259550413112,4,0.04338759910139882,2.263750605516285,0.24358783435562117,4169.529201347857,711.2803950573871,3.7278665199969625,0.0819709665832813,18.94770604648128,4.575549214122313,exfiltration
1.391961965223899,453.0448545839089,1.001131736503405,4,0.14569968269080907,1.2682288841017524,0.2978708066167866,44603.30995445872,1562.5336529031629,6.63822637340494,0.1902474599894653,1.503437782952048,1.9474389644187537,ja4_malware
2.4180400287586252,184.33839366280435,0.6420014760057371,7,0.1358915976724113,2.3092784174259755,0.16863269956865468,4685.714172319881,575.6295009159794,0.2798706241992415,0.4263653116677825,1.304551847791224,1.7916842363040488,c2_beacon
2.172678939835417,268.59535830405486,0.6520113309320208,2,0.12698478396269366,1.7290817001862973,0.2941927965254768,847.0931746828021,610.4940356179395,0.15533783731514308,0.9376126400390093,1.9220279627616137,1.7652678989725559,c2_beacon
1.4547957387882087,374.8778458316837,1.2267943206137026,7,0.26338978624315196,1.2193308505370888,0.11567615688425013,2743.8058615936093,597.3756143605083,10.459099971883152,0.23461861153692518,16.048830473043736,9.936635201623334,exfiltration
1.8278641285529904,397.9250009654211,1.1114230652335986,49,0.5272134482386217,1.6804937834480729,0.22891546038016025,3174.9567219609958,911.4694260467893,10.218960580403534,0.1472011776226136,0.26735815414995767,0.70228590318512,port_scan
2.0699752369605346,418.38816485208287,1.4408616258068987,4,0.28961015543134744,1.0362654783300986,0.12011801607000094,32098.074830551323,1524.0610229859035,9.154691854889027,0.09687154745605232,0.40007097915840373,1.2335631199449544,ja4_malware
1.7904330818578276,394.6065520745061,1.4616557567323754,1,0.15282827966601734,5.340527591008997,0.03418589466037381,2569.5929596980322,878.4344284089146,3.9529731997213196,0.1653742444708143,1.6984878740057547,1.1916412171160213,dga
1.5522253690964374,491.1911045398235,1.6764707684259985,5,0.2509699765680361,2.2940419336088667,0.2793424937376926,156.6953305337242,657.8256117356157,0.1538053391183979,0.8708361515628397,1.4247206817370548,1.0038289543418808,c2_beacon
1.326442790045443,410.97085566489284,0.6002386320521944,2,0.1966378178160004,1.5975181412452646,0.12242463269447777,4543.821848472102,322.9300611845867,18.40650207029051,0.2746315051581645,1.7955207545469882,1.2349033999346941,normal
2.2579779106141418,390.28797117671394,1.922317585873992,5,0.196675850399483,2.1850560439826623,0.15235162088912885,20978.138306254295,1661.8011343016597,2.8146870108053372,0.2112328989602162,1.7919957438994891,0.5770356160122623,ja4_malware
1.5646083480664967,210.05124233274609,1.772772761227718,2,0.1101161801070181,1.5542791305616934,0.2975723918348747,4772.91920265252,650.940685744874,0.1655094383155107,0.4439479547132652,0.5247548962715125,0.644888043131244,c2_beacon
1.1460085900362529,132.8352190715871,1.6391925293370855,6,0.24723250236208252,5.773686531235413,0.05886715996615317,4441.231459539836,911.1185339241844,14.006919811441408,0.25178170992062343,0.8510185009427977,1.1473228580601074,dga
1.6777208061879734,22.85180175776132,0.7765970102430265,5,0.19906968059965285,2.9053737890591242,0.27115763513434704,4535.9180279810225,513.2318045779284,0.5365436415537351,0.7191491497785,1.017486373011572,1.9707069977508578,c2_beacon
1.024656693424819,59.3804116184815,1.5342015660058226,1,0.015032923773557904,1.1363077320756254,0.20179113889266032,4230.168359024431,499.55097127838076,0.7385297427150762,0.6396419702764997,1.683571959335888,1.6104931425868458,c2_beacon
1.4488505219192465,260.07053525543347,1.3191527615400003,3,0.11087466028085742,2.48240398187935,0.24721138425353623,28748.297586598597,1935.200381711507,5.4633309817559255,0.03605897362167759,0.46838534449830715,0.8108333779520849,ja4_malware
1.3256583883630273,258.9854015752062,1.640673216221399,7,0.17630521907200053,1.5758007943102443,0.1777826230070813,26474.088903639728,1566.2728838965043,3.7957780867580784,0.005444414307920098,1.9044346830902654,1.3452060115340327,ja4_malware
2.318800036461618,329.73440836880496,0.9290709527605929,3,0.25705811757497116,2.853897999465024,0.16634986249184458,506.38749205404787,304.4272530678148,17.531812402661668,0.0011176524232862195,0.5652556095107605,0.6455455408000377,normal
2.8933348042644607,7270.561222704418,11.388876120538528,7,0.07485005910998249,1.3321634379641831,0.2800022197050569,2670.5388460922504,587.527008977139,10.21497612113189,0.10611147425630757,0.8237525751681307,0.5063190828712192,ddos
1.642668478674028,469.79847100358,1.9498308608057497,6,0.17573244152754985,1.194303654743074,0.1694723157459604,468.0777879672861,693.0813869207559,0.5376948216733641,0.6169994982589104,1.5188454733520993,1.7439267329949293,c2_beacon
1.1314748789741516,320.54718880393887,1.7240840251292466,3,0.19246839778930566,2.6710603962221833,0.11284177031309289,2989.1617792360503,793.8145318642044,17.66633196119941,0.19677463859216418,1.54772753518831,0.8292101438421363,normal
1.0510714807228099,123.97085747799842,1.3485119174990428,84,0.7472577352044586,2.6200270066544875,0.2872776508628033,1742.7877809668905,780.898436723166,19.91962284082014,0.06886129649272539,0.6946933594735731,0.8464556107194081,port_scan
1.5999880507489028,34.80908354917935,0.9092630730046252,1,0.15539699914229071,1.8985634990199574,0.12138103004216581,2539.3121848769815,975.5597811504966,0.37544223982114583,0.49732993222387034,0.8336914786208518,1.5223917119978343,c2_beacon
1.3418350133312624,176.99475557347594,0.8683237687989867,3,0.18151721976346222,1.225060448304123,0.13327640565248877,4504.586697971951,932.6418892842107,13.993050550590045,0.27957829035644316,10.894326710732162,9.168491579882673,exfiltration
2.2557320483448557,76.29371185461837,1.9295460007021679,4,0.036623881857826675,2.1093277079278163,0.27973422009742077,11273.587206823446,1830.3589246593524,15.062013430958299,0.2918577507891177,0.35992180076885394,0.7485452144997464,ja4_malware
1.004474448468605,153.88896587538335,1.235779668082268,4,0.060625235572590516,1.4210708559110974,0.1446016729657019,22280.076089245646,1583.5345455358242,7.926304368549987,0.0005022949133663856,1.0122678382032437,1.5024929369495468,ja4_malware
2.0515902259281247,408.1800222094268,0.9222286705640581,4,0.08201686915015814,1.7820495451630411,0.25329370508411886,18159.737113972376,1254.6442079424937,3.939157685808728,0.2555916656254012,1.275661266290505,1.9394434849845505,ja4_malware
1.65836719045757,341.87082568855465,1.2368861695870492,7,0.019484033762983088,1.24785178550703,0.22461430071240707,3490.5897824035724,393.4470845642959,3.9832151588840454,0.2666363299095115,1.4381067078730965,1.2937643288567928,normal
1.2314342381013217,388.33139676374697,1.607766069029943,2,0.10381914687142041,2.7206917815635667,0.15194845041732738,1686.7523120707378,830.6147582052148,6.492962342695694,0.08269963013614987,0.5200149936453944,1.5858909193296256,normal
2.0223839615689045,366.473037545729,1.799837132337602,4,0.2403481276464439,2.494689046504698,0.1176823753287159,29099.54452004264,1545.6740150877024,14.160880681845752,0.19164042017986224,0.26009212929271136,0.9056405944491408,ja4_malware
1.9651915917721747,43.38187486878634,1.903198556548828,1,0.1509495090560323,2.2514053610072344,0.17149252652725083,21016.10057851796,1366.8948449129039,5.131018744953324,0.24797991066804653,1.9609492049440251,1.3364218350194932,ja4_malware
4.8013596790182556,2648.090147312123,6.6603571810108955,1,0.03419117611220949,1.0228582104630983,0.20403561186687097,3705.5235705001087,513.3700875408583,2.316464311595021,0.19823767315452334,0.5599343952552562,0.6284509288050788,ddos
1.8023178177312278,285.33253337495256,0.8350927825098884,11,0.7405022912241909,2.9614962451813067,0.2317081725815146,1059.8562939420415,512.3027979288074,16.1252777390443,0.259797166228352,1.4731401362688474,0.5090834091744966,port_scan
1.7397141753534877,379.82604693880853,1.7798287692168788,2,0.25610983887943456,4.163802774080784,0.041352897638190486,3395.0959632349072,830.4273689272,3.142025326116574,0.17990781971517095,1.0371177860891851,1.873852999190718,dga
2.144024422238358,265.6251022587769,1.8930126678745693,5,0.21248816631862225,2.0708277337123677,0.27377263896477455,12561.467564501592,1936.848813414546,2.1501883469297467,0.0017487434288713576,0.2518672631802091,1.6929249887108813,ja4_malware
1.9834080189078427,443.67078814728137,0.6682976806886862,5,0.16743664110741363,5.837567007557233,0.06818059635827899,1736.7369945469618,429.856106094884,16.638910065847817,0.27966770848898354,0.29229767882327834,1.01396395638647,dga
4.156668741345342,1001.7802704403917,9.583716606480671,4,0.29427092043811576,2.099017094924795,0.29247597672718384,664.8993189654491,838.5711920511857,8.746190609612782,0.036041164343547503,1.6065871174773558,1.6271267746082754,ddos
2.0514744704691337,96.83395193901373,0.5454705233460728,5,0.10813830902109448,5.089000587920236,0.017446550366251985,4166.354007283706,735.2288081648425,11.714143209826558,0.01653729761622269,0.7195945280454141,1.8038332023887782,dga
1.137581508736297,470.6093152956822,1.0218511636348884,6,0.09697976530953138,2.419116807896442,0.285647729622433,398.066350756671,822.326910430588,3.543892318128451,0.05103732168469503,1.1653591194649244,0.7207458240289164,normal
1.0736079313832079,408.07924877253356,1.1998623339809853,2,0.2207341091425839,2.29834150046441,0.19069034497506693,10596.552907516496,1554.7605386581522,14.894226972745384,0.11836132593870015,1.9099714775539802,0.528928167385093,ja4_malware
1.3578237533427564,354.6900769340102,0.9847150699682863,3,0.20460170145222298,2.805017643783615,0.1254757761710033,4624.554803952837,453.16167614521294,11.050213359220368,0.10842857529827592,5.851364706743324,8.46224598285735,exfiltration
4.544062433438789,2141.9259933717058,9.482052926673576,2,0.18065847621965447,1.3247402076925907,0.17630603410812876,1895.3900721354178,551.6433139096285,15.589546444952116,0.10853530525196248,0.20673637102828107,0.5260217287590085,ddos
2.212377208096453,499.38425133271477,1.3084126493962804,2,0.21744504667406192,2.055272721208964,0.27087855819869966,3955.2548889102927,681.3950235826226,1.2654816689507888,0.20037716101756087,1.9278963548199175,1.665769224246918,normal
4.80495447059123,5113.121027315412,14.236147182928685,6,0.0692581983853578,1.4467077940285402,0.1131842778031314,1562.355881217941,669.3177001841569,10.866796131742756,0.018526514171200548,1.7443498538104154,1.2503112917115642,ddos
2.2972252403465827,201.60419195863403,0.7386464343100452,6,0.22041945342736532,2.9103545489301403,0.24315935402079236,4866.726141300535,328.32944248317654,0.3973838852970936,0.7783536315156454,1.5226513863502606,0.9687867847952119,c2_beacon
1.8282519471477716,87.12143480318034,1.307303504007884,7,0.17281848557412308,1.2978246648634915,0.13755220702827864,1726.0551662294745,915.1525023541203,13.051623735979108,0.16332452281061552,8.588498154490601,6.513408598219441,exfiltration
1.7235127986245296,400.5670996834231,1.2736580861355644,6,0.23477654728020136,2.868771283818056,0.19897045554482934,13843.460752722918,1625.1501300278833,7.015330568542475,0.2514849471152241,0.3122298468096708,1.6888526871419722,ja4_malware
1.7966285255079817,54.73295035682998,1.7945886531540642,4,0.27121273934703616,4.906737916330498,0.039230306276757755,1956.4845473771816,817.7629511004886,3.2151418644818017,0.07883419971435712,1.4675485556544265,1.2789497872070754,dga
3.4107915864460763,2177.6026744839332,16.755835912948477,3,0.05189604241484479,1.87583171401016,0.2639940531271461,2687.4353408760253,880.6315656346022,19.469022174241804,0.17712345222255382,0.5907277545990073,0.7288634218400338,ddos
1.4202909270564668,207.30378396824915,1.0789450314571667,83,0.7510539844520332,2.5693771055408625,0.11622182580948248,3632.1347879731256,399.68290270040217,15.869419242537466,0.24451550665357336,0.7063798071477518,1.099410441321806,port_scan
1.1653949327062711,88.91568061682763,1.7165593936644965,6,0.24572644953984193,5.3861260381303655,0.03825816428568115,4652.276260280801,491.6249999977501,2.3239448458141494,0.13382364508386219,1.1677921830134632,1.9113657931340762,dga
1.6155410276880644,184.93826218214483,1.261054498010099,3,0.09153221327621232,1.3778794289187604,0.18306993375397287,296.91504131700947,808.8309474325896,3.3726977030839653,0.005169380644471933,5.12669649880128,8.233508739267394,exfiltration
1.8018104465994935,123.29079457125079,1.1151779875193863,3,0.13917245164305642,1.8209299381533426,0.29998183170458825,1587.4536992794776,662.6420619831349,0.48301659626455906,0.6951833632605438,1.7617934428335698,0.5760298113301491,c2_beacon
1.7365469895586714,385.38321820775514,1.8011915705408663,12,0.6078471238701182,1.0460450031446802,0.11701044480172976,3979.1091127045192,675.9864577691276,16.297030796027542,0.20909567467736445,1.6061494995099983,0.6511380319335414,port_scan
1.7864164153441637,376.20968724738304,0.681210665194373,4,0.16093965025272322,2.7509844582835257,0.17717841052109218,15103.2803122712,1853.7537242725089,1.4615915804247224,0.1826364228604489,1.0743073982067368,0.8527047991702577,ja4_malware
1.2419463381496796,175.00996577002022,0.5258249497722693,4,0.08776673907945577,2.307433019116139,0.17711045029525435,38400.738467813484,1631.6611160595485,6.818189725559661,0.14331169492951082,1.0915820530485862,1.221246481402993,ja4_malware
1.753628736341086,197.0685266869144,1.4283513656569429,7,0.2907198022440708,1.269011331522885,0.10100010910444719,3731.9564523500226,781.5307210965957,0.203049242542163,0.7540907380503006,1.449540969250907,1.9362188340269393,c2_beacon
1.3612744225433266,442.80369737418107,1.1290216493563285,1,0.2819662968270972,1.2820171774407434,0.2242653344376373,22706.33021047964,1682.3255173755806,12.781207217993455,0.2269275997173099,1.5602533788807402,0.7297044013347596,ja4_malware
1.855285674299323,134.45198620080515,0.671420176665211,1,0.18492091117283832,1.1442410659604043,0.2897460269572777,2915.5724215276164,823.3212779857187,0.10771918241766873,0.41462003788799484,1.603254806805324,1.8543723488435937,c2_beacon
1.2328194886616364,424.7744826732989,0.5736764656250601,1,0.1691587210413942,1.762615076912869,0.10537115538528559,3041.339078816301,806.5748356022858,5.646694022431591,0.2044832545012217,0.3900178325254222,0.7041084677501619,normal
1.1049990320379246,115.78602686883467,0.5329260087073977,4,0.2495176975809201,2.1173310745226708,0.23465288292774336,34576.72298563877,1260.5544229717045,4.551381274376852,0.16110288647598855,1.2828236984621584,1.6826281893329913,ja4_malware
1.9854277529818978,341.66545671439656,0.8012764183920408,32,0.998573043919312,2.244405522157022,0.15577084142496397,759.0215571254906,483.9745843082683,7.3823378996974895,0.048155735440320334,0.3093960510002793,1.4667531455269858,port_scan
1.1059530587738458,463.7579664761198,1.0353014303612011,5,0.2703351404857429,1.055297518750214,0.1972552421059683,1375.5471028568982,593.2168526122482,0.6164664580780598,0.6245796756497888,0.8231728696083485,0.565285949375109,c2_beacon
2.3966601379346826,307.2285681949859,0.8334400102858067,49,0.600512917626673,2.6851409386087672,0.19634002468660922,649.3410169644417,382.9737962621069,17.13144370850879,3.263888503035606e-05,0.5738634901394011,1.7667411846166738,port_scan
1.7010724023329373,111.44006534715787,0.8104777394612597,3,0.07736820274433824,2.545011612044827,0.11214143692038235,3414.329505914705,454.09175616316645,15.740785266789537,0.18993172111939063,1.784944957446774,0.5640858448706438,normal
3.202340241037045,9020.245396630045,14.148280009086463,6,0.05858624384194115,2.234997863637001,0.16065997497731146,4590.006298076383,418.92662532112615,18.22290000004264,0.1292397594017442,0.9285673845026188,0.9151665877962039,ddos
4.982770164671573,2860.765557788057,17.118555144722777,2,0.03306756145374756,1.5480419490837043,0.16102461261882167,2989.80067051497,474.5357960177965,9.8058457437609,0.17752853714754596,1.835008675841806,1.85417263237822,ddos
2.299535934677099,63.328644235360265,0.8903862344386353,5,0.2503347304378507,1.5637175957124936,0.1081721745063698,4233.971149519301,466.41890185692125,11.542313761188979,0.15770329327032373,7.037766405117753,4.377052409843328,exfiltration
1.0002025630825269,210.06729893178036,1.8472290144423866,3,0.05472361772608534,2.069873883005819,0.2567730921436199,24748.784466468456,1700.7392315626678,7.373971331516422,0.008131937489228224,1.7881011114641625,0.5058080159520012,ja4_malware
4.348948636085275,5431.626156480506,14.63892626414338,1,0.07936395840522811,2.7430246441555295,0.12630278535112524,4574.927982271652,404.9698645298858,12.70991533177077,0.2034335985976275,1.8218740665296211,0.939154692438537,ddos
1.4172379483647075,43.93995227117356,0.8701315935526799,64,0.8737630771541629,2.9388555765511097,0.1575661244870184,2060.9765465370147,313.5445341121912,14.204203670866795,0.2067330198156736,0.5046627567268179,0.6153057664813175,port_scan
1.6110370435290666,412.08674442799486,0.822707407647287,59,0.661497485644533,2.6173887204344046,0.1378966871683391,807.7396447570768,993.1098956494855,16.37462999216151,0.2508847533325815,1.7537270119036024,0.5816195374336015,port_scan
1.7732578576143279,208.3318019624934,0.625037050507266,6,0.16316739994843885,1.9327005260009458,0.24357373482180458,47361.417402687744,1285.5937422677828,1.729721635612008,0.10147407273656678,0.8412905952536971,0.9642438719996442,ja4_malware
2.3510017670580865,217.19434729759632,0.6570655466954717,4,0.14464658162342112,2.837474306796913,0.23422320153010975,4011.8769525753064,836.2033802834135,0.4616791614414146,0.43768458260558235,1.6514459488587911,1.401218291995237,c2_beacon
1.167677115708436,425.577904245667,1.5686352448370822,2,0.2833345784253418,1.2386399867288842,0.11022818012017035,4896.938084093222,850.2644097046405,14.834716696596173,0.06201052566086913,5.405696488953692,5.263858209809596,exfiltration
2.442757468752413,1675.6857596856476,5.80959847528243,2,0.27972421909359974,2.895287078961921,0.24192009189974392,3035.889734640863,446.94785699508213,5.661295579384552,0.1842993524580425,0.7013118038376256,1.9023923372267864,ddos
1.673765164430216,122.56066728222501,0.7330877102049425,2,0.033797573149544076,1.3146849130088405,0.18880438051928367,2520.7761745858525,965.3178108211466,0.2930702975036839,0.46698005096210876,1.1580814316289185,1.8851420392574958,c2_beacon
1.6421339138183557,12.723951831078939,1.9647261974776054,57,0.8926070344980077,1.074467970086576,0.2677833941077009,1892.4242855333223,766.0733081608455,1.5937783311064497,0.24945728491791827,1.41549718906868,0.9201633775411922,port_scan
1.761314585879601,218.53173185998452,1.2040522864525656,4,0.2686642665510392,1.8506628793508744,0.27188036943672245,4199.90936273434,662.2594848769933,19.011716907677336,0.007270934673887652,10.424505074139635,8.632212251515483,exfiltration
1.080629240828528,476.5659096228773,0.7628799592757862,1,0.08846538743987832,1.5397850359326186,0.28414737503021625,1245.4977957342778,877.3426027019203,7.128691401060422,0.06143642989959432,5.894372576346337,7.522459057575725,exfiltration
1.9188846943124442,368.25119607692136,1.7313435376675965,1,0.07589918852453431,2.5499129905962095,0.10489151935683601,1059.131139180653,677.8801057073229,0.37115125340049887,0.8983867703063165,1.7484913968489044,1.5107577454725187,c2_beacon
1.044866603805664,348.3511676582396,0.6244465204193776,4,0.15716755202251007,1.913528034586832,0.13736763417451886,384.88854388010907,361.57136058153014,3.221728176579524,0.2275794482457965,18.053470559888964,6.329854523572404,exfiltration
1.1073944851386042,137.07897506993146,1.3045148090820584,1,0.07699982832544923,2.342212774539804,0.25561284626787373,1892.8529664934156,939.2265372808159,0.9143546506960912,0.45871280383537694,0.4286522830239522,1.4429633413359948,c2_beacon
2.7086086681126678,4525.78996645763,5.923669148597593,7,0.11932846757468243,1.2572555982425793,0.22516678306127685,3800.304602034082,658.076985186704,19.632885466803543,0.15252103696140598,1.1366583855809431,1.1174308254978027,ddos
1.7423286015280912,411.62661598536454,1.0097439751957635,1,0.1893240510475204,2.473559081239031,0.17870092264064846,2243.5288847047846,983.9093817656435,4.348120977049385,0.27398922347173166,14.107143791759288,9.945507885122954,exfiltration
2.236848605666335,9286.607366939286,18.130330316862178,2,0.05031788728846926,1.8029653554463494,0.21876124130508964,3984.4790582282526,849.888847534045,10.813380839243438,0.1389330654279161,1.8251498672086113,1.3421451737019021,ddos
1.7010667613051014,282.1385487933943,1.1216270691471684,4,0.2890314569724072,4.657780832860551,0.0656011599061229,3609.864261951104,420.475383663961,19.619107504808586,0.2668566594640379,1.4706977507356225,1.18676409945065,dga
1.2789283240302602,418.9799699383454,1.7705237806919683,4,0.10874107076942117,1.972518946002019,0.28766591070001757,41830.54826073945,1227.8286597977428,9.444454225965014,0.10397354004437843,0.522802579761757,1.6143284409553973,ja4_malware
4.10669686748495,3346.174999126927,12.653986619532068,1,0.1084265377675936,2.920046515900148,0.15984602012033128,4056.20604622808,413.1830127129252,8.741040244651728,0.08655483111147845,0.4214778430537825,0.5906410035322387,ddos
1.6095802921601057,270.39141009224306,1.869007752883304,6,0.2886599965604106,1.7534705564170934,0.19024305883145315,1447.3572818018708,734.6452177958854,18.8546847124332,0.08981110300628964,1.5366243111601725,0.947560985997699,normal
1.6346859006921086,292.67254110187565,1.4574040184938943,60,0.5212894536459347,1.515181988377998,0.18066715084329277,112.6364885419844,905.7605229984838,7.007989378756072,0.10161937771144015,1.6476234886817431,1.5011828036911739,port_scan
1.9329264955012784,254.94683973757193,0.8067733603369815,4,0.241550470557664,2.6870812798836337,0.29261041868387194,4728.254462391563,458.2488402338197,0.3856219697472138,0.9466599564502908,0.9740120648936705,0.7343205358853317,c2_beacon
2.4589066761596277,3115.24754710448,19.99570512657226,3,0.02664302603572356,1.8626086622399485,0.2720402725737445,1701.4899071271734,516.7705929423389,18.70239758526351,0.2841423119719987,1.9737581321578164,1.4452782531883943,ddos
2.1958396977309973,105.6423892098093,1.2458838643064372,2,0.1195649278175438,2.7403594634675352,0.2305016378807184,1694.3780682595338,427.5943502430068,6.0909351759298875,0.1799932706004985,17.712646644794894,6.800804842227702,exfiltration
1.168951864243092,148.50268824420257,0.7159377255416861,4,0.12119223191467854,2.5864011891287957,0.24026721718781247,2940.7820177319745,833.7920551517365,1.0351000250547644,0.19140586960084116,16.317051526934353,6.5193326742406015,exfiltration
3.407070294441719,6579.106570220115,18.143327239917383,3,0.08007249288929043,2.3515275153710826,0.22017521209569801,3910.6064213532695,431.5238695376559,3.841013167479282,0.018756104843732666,0.6075155310512828,1.603317652486638,ddos
1.4322334212736925,134.29560821529594,0.7408824688773781,7,0.009320880020951982,2.8523643925497266,0.1534599337621194,461.18913864709407,615.4854107071707,2.431282586468365,0.21519321561192128,1.5538488901920626,1.7842372437382523,normal
1.8585644847290097,17.319814685037798,0.52123795223587,4,0.21924348013927308,2.6954994399753716,0.23068267045539842,28218.288439747263,1300.9717043889261,6.020284727233106,0.2175423044479608,1.7595442036421132,0.6013608765975228,ja4_malware
2.222200101886415,366.2377551229445,1.221910830218578,7,0.12630491131344368,1.411641546570328,0.2336326615884865,47634.26039164977,1316.4310368345186,18.808913726458204,0.10469071718871543,0.6328871489198928,1.7002633030817533,ja4_malware
4.487046118414698,8514.490034267785,8.104772219149606,2,0.12382645531091585,2.5300359978639495,0.1597606722915958,2907.92332498767,733.1573591363242,9.637738657214669,0.015178625406706836,0.6426462727926758,0.8390105901517908,ddos
2.1950097470446535,8004.695110405896,9.56107578127918,2,0.019010394015218656,2.2801046184072726,0.12712835373517245,2715.533364711605,456.77329607104485,4.479794264386749,0.15354894026355653,1.6119896981477317,0.6555745930002439,ddos
2.0665788535644625,2778.686798764723,10.475419373577036,6,0.20430508998809255,1.469250645816292,0.22919971411559306,4309.053173638491,486.89122058811046,18.653941677872826,0.05638741138918861,1.2920798485634115,1.387580787628934,ddos
2.340169959546795,108.96972846750296,0.6783655220509408,2,0.18312123275229217,2.43670112634631,0.14152743441878396,2832.2330965147294,710.2765687400565,18.13713911345409,0.1889363324174755,0.9972453136044868,0.8716691216595418,normal
1.832278704087225,177.54419988737357,0.7202956022321063,1,0.04501187347446304,1.9742308398328434,0.19124946147753635,1567.611202345765,577.1388753284916,5.883380297320698,0.09719386402554492,1.5091554073293758,0.8962109953721821,normal
2.0515909697795545,493.83301883183236,1.935077672510439,7,0.0043470402584376506,3.9873621135118182,0.02065736200727674,2175.401043633793,331.79813570330293,8.886483182030464,0.022726723496152356,1.8531919003072035,0.9215267459831475,dga
2.326218567050226,131.71913789416925,1.4266833627583748,1,0.28111542920115207,2.065480854675756,0.28454781916503347,1295.907616086633,864.362042106087,9.442957090126415,0.05164736549091089,0.3749827480128911,1.2474857361831357,normal
1.267442459717024,140.9795272852755,1.7996924323218388,92,0.9535898555728368,1.7155440151751415,0.12842309534493268,4069.694063103457,305.18658135482036,14.917450950895429,0.24358196365778995,1.60917832545805,0.5665482502007193,port_scan
1.6587974151721108,170.28612163309836,1.0507582454444648,63,0.9367353687309052,1.6261160038134121,0.27759718613884155,301.0642271880281,871.6523801433356,12.503651141183697,0.042026951018431846,1.9327040672112694,1.261207588110342,port_scan
1.2929257392505726,225.10851177051757,1.5401717603277614,4,0.13939683668390193,1.730430210740391,0.13114606305192572,3196.8352787156796,765.7329710669937,0.6033687300997264,0.4602365656670773,1.6283953537184168,1.0237292404225689,c2_beacon
1.1502001332205305,445.4802913792056,0.7335479391588178,66,0.6651827404833628,2.7631404025691184,0.1294373307871828,1026.3636901600435,739.8001061421426,16.368862390128413,0.030417012662953245,0.7213677489762729,1.0392813022042537,port_scan
1.7990834140986103,123.3274644465576,1.3476168659460583,2,0.055944988426759164,2.717932499386861,0.22219173568333972,1357.7118714966211,701.788945706742,2.5023143699911587,0.04485352184680168,1.418129533080944,1.0365975131236023,normal
2.3191241305794383,276.06185737801593,0.6650114600741983,4,0.0665905436053855,5.555857187167977,0.020296146432660436,1414.6060523088847,391.3407725033292,5.637890147642267,0.04936788904623117,1.6139239723986711,1.9315515082324175,dga
2.107050794754758,284.72507986861046,1.0729787491086853,4,0.015312521257413824,2.2932376206805314,0.27570105278786616,4226.284058837,375.21225884894415,3.522451376297958,0.2703626926876849,10.671797295788586,8.267751820931531,exfiltration
1.2607016274496308,52.37825870310451,1.6927519564221036,6,0.20544904819238963,1.3897651016497643,0.2503702899891584,28929.245109464344,1260.336119305498,13.109065727020695,0.04042328119894882,1.075671961989906,0.9694294813228282,ja4_malware
1.1699758119799577,214.11968316898015,1.517285743086979,5,0.02431534592561634,3.7936760167231434,0.04923738367210037,2186.023800925322,599.202471016821,19.768678067359424,0.18239786571803523,1.1060127941036582,1.7732159289966918,dga
1.3488549107933105,496.6114451459482,1.368466287125364,7,0.15121917196936527,2.493463429676093,0.1488951684971679,4532.081117055291,413.0855085158356,6.210532872281433,0.09061537782475555,0.38215900266819436,0.7317720622342212,normal
2.148409742261228,5106.698655236284,11.40904884199777,6,0.0240840980987835,1.1803939140162445,0.17568786637756356,3578.513327075124,688.9291140921069,6.944935396461736,0.12391854882952431,1.2444215804765066,1.5357696993810568,ddos
2.373564160065998,331.7465378844565,1.0561464269288945,85,0.9860930543939965,2.4578800045313036,0.26532626978021734,182.76518183344302,827.0580166088579,18.6893994451741,0.11848330047241247,0.297905565320123,1.3613188547168242,port_scan
1.7732181781017804,384.42007815401155,0.7521906601263619,1,0.13625232993102712,2.9244162276780363,0.24373350978545796,1819.2996334572438,641.9927660250685,15.46213541571471,0.27097088713228823,6.256470194749544,5.787078698797461,exfiltration
2.0549926336809543,484.99549466283406,1.400823893878108,6,0.15970442120031278,1.9572779896794148,0.16823226125846874,45217.45985458237,1569.5402884261684,13.09386198361496,0.2994967880633905,0.9419531621279116,1.0768986596816519,ja4_malware
1.4389859441782826,147.25081528904312,1.1220592214039469,6,0.15962853390878703,1.867200702953935,0.20626300570879974,20100.76190244012,1604.0869824287995,1.0920274672309656,0.19907318949887434,1.8372262404414825,1.2851146708299814,ja4_malware
1.3678436750602234,269.2949683681624,0.7411731140135612,2,0.22000531856625355,1.618874652150826,0.12055579589852124,45183.204965633005,1413.8987560822634,5.122184637436715,0.14873832072445298,0.9867619311729432,1.0801785806154438,ja4_malware
2.2847441792080754,178.93222031180989,1.7987159001770603,6,0.15180712184477899,1.6068693377936152,0.1470711190256971,1279.2825992817725,811.1968562726004,0.7648616508146105,0.8026001104591344,1.6224344506734452,0.836989646780991,c2_beacon
2.012083326480926,364.0763743063172,0.8212712282393209,25,0.872153370301206,2.0633626313006346,0.2766168465068871,487.28353635379085,536.8000537185112,3.0980847076696874,0.22899333390284668,0.5941978140824494,1.7458872827924212,port_scan
2.0467254328606375,9792.079513274171,17.641914331733155,5,0.22426011724315206,2.5961608752387315,0.10928071216583231,3321.6975714520895,628.3923983084612,10.05440275485934,0.037974589540736736,0.8219216215093417,1.4964868733718535,ddos
3.9103250603150914,6921.497280021998,14.089009943352119,3,0.10334886562368113,1.8176944662349106,0.11896460026078902,2077.9279744659216,991.1600482668583,17.497291814424987,0.19265248819433908,0.7219289451993329,0.717617647879611,ddos
2.0577480679395026,31.878053597396654,0.9252811498988438,6,0.20242510691406698,1.8722728452982107,0.12380482999643372,3621.5793903721697,314.10113004762155,1.2320937953916653,0.24443260455545748,0.22206224335704897,1.2631413233287696,normal
2.4820108492736193,134.3263475917433,1.4093035650528,2,0.10169062559773194,4.476841269062792,0.03671016653060103,3764.1718884113734,382.6911136053599,3.045307070792742,0.10815245152764542,1.2627811500087718,1.5997919910125966,dga
2.3829978149745297,373.9724425479926,1.9583253428021945,6,0.28059989973474564,2.4107385562617534,0.239049020360174,1237.885343324483,653.7735899388952,11.313951089564418,0.07557032714664887,18.628136569572312,7.199443134521779,exfiltration
2.490516869077415,206.93102891701034,1.6271843019846466,7,0.09580148183999508,2.523894244539894,0.29754790681065557,283.50890644506114,536.9029506863278,6.663750049364053,0.021315319249139774,14.418210198435531,3.762913179567884,exfiltration
1.0021904613229777,383.0676214859058,1.8910694603214164,6,0.24705786137258637,5.183601706559357,0.03238849322804472,4179.332510125992,881.0547120465884,1.796370232472363,0.2635449837251089,1.8404014037553726,0.9039288597923654,dga
1.7799129520138546,32.80534999311446,1.6914853756415829,1,0.27576825264379656,1.4843244296825815,0.1784634564837441,35898.19409639969,1890.3408756474425,5.159854926150723,0.12359637966824155,0.6506917186028909,1.7760007980400898,ja4_malware
1.8167804326853403,440.6698365943307,0.7806521842178511,5,0.054601014979826,1.9013686745620668,0.11640501773847856,4818.023908637841,931.3682142004684,1.3493540067919643,0.03535850976332687,10.156414506970634,9.237156718721241,exfiltration
2.102547328299943,2339.4043200033707,19.975794932584193,7,0.019027379791001397,2.9535234756329443,0.20220125029247749,4089.7903617449124,348.58455580824807,19.978562105521487,0.2611846182955282,0.5395655664396032,1.156235141213536,ddos
2.4068473843151064,247.63789612561797,1.7040623484409525,5,0.009994763934359429,2.420510235066575,0.2032393022558212,330.45796731893677,367.21640483102715,0.40832888386701804,0.6370762898403552,0.7602744083036053,0.6907164288318262,c2_beacon
2.106321823785218,213.62943698407182,0.8226632468924228,19,0.7461533408117651,2.281779431319306,0.23900455021352504,897.8195385430579,853.383544362363,12.556431254671002,0.206728950048694,0.26471584640357976,0.6028173168850677,port_scan
3.808610712845516,4843.2893490561,10.046852577498383,1,0.21936370457946405,2.130135566508426,0.2814904633671812,3497.8668686795936,853.3152962015199,16.21373645776149,0.014900383066221167,0.2213543511934895,0.569799214365734,ddos
1.684559679593249,341.4635427112599,0.6920270213670034,5,0.13993026551640067,1.368416126635551,0.24803763219922895,197.93729484350916,471.7475831523728,4.120808299474928,0.20604111358022056,17.847044061515202,7.549204862582233,exfiltration
1.6243936385547884,187.15267853320768,1.8991694294854737,4,0.23484616969459354,2.1712075229311596,0.24121971647855203,3997.0849663859813,574.9077897387007,2.711045717861035,0.05945136888673068,1.5538971203559928,1.8149858672524417,normal
1.1915215126867489,158.84209424880686,0.5888269318449291,1,0.0757822525438857,2.7682912808280316,0.17940567503578722,1098.9878686965285,848.580555992806,5.889937856612578,0.006758616751468771,5.827041263055796,6.032614610500882,exfiltration
1.0858479102298906,296.2716514299969,1.6698047658084676,6,0.07701652846054986,2.4912959824757155,0.10087272430294308,1462.9951910721134,757.7910398257818,2.473481810967861,0.15126309050365988,1.5579761496085647,1.057253560740084,normal
1.768354493411946,114.60289327851929,0.7681776016845345,3,0.05066846262850724,1.9150100862008996,0.17030963387933631,34933.01528588521,1521.822670399544,13.058461190065465,0.06858074721698203,0.41969175377558476,1.350065864732726,ja4_malware
2.075448503270699,6895.317295907737,15.2256305499412,7,0.0983891506217391,2.4559087333449554,0.16672392189850874,2461.896856860555,764.1085697874862,1.6595523216529604,0.023003955965531318,1.2665677679682568,1.5641213816631447,ddos
2.3873228955048615,6685.489499480804,16.822617884673605,7,0.027280446323093576,2.0022936798659217,0.1501197072830867,4972.283786704836,926.7022720030803,18.827652338837986,0.2881136182671065,0.9977048476289485,1.7545930388536333,ddos
1.7650763819564697,393.69306209902,0.9337741123411865,1,0.2910600010516892,1.4524157187245854,0.18924330838431555,11104.99888762916,1337.0356080329868,8.225707458424566,0.06484131513428552,0.8468737135918147,1.3902970458965316,ja4_malware
2.6545018910466793,9927.49434994126,8.322345324478237,1,0.21262984446595046,1.773153190554631,0.28093500955790307,1740.8306279767626,745.4589009210621,18.024917993134512,0.22099518471008803,1.4002447424554314,0.823146789629473,ddos
1.8442462726566753,142.9550893288933,1.5016079503660547,4,0.0289559567209129,2.3018927525676722,0.1850919396103032,2641.8914025124523,430.9603414535828,10.071124742570792,0.17766910696299268,9.56585643747662,6.941532546707082,exfiltration
1.2831039589298316,174.9726096650327,0.5109722739453642,5,0.09298782634041279,2.312390396234518,0.27319348625094086,19980.46157349313,1610.9329495983723,5.908219635449055,0.21716407701018509,1.5518226375984108,1.2782375115751263,ja4_malware
2.2065877419206164,301.8997495960064,1.0595908813370796,2,0.2929581199245437,2.393449890549107,0.16749794127688772,4118.5132494401205,754.4463186073442,16.606108590225823,0.14639284946479414,1.968015493218148,1.4387649310654795,normal
1.1510331697693208,62.242121439480584,1.7458733797588784,80,0.5145870545768516,1.264794841702037,0.120661365185771,4511.715112353993,549.6353732740159,1.634607898433047,0.15933039936234486,0.4989313411164091,0.8846063037102092,port_scan
2.226616396269419,128.55461355623447,0.931658869781351,6,0.2750318222172639,4.595449960022251,0.05938892559363714,3277.572481334597,577.2371929501874,18.919168228619068,0.032155305409553234,1.192806990919794,0.8508694790582776,dga
1.0119337233769568,368.1750114704688,0.7201005814722257,50,0.5773978972919138,1.223414759550317,0.20148843358966428,4616.2328508642395,313.99793268549485,6.805111810229432,0.020676405473829474,1.6290062973120762,1.9004284116182952,port_scan
2.4383203688636206,400.0539925920854,1.7164443533598828,3,0.2557868157118349,2.786260612140065,0.28321166626036554,1707.5485985486116,835.3690638490881,10.438017833643222,0.22765927207778588,1.6240396220471869,0.6747209238998149,normal
1.7810086037073067,262.1683776370114,1.7020841507640845,6,0.08250931218907585,1.3789825543744316,0.14080262931080817,639.8332210200524,580.0465894925132,15.373801485261477,0.15191222084596878,0.7862506575276518,1.7611671484106481,normal
1.4817705622320316,378.0911472914554,1.7933313379759208,2,0.23226414551575017,1.7084350479315675,0.14225903296617443,1876.578399036864,998.1810222363154,0.9024606492349523,0.8368504029653605,1.7733056399208549,0.5822033325348387,c2_beacon
1.3333414653943836,270.40951666172634,0.8569573935706264,95,0.6304593146761618,1.682411737845865,0.2527875456394175,2685.4270609753466,748.4948895557059,5.5684782889889135,0.2881712067154634,0.27571231509049593,1.625194835491381,port_scan
2.1260301239131016,6532.358558847154,18.152402342592993,1,0.006948052359800716,2.5946424946969735,0.2396803191386758,1954.5137297354531,551.564521730515,16.186455254571598,0.12760862407054244,0.5168444576643931,1.882708641114196,ddos
3.750759831778951,2878.2017330364615,11.332211781135872,3,0.11691644936953437,2.010964374495506,0.1402626370077588,1929.8624608149232,568.722935758297,10.751564731310255,0.12968832779766987,1.497091622534969,0.9320620180842747,ddos
1.6596265706860902,491.6171527710498,1.6625351368472963,2,0.19615582184929042,1.8335403577890967,0.10131384555302758,3489.9862013070515,331.65849844296787,0.017442172834313974,0.6174666691490427,1.1889848638398377,1.0533829748767525,c2_beacon
1.3595690001541432,120.71249290300744,0.5122916101970554,2,0.04600035572350801,1.697960330036143,0.2548293698639742,22531.82130439909,1814.8000797875784,14.141749250449775,0.22608914717181278,1.7704289242120372,1.7001819557846967,ja4_malware
2.9758214030343018,2852.1580740851987,13.329840398126956,7,0.16589853609230865,1.5572431485072793,0.27316585750649836,3821.6232279461833,692.5073989437651,14.334733782447996,0.21586036168851896,0.9510525802717535,1.4427662938891603,ddos
2.015718476024227,249.19624133527037,0.9531026991696174,70,0.558542953602063,1.9206588187745475,0.16850620076586845,4972.692851892511,962.3286776766836,11.344355967852298,0.27597455226479584,1.220767490246434,0.8154109915562867,port_scan
1.0874418727236488,221.50993023724192,0.9874550754142858,4,0.2055165790487319,1.552172976631209,0.11761148595648507,4354.295367216999,629.2966787747591,5.866122377495344,0.09114713936755313,17.909890829012653,6.184409080950934,exfiltration
1.8739723085401119,269.7839290782314,1.4075582254371866,2,0.2495722993886478,1.83904502192469,0.13797763504970686,4069.294566405413,494.3098257859266,2.200575711440629,0.1538889511330694,5.078412589495313,6.90322634477108,exfiltration
1.5458501075404107,441.5313924741103,0.8348114225665917,1,0.12915666112143934,2.4577023771241886,0.12071327224098248,2851.1405403963877,846.6529174853458,0.5870787868683791,0.5715924014967994,1.890277232286753,1.2540451618187018,c2_beacon
1.925958920728198,393.1746614143778,1.5688473823177864,5,0.04593394948541598,1.3142429275893837,0.2490534881281205,830.2094058598165,577.9307390448921,13.178590895159562,0.17401027251701964,5.2597538156899235,7.806678140469521,exfiltration
2.3583727031573343,364.78825892145755,1.4229132224616068,6,0.08666631245287502,4.223424958214733,0.05966881176330268,232.10162045269632,812.9762347220486,12.854890001883653,0.1311821266302886,1.7991601925021843,0.8829140331225674,dga
2.041744499093027,14.889253004355753,1.2377387322243576,2,0.050530013707265016,1.6217132719537821,0.13661235446725215,3434.7628686960597,398.2905167494745,9.527425913859926,0.13571182055888883,15.381035732533912,5.113096317514025,exfiltration
2.0912442299745715,18.213758458246154,1.6708175480582925,54,0.8049444726156563,1.9524043891337997,0.2696504202908194,396.9117971706463,605.9830064332432,17.018069710985934,0.01079083788584142,0.5211663172369718,1.9892778681004892,port_scan
1.2499173635701692,39.33529418196224,1.540703296204653,5,0.28240099324813966,4.542089776198307,0.02062174188143351,2716.6534107749176,909.8102103983464,3.2477592552462413,0.14340627992793176,1.0948639553763335,1.356775849179276,dga
2.1675752456106427,68.63955237379822,1.4899935782017268,3,0.19154025832942217,2.7381075725540054,0.2508181120371147,3550.182562737447,854.697570234625,5.020449047619994,0.0018174351390755183,0.8873757419038824,0.8351669250947582,normal
1.1895001248362114,296.5108051947305,0.7372370622009704,7,0.15937806814901792,1.3685074935869392,0.27198567488386644,2280.3419559480517,509.741435605721,13.730684201532885,0.11039449374752036,7.891431894658583,3.7463273564745228,exfiltration
1.6174808064402328,441.71034100181487,1.6611135935830736,1,0.12613508630532913,2.1151868541728414,0.22886939218955976,30954.4712054172,1739.1434244179031,19.72847243273679,0.27033107282025426,0.6975150687546132,0.8517094620548156,ja4_malware
1.8762318593740697,288.77662753090164,1.5120862180983834,1,0.02874762299594281,2.813201754435095,0.136766527432685,4324.391709917313,752.4907407560615,4.530958058432644,0.29782192895410536,16.223476308282017,3.563240363967692,exfiltration
1.2529456717372631,458.5404344368376,0.8869088744535021,7,0.043542355733406375,2.2703141795307054,0.10837311582000478,2823.0101476842,377.9454425314946,0.5941628874616263,0.6415869092286165,0.29936994564237795,1.7737153387022802,c2_beacon
3.189975656606393,9167.390908546771,9.151474166800114,2,0.17293440591606665,1.608579656952732,0.1434632623968785,1852.6218735474097,843.0754223893334,11.702019150714142,0.019645019398316487,0.8783741692815932,0.7846442702817993,ddos
2.2731284727244656,316.137329771877,0.5974314029710738,5,0.12765630124369262,1.240338290728981,0.13648996687124035,2977.057062490626,543.9187555509786,19.237553922372957,0.05783168096039517,18.93311868304946,8.105055874218273,exfiltration
4.289806838917557,3939.3885449297627,15.389375695714481,3,0.28125973344376143,1.8745231514762128,0.20354940259239193,3860.533307736351,942.5766422809418,8.160751915022317,0.22656962105267583,0.8465640194423594,1.3167982962229088,ddos
1.0211585482396537,461.40598079469777,1.555774135871806,5,0.22440292346249585,1.4065701266957285,0.2067523734181823,136.4776922003208,601.358840867285,0.4194238691075116,0.9329434313148522,1.4252767232171522,1.9751862075567,c2_beacon
1.9909312126541083,411.06347016018015,1.7645213651865572,1,0.29995332154397364,2.7095016612880265,0.14444735469094225,2236.7726859971,938.146257816511,16.233725598443165,0.27322703104013146,18.854631086240325,5.64097542140196,exfiltration
2.479947317386483,194.83093161267192,0.5605988432632447,2,0.15954715673338027,1.857185836501833,0.25220431459629933,402.87860925140535,314.25793157906435,2.007615061765805,0.1500108644812919,1.403650573118155,0.8703638571911978,normal
2.099075635038469,491.40724022823423,1.9611932305603856,5,0.2570510374369185,2.501549197881584,0.2737832819882767,3254.795700984119,835.6208956186597,1.2430566864934818,0.18043719706423736,19.112166005508797,3.1659994197741366,exfiltration
1.9250073719044352,204.04360994821,1.7921232745891569,2,0.2905584706448546,2.2728186488954565,0.2688667652180584,2679.787767133826,590.5684451217973,7.932101696839676,0.21726879727215892,6.492360957244605,8.872302377115817,exfiltration
2.0229918953719848,261.644903362057,1.0482583438063608,1,0.024394322406344992,2.0218636057911725,0.22163614200626758,1437.6024288771955,617.2235186417388,0.29363018738071,0.5571678463129086,1.1058610258006838,1.5357346418711773,c2_beacon
1.1857809042120615,352.9002206991522,0.8767501626255143,3,0.15276091132219097,1.8211745925656517,0.27583993806873464,38143.56679249768,1833.4684927832034,1.3265325824530758,0.20835637122907957,1.2268593815850102,0.5207398228483058,ja4_malware
1.643169621238044,486.1974289757142,1.286968731736243,3,0.03372674913930231,2.1954663201994835,0.22212936275507156,4229.175364605512,465.89185432922835,0.761804599933202,0.9304824456349191,0.4720868098696547,0.592515374979164,c2_beacon
2.970319001944845,3977.316919477301,17.779094070948723,6,0.12613793287523292,1.4356657573678333,0.15588456899408615,1494.327513721208,461.5896202981365,15.917633192752495,0.10105815381821358,1.812127571439935,0.64497580598635,ddos
2.3333989582453114,129.91862861156,1.3976234341166027,4,0.2498616416109477,2.582635338907232,0.2907625164561968,2169.54233106121,581.5222888738381,13.404075062614151,0.0832097924182083,17.554523148607444,8.686496080455315,exfiltration
1.1161825319911394,485.9497867531615,0.8787550401526661,4,0.08341870293959182,1.0711359084378533,0.10643072171733395,13717.097273550935,1640.9098255764918,17.360482351230356,0.08319018358203713,0.3982302922239967,1.7858853993442123,ja4_malware
1.3556784821831807,181.68616796260017,1.4431666167916806,3,0.02166788819913876,1.9891567176135871,0.24963264449595882,2196.447284540649,657.4750116369441,15.31934763652939,0.06424569993946201,11.469553307409722,9.91845911521957,exfiltration
1.1160524648822543,437.82093417643534,0.5058723587141101,21,0.5832641837552895,1.0267463500426097,0.18462203557652687,2078.687762821228,972.3920500219431,5.393215854757846,0.2193425993334708,0.5570360147427166,1.520243593430983,port_scan
1.587806872082579,106.02427014924253,1.1465694569740572,1,0.2094814371845907,4.229053692523936,0.03854224938525935,2273.890543808599,885.4532897035117,5.261722742061529,0.07960936934283566,0.7381952223330404,0.7319039154537603,dga
2.827343739171067,5486.789190551747,11.224882641477773,6,0.2352048002870724,2.9169991060482556,0.2111152128405896,1527.7613056712453,997.38252124957,3.3521601711583244,0.16197757322813636,1.3577138541015161,1.2559019980511212,ddos
3.2619108565013093,8031.390084661965,11.332762662876336,7,0.038249127289968175,2.7961236451165448,0.17172903047269228,1304.2360849879465,577.4696032435179,4.313899292831007,0.2695517265235345,1.0207542422495286,0.7525125672907975,ddos
1.055749181137158,129.12955711325046,1.8083427410821773,5,0.04476617576794973,5.29448138371745,0.02328057769672876,682.6241871586722,552.3425043428276,7.64956235409825,0.06953381523366106,0.24108440422325464,0.8508175138747868,dga
2.201016675765863,96.96677843516068,1.60006709445742,3,0.11199494589853305,1.0446030002481628,0.2266671382351966,371.92799118798575,307.977247435348,1.3313419422979287,0.2677359806756337,18.150006246935682,3.0936351396266586,exfiltration
1.1346587977401483,248.8097194926314,0.87807865159877,1,0.10124454492487442,3.7012981368867854,0.05278998092440209,2715.051624988149,735.2208428644435,11.273211617735507,0.2907461142019799,1.1996043854816771,1.4424373457881503,dga
1.5602941915770858,33.44240655422049,1.8609324504768845,7,0.2011259339262767,1.1476043406612533,0.1815468435992642,19679.924073145037,1744.7643490611817,15.814461132185583,0.28443893461282643,1.7314104185884298,1.9986097714835942,ja4_malware
1.0098678487941846,384.6514378622554,0.7993141959462731,7,0.0741076499255249,5.045525657901992,0.05496044292386046,2261.1288443818307,756.5710578907766,6.015024439920595,0.24971968582035234,1.1027840961625006,1.058406870620566,dga
1.508340916231275,156.43752119662128,1.686841181563491,75,0.8965564938735602,1.542385871608619,0.2453103114738739,4649.924716795034,583.0727068609472,18.802800366421764,0.17821961182539478,0.49178539451464925,0.7091470540097926,port_scan
1.031026281613248,233.4494859154047,1.8943292564864331,6,0.1265739876583143,1.925928943260711,0.1751601416054248,3440.5215183391056,338.2483002292847,0.9060371329690998,0.7101212447959793,1.4015678404849439,1.031874915051524,c2_beacon
2.4330018133850766,320.31055558118385,1.679298461604895,77,0.6469051551408973,1.0869361963624902,0.10761790208363074,2933.382307810192,596.1926281271732,9.743463552937676,0.09011640236721931,0.7914194315740135,1.7873884725941531,port_scan
2.438630438306016,260.3988431939812,1.4062780980775902,5,0.278056247789804,4.310751660654983,0.021224666910608647,894.3256255986846,530.8196317017638,12.125665558898229,0.18722337535778283,0.4764421604347322,1.6084979335093303,dga
2.4097308045343393,311.4895432758461,1.3679216807606966,7,0.24969859150347568,2.059254570716968,0.21681707835483852,4711.125336144452,644.831435389045,0.7401850848821072,0.4926757199456168,0.8393736861207683,0.8617996028081064,c2_beacon
1.494791818499178,398.9042537743866,1.2511492236204174,6,0.08073915021684172,2.744208604007148,0.15491404869218364,149.63375297314823,301.3507955113376,14.7483035484536,0.06657019388814707,0.6601299391443616,1.411078180144246,normal
1.0432332210404474,72.78899367486132,1.6804071499663975,1,0.15397755759683776,1.694591662322127,0.2614565805974238,4683.930874402514,399.909185405628,19.921534384774926,0.04205771238934449,9.530514342239155,7.821651829249196,exfiltration
2.329391002182377,225.84096657960222,1.138018267842107,31,0.8026840683058569,1.3558496334537697,0.20428661765957556,4731.514845196757,676.2711971217526,7.015201010513179,0.1459460785650836,0.6479105615115426,0.9346573509466507,port_scan
1.7839476632696842,240.20243520566567,0.5359555332919332,4,0.21310775760684877,1.288314297842717,0.23520379201787567,119.61549596961757,366.83838837145225,7.114754224235192,0.13516194165349785,1.2017999282977019,1.950114785769206,normal
2.4801781975811683,3294.585877271345,14.880051343933971,7,0.17040611472999992,2.913785555643045,0.11188959642120391,2531.2628521951647,435.20068264856326,11.001373593911808,0.013269423984131034,0.5270668400453908,0.7157631058255216,ddos
2.4543574472451155,270.2284094688974,0.9766464352501735,3,0.09857907490247925,3.967517846468814,0.03773501221039101,667.3952196890297,330.35190022621316,17.37400730248409,0.24616935812984547,1.909829466893182,1.5689008375312097,dga
3.1833282161939707,4548.210777756245,19.657525205753934,2,0.2320949323738441,2.1937771115910563,0.24971828249294475,3077.1883048213726,483.0053807161356,14.517761198568236,0.08400792326114188,0.5217128766648532,1.3765828125347275,ddos
2.458852974965084,89.51341297289537,1.9933935574615609,4,0.20252323987040777,1.8247522730766175,0.21975308535204108,20441.22575564289,1456.0982788410734,15.10767073041701,0.046428590996633434,1.5085555673163547,1.5221762632166682,ja4_malware
2.1249016467485,89.5367924176952,1.2861628623039434,2,0.147185256520179,2.014136435299106,0.10401472652492477,2345.991600667606,439.856146776479,0.5905319463695087,0.5770498267679021,1.2661101449411136,0.6098558015278615,c2_beacon
1.1756553488501658,393.6504637127816,1.428072167254463,1,0.05337374648884334,1.9856756001375644,0.2422325596388315,3113.619471326529,839.5671972826749,13.828243611239934,0.22601058418516362,0.716408882898165,0.8917581260248861,normal
1.6117216951036333,161.04733745514403,1.522130335732574,6,0.10222238132403752,2.3028099244162634,0.11678335228788427,32903.15135039324,1434.0097871500827,10.400416745040292,0.020736728755191246,0.5952132947966386,0.9989069378050145,ja4_malware
2.1926722584746288,445.93164662094466,1.4108171457411083,6,0.10279508881009218,2.82663659366456,0.10949469948661888,4988.609692112129,526.245102644948,19.58281206770711,0.16668435770710557,1.3404868146953497,1.0618242218831744,normal
2.1157265659261357,418.35399839493624,1.3108935923061669,4,0.09884039390302383,1.8240550552699069,0.13402873952989072,19354.426153386696,1211.6234678281644,11.854805387386667,0.0853586152567746,0.9921138886967744,1.3876244832250246,ja4_malware
2.057854214084456,290.2095511256921,1.7012276540043227,4,0.16542011540734422,2.186392611301717,0.28706219330457505,4944.519021953744,905.7499352940272,0.9391046066929091,0.7256046159595437,0.2771787943770218,1.3795124305280742,c2_beacon
2.6930535534498827,4160.0806387660505,14.006973670928236,6,0.29199801721627955,1.2625105974585413,0.17616194113040404,2080.728141371006,592.1544147061659,9.264632884033926,0.23215187982337415,0.29783699820390264,0.5830521265003157,ddos
2.091469780495837,47.794767592142634,1.587798677008816,2,0.2267414557672058,2.98945635174582,0.2101662105892945,14665.322101339927,1200.0219718669277,15.804267862785267,0.27996297486792804,0.9539515304643684,1.9643796959066555,ja4_malware
1.556197036348872,45.30898206574241,1.4899269516939182,3,0.09964891431103548,2.3966368157371765,0.230557444898263,488.6528059890964,991.7234971900051,19.22424024227392,0.1504985526196449,1.3714381307321872,0.6200291382899143,normal
1.5908469852234801,352.35455014590406,0.7085816005427095,4,0.28210203030735237,1.821965906842204,0.2169137172954006,519.4371298211465,682.4246601521701,0.6311177981171864,0.7637646110235734,0.43097951071047813,0.974833831542638,c2_beacon
2.0573121745754315,483.0302267323561,1.3928248698186996,6,0.057869614403684606,2.8709886695470894,0.20513156927320292,13426.72718756602,1262.8000656453737,8.274674697115437,0.07176239171717787,0.4844908111451851,0.8184275072587215,ja4_malware
2.3205529093042965,224.9606220888483,1.3155955263852452,2,0.021944764410603623,5.96730771203727,0.07548058310758114,2619.9162882781957,755.0428751519893,11.438567331824316,0.2792637472642627,0.5364371674637656,0.9643614731062953,dga
2.0078877801785526,2748.4422159393935,14.562799712693733,5,0.002581486670154931,2.488680518025308,0.11649110350219333,320.2720148156159,543.358323421372,19.406831235999167,0.16548231474568234,0.5167058367575976,1.4435481972400883,ddos
1.5042460759858494,183.97266634698732,1.956934694328333,5,0.29095268767881965,2.7005045381488357,0.17308405941518196,1800.6982528397518,427.7464899887756,8.050755405595636,0.2923899503372691,5.5007744232578375,9.066535521476656,exfiltration
1.4522681337218148,13.584083583577662,1.3789420611440821,7,0.05020949989325378,2.4474905803836755,0.1418854562918858,2564.6767408642486,971.3712866486744,14.874060967752603,0.11845226781018968,0.7366201253906479,1.193413040420423,normal
1.8814668582665681,403.00929562300485,1.9880630082920823,6,0.16823321236860364,2.3877186684180027,0.10019799878527723,4775.914556127013,593.0102878881736,1.4979777744273681,0.10904034591900588,1.6922688603530285,0.9215189112522927,normal
1.4159797804163636,470.680197309831,0.5053551814603874,5,0.029602538348637717,1.843054413099709,0.21376427379359925,37142.24341046062,1597.0914289877583,10.239766165225337,0.10738873433312686,1.1646691068660258,0.914102567381173,ja4_malware
1.2113910180197938,201.23489218322914,1.6445888736313605,1,0.1568222679346586,1.5075919790027266,0.13148160994083896,2786.762692711406,612.7365959176822,0.2827264444977626,0.83189207808181,1.009326997798533,1.895781833847251,c2_beacon
1.766957030824202,306.4166653323934,0.8810344485876548,1,0.029065374076127734,2.4471144659107837,0.22345683724599935,1689.135524161826,695.146875469856,6.810159914770971,0.16860776813253622,14.65548967279309,4.46972947158838,exfiltration
1.7813502184904944,407.99065466915937,1.6002330917704768,1,0.06915242789393251,1.065233402593795,0.15908458514402452,30935.31625460348,1574.4415155156814,2.444415337138767,0.015137869122117653,1.4128761624916484,1.69396598296991,ja4_malware
1.849157681084736,72.3135122396168,1.1560066454681162,3,0.0673023628893038,4.342845154345238,0.04815039787799832,4970.8765452167645,490.40576896189634,15.544308735613418,0.05834448561354763,0.8192051881532618,1.019503676136662,dga
2.2152392578790323,494.5013764183509,1.4901866533380925,2,0.2698516308703555,2.2474718633105804,0.2402416241719869,410.11144132706715,911.7528329443194,0.40935027436864635,0.7426325427613168,0.7319409043395686,1.6015368617374932,c2_beacon
1.291695430134138,359.6388028586722,1.5114368029651564,5,0.09750186457612288,2.5771801445974085,0.25060456094305117,3098.68620219186,846.3288628688779,0.6952882696171261,0.6195668379423195,0.455822086731621,1.959867385809054,c2_beacon
1.1642593291232544,382.3315540619934,1.8437197832255268,6,0.09915991137838462,5.589169737366776,0.030132904019828245,2230.022223962193,323.87015392819967,12.140312312075086,0.20923687591194282,1.5698090670300782,1.560666657832222,dga
2.257476719258447,176.2287126712804,1.3224822086862913,2,0.10171884876926485,1.4785419924234782,0.25087325931484517,1030.9098173354455,675.0936093363262,0.9318440778909036,0.5466649190429733,1.2839183986965357,1.9385706938249816,c2_beacon
2.2883107998726144,77.33890408995983,0.9219018046560432,4,0.2840626892970508,3.7372571787985014,0.017865118423198753,2431.8752780549494,495.71296456974574,19.947563065653327,0.09376716347480633,0.4146982335733036,0.9668946145325259,dga
2.496667202141521,318.30698470659894,0.6776582356840978,2,0.08952931519299823,4.279006065230592,0.03845664655990589,4204.268202494584,483.34161498623826,15.4492023069718,0.05420532804665163,1.4344854555186985,1.882394034525636,dga
3.5386015963503876,7204.997928773201,10.102298138536394,3,0.22917615204438896,2.8574131897748742,0.23012701441637087,4434.368638773816,744.564951046794,2.169011172438342,0.15502657254793767,1.974908086167177,1.9984534876365279,ddos
2.0432529748380475,90.5021670386587,1.00742724058582,5,0.027050849288549304,4.153238821390508,0.033180322451166706,1352.459839804691,995.0021937809717,19.744540076538666,0.05373562632302722,1.4332998175250622,0.708551148928021,dga
2.1915886258858266,328.54487045087143,1.9962901364746002,6,0.23492153818062106,1.2618732426611337,0.17022796388545097,32365.772988157212,1323.3801828576777,18.543042536781826,0.1237436242704113,1.9169717180908632,1.7172845545652722,ja4_malware
1.2612140699992,131.67325137114594,1.6914015585184612,44,0.889805581024754,1.179346210713075,0.15310635254870747,4396.9963142888655,423.1378646123617,6.566852818871164,0.05939540805994592,1.4740214120799766,0.7375921972977112,port_scan
1.396343419098795,70.24373847173077,0.8852064546912015,7,0.18996425857549845,2.0727734477896833,0.15218952424920335,1781.0223624159412,613.5468915789979,1.9740521355899543,0.07116734670502958,13.618020437705816,6.937762054577598,exfiltration
3.1665920805847514,4721.764715673129,18.57908221153084,5,0.2825707793692059,1.5902520209692041,0.28843629095720913,121.80273936924101,633.0520235402628,8.285376744278738,0.2512390889931596,1.7388731242530497,0.9179727995412935,ddos
1.7141641480497425,309.3177116519529,0.909419047758966,87,0.6743812329130124,1.7382603471077323,0.2890166307178796,2405.7612722111985,938.8093354421802,13.747065017898555,0.12008384008623273,1.2871924770352876,1.0840453787031532,port_scan
1.1953406049810604,77.19982546018363,1.1726170467721562,2,0.10662105417785912,1.171859598926742,0.16980565342280604,40621.704930941094,1210.206001565514,11.55591991478919,0.03290483909382062,1.3958370697247509,0.7333292572913992,ja4_malware
2.365957340696328,280.92014449158614,1.957705727970067,2,0.1507536148005438,1.934546735784669,0.2208268410434142,2921.525864844716,621.6830058832252,6.200307745060913,0.09954378757731142,1.6981102728394564,1.5478206708825677,normal
2.537895280527263,9914.010564817248,11.446660992612117,3,0.1967443522899648,1.013991883618746,0.21372220359467464,3014.543990092581,596.6650558484698,14.62690354501405,0.19530595777605186,1.517760031604718,1.224694459455661,ddos
2.087913889340922,110.71957161967265,1.2203912838389,2,0.25560941191857284,2.592216685905262,0.1801817407811262,2014.3197643397136,685.0683179296935,0.5877700775065117,0.6242329738536536,0.8037492493995284,1.223266704679887,c2_beacon
1.9164813205549425,206.22111017018636,1.9922223392444125,4,0.020146703320491864,1.2733266415576605,0.13896753729627837,1319.711426361352,423.5203571202296,5.9264112172549535,0.0013347074426589,0.7805655594899452,0.9673985823133353,normal
1.5407532436715972,123.09726519413107,1.5741637800763015,6,0.2997087132133793,1.152067215401609,0.13247950839589043,12343.443542446035,1381.0154071152278,13.845873178649436,0.18197717945642267,0.586756614904811,1.9516765896829367,ja4_malware
2.3632151176009444,159.9459376733078,0.5405647456619103,1,0.09328679702262266,2.147360327391286,0.2724602457077681,3957.529652762425,795.0452394816812,0.9546592159583852,0.8248168502601123,1.1455539107508597,1.5039431064611777,c2_beacon
1.4829857291412276,409.4596813111738,0.5128869030978054,6,0.0610342415301203,3.896882230032239,0.02224015778899629,906.6883876712596,481.6522870304529,12.152620849508084,0.09096228667722904,1.6573752041577103,0.8555347490458589,dga
2.4255699894825735,112.29396935061534,1.3402209407794488,2,0.1683495605983038,2.5535779189213716,0.2610883416910683,2539.167168010345,482.5983656460777,0.1921035290954066,0.4737685365596623,1.6301945399559064,1.3019026782176457,c2_beacon
1.0298186239979787,358.7492320647617,1.1026431088853803,95,0.7082769607794508,2.312789576654657,0.1624681823115479,291.04590408787794,845.9517379264395,16.074395889847736,0.008777016434161677,1.6445469850547307,1.6616297660550179,port_scan
2.311297861149497,298.3959410621409,1.4368283458190554,87,0.7735040030515974,1.4102405028147347,0.2961876766669875,4746.7483389538775,362.2207044142818,13.062852609594913,0.27733941604543166,1.5115370789787113,1.2269350407119055,port_scan
1.8045076463210903,247.1686620693708,1.0358954173498747,1,0.05196506932067494,3.976541180381127,0.013028770748325756,4059.4577415227027,362.96310872118346,13.621561081292274,0.07081591326204754,0.2825931602334403,1.9813376197287487,dga
1.26654238214398,358.00964511633606,1.536847476066411,1,0.28463776473609476,2.2395857844792455,0.16691011011279724,2068.653204170101,770.6097630992426,13.74883559835978,0.06217938679586777,6.0304490983826735,5.655842810820129,exfiltration
1.5727034537327038,220.11756496793288,0.6352872806648195,7,0.03682141638785141,5.446128542876235,0.0513018835680361,3589.7053226333996,669.6061603492535,6.232693466223346,0.21002665169036422,1.9462519851905005,0.5220477474630161,dga
1.3913439361960758,291.2634618698934,0.5659577245968037,1,0.06431846186689376,2.4630998982762353,0.11919229692782106,22793.9798323652,1216.2361800407114,10.424888140934755,0.22927730775634175,1.940767528502804,0.9170956258406315,ja4_malware
2.576798364759986,2768.6603655308754,19.948186009083997,7,0.010962659723869938,1.7683800198406154,0.24807218174108478,4116.834188167852,865.1032973616688,19.187949525323624,0.10542133096450872,1.61696899531329,1.1943767096992295,ddos
1.5057464996172207,242.65828864425282,1.5142249387518796,3,0.259905535057369,4.130585385703157,0.022629514694266398,3004.8346091157155,937.2508151349738,18.573847597053355,0.15119745089184486,1.621012148399736,1.1257060631052913,dga
1.1684182726668535,366.9307914578948,0.9000154696766198,3,0.2751719156570528,1.6293244403543816,0.2470948919002563,1869.0649898206038,617.2923385823226,7.211336431371409,0.049836535283005766,18.06102655738509,5.562742485885164,exfiltration
1.0064503090522576,479.0932036607403,1.3723332014519816,68,0.8473932927037112,2.9717340986888905,0.1402208668926708,626.9697520561099,901.0295005047685,18.279764315538582,0.19670570952119382,0.6090140402295297,1.506204865723911,port_scan
2.3125712747281666,205.6470222565309,1.7685331806440325,5,0.26218501933021743,2.82632737078111,0.2659898086523652,3200.5870027063443,476.883229576988,0.3587712922268891,0.4926479826500215,1.2758011439801076,0.9217630694153536,c2_beacon
1.995533517935591,473.02744283625265,1.5834489028041576,6,0.10614284360504636,2.347849465782583,0.2457054319430131,4120.944448626435,634.0840698722882,8.582144210720518,0.28756271932303995,14.384726991428323,5.204098049177657,exfiltration
2.0760844906688556,206.3467621509281,0.9093949890391899,3,0.22205685865603286,1.9087834223913103,0.2166726591012607,39931.08861868939,1712.0377122355485,1.2785737478643875,0.172288477864252,1.0452615741319256,1.320989140420421,ja4_malware
2.066717836620695,315.68229667027475,1.8044827816716662,4,0.12903991085348723,2.561167490358428,0.23229716585467713,113.91604746591234,381.42109224940293,11.164051882548721,0.01821541149484549,9.202319584967569,8.98391761726544,exfiltration
2.4894050075677168,256.23300633947906,0.64043210950879,32,0.8022936354890782,1.3183739827029575,0.21150508642053645,2202.725734234301,957.5377009935096,6.0905410321180975,0.054074187636621675,0.6735288578848653,1.551921401471093,port_scan
2.2527971813265064,235.58971283202536,0.6285807901082794,2,0.042321151562007615,4.83028445495356,0.037852265519056995,4341.134739848272,853.0148725569547,1.7111801149469466,0.1655665981917541,1.3694169751168799,0.6186272034533611,dga
4.382987119229444,8521.533310747589,6.9461298472558415,3,0.2813120826431291,2.267693734707154,0.2691262736639243,2245.14080759718,605.2368347766674,8.186781963302288,0.14945770603149436,0.4606994318875298,0.9600412968952283,ddos
1.9317746896969052,265.3364594325306,1.1824242835125367,36,0.8375062672988713,2.803444909786971,0.10332621646459109,755.2143950351146,948.3266712622519,16.41034805592019,0.26650937070292896,1.9220309252469117,1.1744039511693178,port_scan
2.159158016790309,175.36706022276252,0.7982990658691547,5,0.14176211286980028,1.0352926265544324,0.11610067821492841,2402.1009439775507,923.8788597599278,7.56553111240237,0.28639915758023926,8.20743991033945,3.148826728329288,exfiltration
2.019542942679208,497.5803562876957,1.3979533636124608,5,0.2795688447747077,1.8091768598952498,0.14688822423217798,4039.712299553122,496.44337139720324,7.178770453614352,0.16750770955996233,18.816039573256404,5.0336536634178755,exfiltration
1.6466972671830058,449.1900285176553,1.5341962338637505,5,0.05432904907396293,2.2376040623091713,0.26117814975852627,2761.6201800074437,894.185746423617,14.08873887632651,0.24098093546822996,12.078898391931546,7.7302816787811395,exfiltration
1.1557776541506275,213.39510080894442,1.15652986452663,7,0.18511190955718992,1.9010746641165361,0.10334593861368276,17653.90062510069,1686.8616309697754,17.301310070690416,0.12157414825997948,0.2002566728878719,1.553579770074045,ja4_malware
2.1680164647531006,175.5572855042452,1.083420450682591,2,0.1419321843029414,1.291439640689968,0.1787635327716957,3176.4715840641143,350.6060766181565,12.6354780861792,0.15737811495834814,19.372534487093255,7.949133477549972,exfiltration
2.2607250664922027,212.84492694355228,0.927735182349053,5,0.21190737338865284,3.5831834446212247,0.011644154971859572,4196.086260284237,854.4034809966802,11.032004853777618,0.0015543006326573239,1.5905558954867909,1.8521678062479539,dga
2.0582125095105432,49.69049588497246,0.6273635952861443,1,0.2217485706022016,2.0612312293176744,0.29483874371812946,279.87622180682035,517.6598512963506,8.673311523043585,0.04948780177771038,7.178689746078774,7.622643696048508,exfiltration
2.387680177565196,413.0657144025415,1.2746891039534614,4,0.19100108397489182,1.4750713441045178,0.11871327712176015,4344.751289738265,940.2194710602331,7.081990551844391,0.17905120036513392,1.4540708523369394,0.8352479316111614,normal
1.9928747720903426,297.6907308631205,1.234736384138694,6,0.14447747676181305,1.3962354828241814,0.14399868786545228,4258.983216796336,529.4894271974092,15.087489325166551,0.12419621287661212,1.8582149048930638,0.8722578173253412,normal
1.5237745843433557,72.99025770349185,1.404786548659958,6,0.1902101874697044,2.809507268221719,0.26354898489065326,34063.16668753822,1258.3948993617341,7.66935773473234,0.0897334088388875,1.6221003470091309,0.6713016354251511,ja4_malware
2.2892298030977463,6241.961447857667,17.72213795839096,5,0.08039006233704077,2.013527879340465,0.10980983741489028,3068.5814769260955,817.712948057316,19.745958472455886,0.02895568985109229,0.2845158454846474,0.5995383211191573,ddos
2.43231209038779,57.636090141163436,1.1237494705657307,31,0.7940886657542949,2.954417426296781,0.27614688418083755,3104.461740294416,812.1464281667153,12.466311228470161,0.11284760243004988,0.39313505772975443,1.177860439879071,port_scan
1.8849685954843232,364.0755795014934,1.3235679797069457,3,0.1948221934225859,5.3100557140751015,0.05979539557327928,588.129987508674,647.5267501620904,1.6087709020803203,0.2624093655723372,1.4374143928853473,0.6938463346984503,dga
1.555798439352188,266.2716137820776,1.9668382376129643,6,0.14963814565389535,2.6003658228153563,0.1671842479642286,2949.8673320170724,949.4060039893938,8.124943565557452,0.21671466618050955,9.795718160101627,9.953990587304279,exfiltration
1.247577786159437,61.622375958073626,1.4981433771760284,3,0.07006747315222842,1.2073153865153314,0.19868211844693473,3095.347272035173,301.66086341434976,0.18594690496585697,0.8924627624542132,1.6904695553283224,1.449852063110176,c2_beacon
1.6117001798561108,203.5398092329691,0.9141453856705015,1,0.02571538967635135,2.222600509477612,0.26790940530107143,4905.780366598605,865.5337177994795,0.551921334473849,0.4472428134437557,1.6769758320973283,1.0194014450765965,c2_beacon
2.3883515161583233,435.833328989907,1.912155272145236,91,0.747856964746086,2.3773479839211022,0.21779274569001084,4093.091827626187,655.9866594312616,1.290388594855708,0.2951150884569193,1.6795210061537569,1.9413010970925055,port_scan
1.0411232303580973,416.63318681969673,0.9710561785980663,4,0.15377355554854147,3.5605262737926,0.015082772096242755,1414.5217679376142,789.196989948689,8.787131190126074,0.2630422368744381,1.6130501661566408,1.185607017324557,dga
1.7948163401887833,184.17574969663212,0.6428202739889293,45,0.9386856353333262,1.1084873339041768,0.13397857981561165,3393.9019848184776,484.1340410573159,10.261869937776941,0.15350498793609524,1.757861379084701,0.5638457046655829,port_scan
1.4488503340615306,93.16673752500306,1.2689325881864395,3,0.21992021769195258,1.2252293083046732,0.1679271654078843,1453.5184579330655,819.519488608625,8.560530306263848,0.09273180189306997,10.312996471539808,6.567767369119727,exfiltration
1.8630164692847955,159.13169028647283,1.5814152235686523,1,0.23666365681203017,1.161932196776794,0.21009538441597198,3204.1045686160014,353.06063038998485,0.6198177182872117,0.484220804946614,0.9562696937658779,1.7251631555733375,c2_beacon
1.2216750588132874,444.90983335914126,0.6211029200041087,4,0.11555032120679076,1.8449901678363043,0.13860150723175327,2847.1989195729243,406.7959232786691,12.834168351267321,0.012558457622051421,1.2938519169532332,0.9767600506012233,normal
1.611963670758624,324.83927371701486,0.9082320563103266,5,0.07783014804529167,5.63755202683399,0.03978435737681879,1633.506355112862,329.02963326184147,6.84688668985516,0.010455890920771304,1.9299495672825142,1.7578967557701606,dga
2.291078602488841,342.0341741638991,1.9481239302226032,6,0.05439643762975571,1.3892564232098445,0.256183798206156,3640.1413335206053,516.7564210190291,19.643982764135785,0.015473863321341895,1.4905254726100534,0.6249338305769017,normal
1.2275864764681983,418.74438434725266,0.8221122123046778,3,0.20292798688898753,2.0074991255193746,0.11722708759220152,3230.5630436479078,640.2297203756445,1.7461657162186581,0.20262564109050593,16.390386649042085,9.189283735476021,exfiltration
1.0955570488971433,422.0407348337188,1.860397771197789,7,0.11713556566172567,2.68759166623176,0.2112127452747769,580.4735151094605,489.0881305162525,0.9934994480983399,0.8758053326444647,1.943187759224956,0.6449478415499508,c2_beacon
2.295711248727953,445.80406985402084,1.4753299587143625,6,0.124169502005588,1.4674228637720437,0.26931992570019503,10818.368673049776,1254.7220145328056,16.176653925667924,0.1162034172244762,0.3351262943120395,1.8921093605293855,ja4_malware
2.0726331155250914,225.2878205436553,0.7498733666709972,1,0.12464043675065484,5.338951269015211,0.05716725612241744,4868.54130881532,942.8314301565802,9.736284271792925,0.1512799587141653,0.8516333799475337,0.6116476649705695,dga
2.0252868768900276,209.3024623624219,1.1623173690275461,64,0.938031335814991,1.8126657346421746,0.11171661403128802,3052.4793834507054,779.4632705484734,1.6495722538845572,0.03218100455372962,1.780917679305695,1.8817544768522878,port_scan
2.0974798523184086,330.71453976099923,1.7595123813289983,1,0.234613950322559,2.436960544096137,0.1948521341935237,1446.0053577947067,906.8409344236186,6.604558046399424,0.07077167539127548,11.729406977614108,8.369925185193978,exfiltration
2.171307016409032,269.2242704750474,1.7655008693409036,5,0.1445640411578016,5.989858798184864,0.0324982331614273,456.99661115294606,869.766804477912,17.617717043703653,0.05365014250662452,1.5703184948177877,0.7872948659079853,dga
1.7495464375589647,228.3011104340566,1.1534043161311374,3,0.1393086527823448,1.11310424042593,0.23947266267698575,4534.572396897264,944.6967614120639,0.8961848608368999,0.5786535338897416,0.21913661413862542,1.8675218319151599,c2_beacon
1.646613982570159,254.13093214062965,1.6783630068694768,3,0.20338906932274048,2.513669770986305,0.28897755083899124,27984.00306753103,1973.141735330672,16.267353574526627,0.14797588443421678,0.8374521077767274,1.3972485983083018,ja4_malware
2.009876449475928,166.69890570154524,0.8183422013798014,3,0.10430079249023154,2.6752317673179964,0.14971844981271337,1902.3152392705465,854.9439742111126,0.3561181739160712,0.9459745229617916,0.7910635927699001,1.0530212080219798,c2_beacon
1.6488068181519706,174.12644248245346,1.3196623499166733,86,0.6156320548210368,1.5849033009207927,0.24377479362893598,640.905924576452,540.8501198370699,9.171743163333195,0.016676088248201347,0.740705604593646,1.229815689979555,port_scan
2.3745220293072666,34.754651222282526,1.2446262236589625,1,0.25785923754279755,1.0316064783265924,0.1032514219785437,3833.5460749644585,575.0004870208168,6.76541505044409,0.08829689245045008,0.4664597961846113,1.8778781736036967,normal
2.154556538945353,175.7345112670984,1.3369948214940588,7,0.23016402414047396,5.929782883111661,0.03707288369616453,3207.0774617976876,490.1816238113598,19.423316090238792,0.1783920541103365,0.49456814151788797,1.5130453124503744,dga
1.4873788712988965,402.34736320705315,0.5427959561490805,6,0.20107369435505576,2.6974371869230924,0.22335202968109763,1311.7605699300943,991.4855352302731,0.6445554622188134,0.4128832376842847,1.0514050862532605,0.9298928843644735,c2_beacon
1.4944844219471296,98.16834263469296,1.7077731880698073,7,0.1599153021556547,1.4688757726439792,0.24033103917167867,41802.60124182824,1758.6317695530201,4.816836281848188,0.039835109762705066,1.497244053605475,1.8616347013474486,ja4_malware
1.1296101300215398,161.16495805475537,0.8601297754204398,3,0.10097828767581765,2.589435784666292,0.2872584527704697,15968.132866900198,1202.0144930817387,19.256137926716747,0.24139309924943594,0.826492680433256,0.8258959738619287,ja4_malware
2.331081788301149,78.95420337585031,0.5417782222421607,6,0.19291146756262162,5.500960812281539,0.07186790477505928,3526.77937293676,359.0136893964622,7.710570390811167,0.28522386517599924,0.6794774656911251,1.7681862769024763,dga
1.037982844622088,212.9918243620373,1.4749371353339735,5,0.08722684288796381,3.8823786946222527,0.05858314250950243,541.6241783928656,420.68802528736234,8.370491581426204,0.14781508977093258,1.3373158551617381,1.5553846989485773,dga
1.2192598662890475,358.66344038242113,0.5662626544162419,4,0.014211752018846934,1.9252001214216166,0.15858718130076743,4799.45935659193,484.6502295230367,12.190758520803708,0.07048366357592097,0.3820577839896856,1.6401031562313357,normal
1.9126244988638428,54.76204700462211,1.615100986772465,7,0.11137071563148453,2.808690446612373,0.2647387524065723,2464.6706765926606,446.20394663288357,0.7268854544021741,0.5886601798984898,1.611200408068878,1.9303735812906284,c2_beacon
2.457759318301612,29.76130251610092,1.253179365704288,3,0.2328397076070669,2.929460319022315,0.11227805986093678,11883.827452024738,1604.8326855186256,19.677346685553136,0.1184543856614061,0.2597360830213001,1.3566499721670509,ja4_malware
3.922300298986781,7778.515468720837,9.732977255927167,1,0.24050244114476468,2.6504271272986086,0.23181833459419693,845.9823841551249,453.5145904580338,19.72757624988666,0.10609692353065453,1.3810473441943596,0.6738230042195551,ddos
4.175003640828669,5196.172080622388,15.348809164971776,5,0.05083595388215356,2.80294079958432,0.23244052685965497,1090.2905131912453,406.9821095926874,6.93594840057766,0.17181653059020374,0.9619077955983899,1.6877607618408594,ddos
2.027882596235265,447.2862011105993,1.8072173623093546,4,0.2745371297759913,2.1722150247777643,0.23866271966103833,41308.419519392715,1292.7034139625641,18.35738164239854,0.03171359093829452,0.7186548430654456,0.6497243093828551,ja4_malware
2.023908107266047,235.35200156004163,1.0558554654611825,2,0.21599303224572614,2.4480206765227512,0.2776497356288682,45468.9213173457,1930.28308466343,2.4148989848703124,0.24578163344507,0.7044913520709304,0.9147383596243177,ja4_malware
2.1741028408754293,389.1231345482969,0.577128731835394,4,0.25515626367640726,2.4961419181597853,0.1216616242377988,2252.43310287141,950.2510119884514,14.682668503759837,0.11815042685550668,1.0199556311418474,1.7641434272780268,normal
2.181333280438307,271.1869148402337,0.7497361115950432,1,0.2059543478806498,5.833605821006447,0.03924317845689216,2365.19343319544,731.0301018922933,14.489257830751274,0.15375991632071737,1.5878209207526848,1.8004491961374016,dga
1.7647251032083346,362.4598841922664,1.52053572925741,6,0.14860414143763387,5.020608305248926,0.068444243223855,1559.970393324426,910.8181639915684,18.960695573354243,0.1269229191599752,1.5242826968817595,1.6170177939520731,dga
2.229270393628795,137.02745030250423,1.606393483004758,5,0.2888460783967117,5.92352356663312,0.0782558667847602,880.2163302911473,390.6981405697847,2.1654911849964265,0.2650430837461981,0.33612781787819546,1.6827001501100374,dga
2.423286890073011,143.86172383542942,1.7782180056037726,1,0.15136357191118113,2.9911105991715523,0.1896916524537716,1603.1930095283053,426.7068954691207,11.941667912181774,0.1509531510696639,1.7826287940199597,0.7047052468140336,normal
3.9957862808518123,6926.0465931312865,10.726758407257883,6,0.2656950347721407,1.2393471353750223,0.29447030658799744,3399.7627928324027,538.0986087506205,3.729988137020789,0.22527321125895677,1.2133942037329093,1.286613787680599,ddos
1.6949080011930138,59.57980521381727,0.8780656082968253,2,0.12598127537711773,1.060117337189951,0.28810641960887107,10994.440511834202,1299.6278741521467,12.030187645144354,0.1477297560240133,0.8709714894989722,0.6659691932988347,ja4_malware
1.5320053559384115,408.7721826522471,1.939924241180577,5,0.019459090322008155,1.35600279470784,0.10408271471151916,250.06394852887394,531.6826872383026,0.1084025880271035,0.7569352389968382,0.8409763611685948,1.1723293968004596,c2_beacon
3.8176815870897336,4611.155687501148,17.789288735726394,4,0.21288824734913575,1.599932864993669,0.10665631397593017,2655.566676691073,815.2448730152142,16.288683098380492,0.2807725945014907,1.495366013025966,1.0829482342684071,ddos
1.1663451802511544,360.0485134873114,1.4423758982102717,7,0.1117655865146039,2.5032099570251187,0.20896383180282027,20154.882983383373,1301.5696222427666,17.06224058453382,0.2851069201503764,1.5253331193867834,0.8090866628563138,ja4_malware
1.4589349362259787,485.209407185729,1.4295027889547922,1,0.29708342612782634,1.9552975391459415,0.16354446696185876,2967.224326042386,773.1369942708953,13.529878225104083,0.08143182526931288,0.455934823427049,1.4690175859562595,normal
3.676722899943732,4159.796187352553,6.119445495281317,1,0.10945015761704492,1.0760397424107873,0.2835227265264699,3231.2904954896185,825.9370980826038,2.242010472552793,0.07895208134515329,0.2894366472463533,1.4383105277371797,ddos
1.4296693403230825,60.47131522377781,0.7579405279055342,5,0.05244221586990152,1.736464772496742,0.20114493989082494,2808.0906665273296,353.45326243082644,10.41742551694759,0.17465012047337353,1.4292103807075611,1.9534877995653703,normal
4.919387935990562,2927.323799829678,16.21504680602473,1,0.2762643559212491,2.5014051018716823,0.23746739057848779,1919.0785967130298,795.1678646680921,4.219792443532143,0.14427169427058012,0.7538034277120089,1.5838564650832523,ddos
2.439280870236312,295.3820788481828,1.4612710144197192,5,0.24497615586842347,2.1003710797321498,0.10880288499461109,2984.2928131562276,407.3121108303935,0.35445134590692234,0.6406012164587328,0.6690384116669981,0.9095182278449894,c2_beacon
1.2217709813155035,405.6094534934432,1.9154225213464644,4,0.2920604378789228,1.520583627870492,0.1638349564921981,780.4035799486584,821.2859486462262,0.19966458178550645,0.4019010003746729,1.3754625351527179,1.0738491932107006,c2_beacon
2.3163668719800046,56.65357176391551,1.704880291499204,74,0.9737982871760376,2.244815119845171,0.11514339194820225,4475.7710292819675,882.7802448089562,10.696723043615853,0.14742099633770694,0.5816777054976885,1.8503487005801327,port_scan
1.0674758843091898,110.3894574437825,1.6076777379044813,4,0.2666876549567752,1.7537506686324134,0.1436647517377538,25695.912310558022,1638.2901483742808,3.2238715208130166,0.1294494206829629,0.37425542614581153,1.9612189560100908,ja4_malware
2.04294348245609,262.6280442487556,1.9258805300439112,6,0.13126357211024817,1.004863667290703,0.27341833839267105,3498.185119336806,434.2827576690762,0.48618285562380625,0.823316024758875,0.2560011136067184,1.6356280156527763,c2_beacon
1.9800476341636086,164.6945940324971,1.4797518124528752,3,0.2702320208744079,1.032967155461378,0.26153300656482026,420.45795206465266,305.62693286379954,0.3609748231047959,0.8510107089892602,0.7720825109465612,1.6413206210680442,c2_beacon
1.8584994572117775,439.6512045347436,1.0364522121194424,25,0.6706456765558875,2.2870989057601294,0.2747846658957387,4224.764933079098,343.1098892912307,17.919419705330288,0.09197258325922805,0.7947972229970466,0.8662725269005098,port_scan
1.9159745743721104,292.9156399982847,1.0244620766437083,4,0.2703395159179751,2.0988973058985017,0.10598438136806149,3399.71961811023,308.0514405785685,18.690580496136743,0.2808249997195748,11.567135464516408,7.783245134519952,exfiltration
3.2819052134941704,8454.099665783582,16.42113419501266,7,0.188098451982153,2.61870290603649,0.17992661534810378,4190.578452805121,681.2990427547587,14.42626828369956,0.22083032972178462,1.5845971535162295,0.7293007578510716,ddos
2.246669008187359,169.41793795317176,1.9633934687425993,2,0.05300009439814849,2.078875517328779,0.13372897636099573,1885.3717247304953,725.8105298799554,18.32776530385814,0.29514615006948186,1.529766955786245,1.724173402311924,normal
2.1510570637344952,273.02064535769915,1.7285611137727548,77,0.865601366278232,1.2213400620807677,0.14007192079611905,3144.968245227585,922.2598885239025,12.319194813053858,0.15687713917937932,0.42388634358834987,1.6305128828809519,port_scan
2.800923750815909,9534.283514229404,17.120136728474982,5,0.13017786204307918,1.1065836902446722,0.20853776750825237,4112.842994270439,893.490121277918,19.254579058698837,0.23652228674051184,0.45569557395758553,1.500518993709778,ddos
1.9771022560307416,455.87597801573236,1.8993290748966813,1,0.06387862227811035,2.618761706980996,0.23262912687970477,47817.106916238656,1484.6994911765294,17.461515119392725,0.015466545744863235,0.6070369156214712,1.7811134624259113,ja4_malware
1.0548543528681933,67.38575625092717,1.6915554812847953,5,0.12860658036786063,5.289724961300209,0.03391629940105307,2110.5652910277167,454.18494586932127,5.030942343338947,0.23642236082995288,1.959494419611857,0.5247290599345926,dga
2.0791944339264052,179.7815020433939,1.6861069608439907,5,0.06115818819886317,1.8371495827229085,0.21138674424269005,3272.3130320927407,480.1713029862303,12.18664487680187,0.07135921093158593,1.6113096337532729,1.573315995676223,normal
4.6847278457467,1235.92179220534,16.91902887478407,3,0.17506959657001894,1.7587718418655252,0.24361995705338568,2539.266195907539,944.5833070075631,7.10328319961844,0.20486553607645827,0.5265988144950767,0.584928325812897,ddos
1.8323484139037531,401.6050108134937,0.6767276350970316,4,0.2877334282298903,4.454632536671389,0.0670855960418855,2063.462525035483,404.65575104096956,1.0591270484767215,0.2653225582382259,0.9103492888818707,0.9695828801442012,dga
2.0460520435890457,256.78013333971865,0.7284900652363635,7,0.24352571136577952,2.175038985111681,0.1161570727875621,2495.980025186945,825.9185012222,11.08437163678532,0.14476123537364838,1.6472608010914787,1.6293287054867462,normal
1.087454112533599,427.48760327177285,1.7809765642208437,5,0.22125454118931773,1.525459192829667,0.2961514935816704,3061.105788614714,806.0537990843449,4.82948224631345,0.12338422578624789,0.4614904412588639,1.0493256272003861,normal
1.1793250286106178,456.71417382473123,1.7963867302561638,4,0.28369232754027357,5.801747572404705,0.07038076495823282,4568.783915631483,652.3148834370863,3.1653928449944995,0.05851280948457929,1.8155324593487705,0.5519883237076756,dga
2.410891614543278,90.15267007795389,0.842968403993172,2,0.27888965631726725,2.981744956004409,0.10259866973435926,4028.8289016138638,349.8181757835256,12.217014936497256,0.011359834992938467,1.99416201165974,1.5434265424312155,normal
2.463433527455134,401.93650127427986,1.0893910873553498,3,0.17358278904375732,2.0439602282361014,0.2595034408106358,4039.605685289031,540.6711782470597,2.3423635996511014,0.16346749615940614,1.77646993921528,1.4142333306342785,normal
1.8759314764799788,185.5119106426965,1.7125227635474065,17,0.5799566382967976,2.442368219701628,0.28913811394850386,4614.225748911824,746.5152977771892,2.742647594249188,0.14240212587298143,0.30780328408940405,1.2919319993099792,port_scan
3.9017619922542055,5829.755263272218,19.295648346893508,7,0.02805904539237849,2.4947341405326027,0.29517020678302275,4467.307386606654,807.6805116933699,1.0197249862706128,0.28261903359414503,0.9948138104836648,0.7677041147510953,ddos
1.9509626675216276,233.00774278176354,1.9033129157639825,6,0.22024390372827543,1.7467670865173495,0.2432261881985676,4667.340273095272,645.4389104342519,16.741442017090396,0.24356445021237838,1.2315730544147292,0.7404087202746372,normal
1.572555205751062,393.50373497449084,0.764695790062538,58,0.9952552049678033,2.928617511741475,0.2135697803947904,4552.392659111322,600.1690811816381,4.944302882472151,0.02801406265030445,1.3312530797704198,0.6323088698769721,port_scan
1.3489611129496506,432.7546362330302,1.0411380297773805,7,0.10192078432470911,1.1018881780060445,0.1619087016275255,4294.216293187042,356.4762648902655,19.926417895133536,0.2111309423298149,0.6268571537439657,1.9450690245777817,normal
1.2790426917937048,481.4127851328433,1.426763189072568,1,0.29454603684625097,1.7222279295927114,0.11866529468170389,3105.1832101589994,862.1778803270846,0.8632837219508904,0.8178073859978006,0.8891728753653501,1.0380832248157383,c2_beacon
1.7473893330250687,326.54968705219574,0.677315914583613,91,0.6645080039519555,1.3076673705125,0.19250524203493866,3706.7628436132068,827.6845739589475,16.265515997637088,0.024159164266988876,1.6459533686163133,0.5718060643979466,port_scan
1.6262489708309031,415.58213963969797,1.2393944940481076,3,0.12166663185865192,2.559818880781361,0.11651986525712879,3589.143913755098,649.5195301512238,0.9605857080013971,0.5720891879767671,0.3461681882049198,1.7390341864367447,c2_beacon
1.3831018793561656,32.999796232816514,0.7347634089262142,7,0.2116087243843403,2.5258832653608447,0.2457054061634773,274.181220784724,369.8044939802345,7.186154863517808,0.24674794453330934,15.524290647502685,5.662388758909994,exfiltration
2.124788124561724,221.80640544904847,1.0521293111787844,6,0.2034824429587345,3.963641672070082,0.07631933705584468,4780.348585091285,425.28802630307507,16.75863637951185,0.2451828551758009,1.3433904757215165,1.2761218477121774,dga
1.0450299809821924,402.3979889555481,1.7258936537119067,4,0.11549602553381111,4.753485521449559,0.04497883531946824,793.5029971924057,884.2997687798356,19.850451483655895,0.004830833412154223,0.8632411848043462,0.8607278842682926,dga
2.4655250708126832,474.5291493087413,1.8167053700034062,2,0.2544766145339212,1.283516478557278,0.13580614862085208,4537.764894719673,429.57021531947936,11.444668301751433,0.13061741124502266,7.860702713097718,8.144207830189885,exfiltration
1.6561483471656904,34.66611285853878,1.3865197185139104,3,0.17406387578962748,1.8537588350350909,0.2772620642546578,4775.81333890887,575.6287268758258,8.02842385013161,0.0511775907143208,18.075809046942176,8.338507779217474,exfiltration
1.1388370653140716,70.51357665187925,1.3481415800627796,3,0.0006754585006905067,1.1742272253991413,0.12449256009730905,3248.2266901418398,989.2829212033823,0.6059903458667125,0.8969361501108293,0.8306135493268723,0.8776218715157793,c2_beacon
1.9733010302660954,258.70735421730916,1.543930682202534,5,0.07810750645629787,1.9316655469354493,0.12675284566424463,4363.666116847369,528.1664671768934,0.27094690134664134,0.7835419637754271,1.7092536045737583,1.0689454513070122,c2_beacon
2.3862152119814115,47.6016373093525,1.6531057252935324,7,0.19123628506149076,5.3680552446973895,0.0524018297504249,1529.4884662927527,969.9183411935635,1.1917656984060718,0.17740905724680817,0.2996056194789542,0.956099860783084,dga
1.8008825493217866,290.81550618000097,1.5409580601226935,1,0.18884710718670777,2.8332593253089895,0.13417525335737995,2161.5614503440192,674.6353180697945,0.03599340868421991,0.7862428447345212,1.4886614003377354,0.6645878198961741,c2_beacon
1.5573257635261069,435.1130427398154,1.0133615239474492,1,0.12748459700556009,1.8543171539373164,0.1291917927815238,11821.19378005753,1508.5319131297047,13.79817271290145,0.011735952676085359,0.258716617313895,1.7411712125680028,ja4_malware
1.21527894317276,367.3835009613101,1.242591996439457,1,0.07066952954104624,4.720133402382466,0.0427084686988599,1273.9338520871067,988.6795713738496,2.427555910718673,0.048411342757773236,0.8476245376939151,0.6468281483060089,dga
1.5617074122961128,469.2090983267068,1.9576525708924681,4,0.004245221272450761,5.14799121249599,0.05331842932137918,3542.796861166525,407.21150913763097,9.81946740108572,0.09591240156633529,1.084121202785286,0.6740932349955678,dga
1.707302177163542,368.78224052332934,1.5084646706115263,13,0.994263096794735,1.1722696896131073,0.14011305026883786,393.183788311606,429.9734142191884,16.926395021756168,0.16106079482801477,0.6198576512741109,0.556378034531662,port_scan
1.6197290778937594,162.34519095214327,0.9868590418125737,2,0.26589502016513217,4.538606972395925,0.043625367610061076,533.1635167942579,849.8856701002862,19.106006308317163,0.23337127008970673,0.6688478517541512,1.6951090736790677,dga
1.704128668629533,12.229667516242024,0.6191861607242863,6,0.1640046385434763,2.744404916199991,0.1069058329690124,29314.367697003763,1246.8043264865082,1.5788132916336877,0.13254237997303334,0.32880067163634763,0.7228783944853072,ja4_malware
4.3061327829960145,4467.722939229941,16.7874193877014,7,0.21314984899452144,1.3922600392855677,0.27443354245218576,4753.656550314284,363.3208869558099,18.24561957812535,0.20291043843520923,1.0920166377395175,0.798836622606051,ddos
1.8478269426456178,491.21063272534894,1.9185972144144925,3,0.10014296114436357,2.61242078353614,0.1689038385916242,2796.7294385489868,931.5970579956984,0.9076631591747819,0.7705717431305998,0.7252576574788141,0.8814440254363287,c2_beacon
2.338112118155686,179.94650402691784,1.1208483418040536,90,0.9056741259011061,2.2268195453261264,0.23108374132234247,4437.969890944314,624.8552837108296,19.003945724354292,0.2332196981589933,0.5722844563148319,1.445976199513046,port_scan
1.6836644347504166,281.0208631815249,0.7309453738664397,4,0.17473342246181323,2.661407877491863,0.18288545422162816,1658.5143208325294,628.9757758870569,5.612800723755591,0.15161929636781588,1.3602896117018004,1.4024575537082942,normal
2.1431808107587065,222.5211239497491,1.475485942820733,3,0.15622097057076764,2.1648691228082,0.21913631390661015,49963.80453696278,1501.5303683520267,15.795173457225657,0.21175673271197748,0.6494203397663949,1.1029643139362677,ja4_malware
2.411770683428328,325.09235542019235,1.8277775565543601,2,0.24315022938630276,1.4695864530124974,0.27163414457169,605.4889292887708,949.8131745297204,0.06968494838870586,0.8053020607189114,0.3600485720969374,0.9581243382885059,c2_beacon
2.166323862075688,116.30746733324973,1.5017610908246093,19,0.6902989793403926,1.2757129574716488,0.12265151661465795,2764.8704497284916,544.7372128495185,2.946282266876994,0.13019294729283823,1.742003039011963,1.9078097659804873,port_scan
1.2557348058447344,427.9654965961238,1.9459968886437515,2,0.14161798279826543,1.3271088815960843,0.28680655450996384,3435.4976807258604,823.7770402410099,0.7592068997729337,0.41556436204723707,1.4775567959560183,1.782219573696759,c2_beacon
2.4493478682147725,64.68418044212109,0.7932297643730062,5,0.2555166548257556,1.2115002749230281,0.11990192857309144,4207.785597349943,706.8729159973464,16.01785209856588,0.09322208033293707,0.8306607704869065,1.7410889933532627,normal
1.8388107411181203,383.82247932936923,1.0995142027454552,6,0.22812650555538524,1.3490742632535766,0.15650688025734222,3713.556181439896,599.4696665540591,18.7603858698698,0.07091206062269535,0.27205627303867513,0.9503721629439523,normal
1.1844638340365212,325.95573330062365,1.210564127873348,5,0.065620043928007,1.7323677087295222,0.14803154214326883,1450.1479526141711,863.4210769119267,4.659160491000934,0.21133517841681965,5.131114575796414,8.683308247980872,exfiltration
1.0459408102539023,486.8556813314734,0.819661287619144,4,0.04380569730079957,1.2480528854884316,0.11394247924882568,10853.471688239859,1684.2250434076982,17.67211060014324,0.18772133646288663,1.6770578514687937,0.989218879055446,ja4_malware
2.2615661694379727,37.20948531151436,1.4255199285630247,3,0.2670115806802899,1.2604752464876212,0.19749149386748116,21129.84817334498,1421.792795022008,3.8661597857705137,0.05925881773209389,1.5877336112380738,1.177754895184822,ja4_malware
2.8719683002456664,9381.553966444457,16.215143981934226,2,0.12883322565651156,1.2227661790385762,0.280129036612499,4301.442288084975,927.6143740033414,14.108296126877445,0.155540613834427,1.0979058688820458,1.2582976229507328,ddos
1.7409862288667783,211.67224107508935,1.328277392838995,7,0.23953450344841726,1.2998829558681213,0.14335882914628895,2179.2485017227564,588.6175088000643,4.224241712595443,0.1663258792337935,1.427220815545367,1.2166863602275733,normal
2.0891220362045555,420.888341317028,0.9925127691140635,6,0.22445388047822956,1.7335013407368864,0.26094001317023163,43312.659754792025,1679.54602284069,13.540111412237495,0.25669892439739883,0.9442161084584284,1.2703644821219826,ja4_malware
2.3620117064717974,464.43448282867945,0.7406178609243913,12,0.8032346597008085,1.891744742882308,0.20160217200417951,1772.3088145553363,905.7447299679511,13.648329200656093,0.16757500204972559,1.8756553063625572,1.3966111225753468,port_scan
2.1027182707943726,316.38793190709634,0.6693333028778794,6,0.06575183739677577,2.015234594917817,0.12223537495830322,2287.201635389774,358.8380394924982,0.9036561105500153,0.4694397144521012,1.4388519747735193,0.5270042072278481,c2_beacon
2.120918067133174,91.74150510030779,1.4597246612487549,3,0.07804659330898937,5.894942188594003,0.07430928496861505,1040.2538779805268,548.9072126679065,5.939443905736925,0.2932728652690883,1.2756099122669058,0.7840288845360627,dga
1.5530346914423458,203.02683658212385,1.4570246274647096,3,0.038084242730771475,1.0821677252392938,0.26273130474644124,4274.969184350634,454.0483004956526,0.15780754857692994,0.8696893269062982,0.6292173055626118,1.1308369841632593,c2_beacon
1.1422103987654344,369.93889107683265,1.4166586228657865,1,0.05588566161319403,2.0133622528610977,0.16847850595223846,2563.6445525561794,448.4657822740253,0.7314207605654653,0.9368329966051121,1.062320253899283,1.8645939166202787,c2_beacon
1.3756822532125113,308.3050177748683,1.1511910554339149,6,0.27000130982726434,2.4600935623404556,0.16127933297555766,35369.722435615986,1757.6542326448166,13.997880907887138,0.22370737663766238,1.9466552424904393,1.032950445750783,ja4_malware
1.0540897514160457,84.90978984190463,1.4564134703435747,3,0.22455434006792863,1.5440903783553388,0.13285067745085333,919.727019180724,347.01393477039016,18.27672499716514,0.21374438512796,0.4806223206571503,1.0281241919513882,normal
1.7921031428951124,85.0359453537646,0.9854705416303378,4,0.1349151203015706,3.9855205906807276,0.036116810436611343,1717.3608229785223,406.36216598485,12.660968219342104,0.13666213185260984,1.7358468601115298,0.5847157434759951,dga
2.175868405554889,356.6380728600706,1.3267608052931683,5,0.0425392426401218,2.8416145209062824,0.231368893555924,4263.568239756198,592.1892826119881,4.619817375733394,0.16325639184669857,13.317870777779879,8.078950995878758,exfiltration
2.1863340937485694,128.95558747608766,1.38089998819077,5,0.02929996888617522,1.2597120384225369,0.1505618803937636,2238.433159596519,313.345870310761,0.7208693462599856,0.7346114860014307,0.24239803040090357,1.940569709531222,c2_beacon
1.2977080255377875,111.54273588702829,1.8654868498464765,2,0.062186590261291426,2.1558210345399695,0.1915456709139361,3651.782258196141,871.5741909165683,0.9443915439099988,0.6431051128758719,1.56943839087707,1.0199471174475525,c2_beacon
1.5929270366517532,220.87841700635676,0.8259625988535971,3,0.1352276796331843,5.9532944235599485,0.02478714481070831,3804.857768059075,792.2637585138079,1.8589213424165003,0.02292608439391004,0.270334517936823,1.8366906929672127,dga
2.341515403540514,219.99187636370507,0.5329576898802799,5,0.2039975690345606,2.028812686418094,0.21881183934221976,21983.021811372546,1753.4649492197964,12.221285435928884,0.1607520450101697,0.4895254466322874,0.8757568524801713,ja4_malware
2.850762714325731,3193.844768955763,9.96961688698422,3,0.1001740661342409,2.7350524362161517,0.20554563522519942,629.0004964750216,312.4896430787187,16.253334020949275,0.24463618095769518,1.9698823520697177,1.4564261993690117,ddos
1.1241014039077002,424.9255070094892,1.7071958039451605,4,0.09328651031979944,5.651242965636878,0.049044517208281305,1349.0339922720523,318.75538372267874,8.431714343133908,0.09739504850492224,1.597269724718045,1.653430245698539,dga
1.7824440293287602,473.2557488471468,0.8813314316977675,38,0.9224639235000318,1.297590837430196,0.23503168915580813,4739.898298789149,705.8619554538898,7.126611736777227,0.04361476809379169,0.24121557969245988,0.9538120378935584,port_scan
1.5865581932352941,113.67752490902052,1.8276464106845907,23,0.7946574809075175,2.9684601562921853,0.22230343536285843,381.2357888816144,448.4214624979445,2.922915715138439,0.174227692987262,1.024240126125647,1.7705776414585568,port_scan
2.9559924036528082,2993.5398613293137,12.177554490333495,6,0.032496802271367496,2.2686423984364072,0.19824817930211455,3267.6019988917474,315.2575775670805,15.579400991018558,0.13766083741544077,1.26608040048325,1.6632804640222767,ddos
1.1848954686786524,204.5439263829115,0.5230506800416999,91,0.8592062720066702,1.060736322211499,0.17502214263809782,4989.053161102872,413.0751067177408,6.635863764599723,0.1044820013033871,1.2796596112241547,1.3375627432373682,port_scan
2.169068325668371,396.875758557044,1.2427776962699968,5,0.23389356787894014,1.808534560644014,0.139225243351288,2360.35269088645,359.07690503248494,12.415709848756906,0.034837968876436254,5.190421024262733,9.7148493835657,exfiltration
1.9867949275607917,61.261397434339855,1.192590795776764,2,0.00423742004304719,1.5422757724701808,0.19025978366866103,3052.52815107594,837.5001629436678,7.139435916763947,0.03501110750365782,1.3288267555618214,1.1173787342472057,normal
1.4994991264466793,269.0377190718788,0.9792816415724162,7,0.05928933886007179,2.090169073456323,0.19952766059339355,28568.228142006978,1673.8162039114663,4.301698982008893,0.13745438674252242,0.8818639796424002,1.0894088789468395,ja4_malware
1.0657056486808432,497.7775915659822,1.0495032328348044,6,0.13421782553763284,1.4325386195951029,0.20280963920777295,2713.4570788220353,354.78130537849916,17.277997004298744,0.024575965255598308,1.495431203132552,1.323471910902687,normal
1.201141914809148,459.2557197383059,1.2464715535480682,7,0.057013564787879,1.820682717798083,0.2391104060825283,2213.6620540703857,406.96928483654517,12.636464791457186,0.030879397138579078,1.7998696694173926,0.718903530172551,normal
2.457637734479905,1606.1908749759623,6.51260882441604,2,0.14613247405169744,2.6679999218568082,0.20480177892375637,2911.3783562689246,390.4452252435095,9.239370674175069,0.2147939042411899,1.625345666483244,1.420141856139952,ddos
2.37466203533195,4191.637966195983,19.88593053378623,1,0.04126623527237134,2.850725752506932,0.2651539459815119,4043.019355473594,807.0642488572985,19.971932462786928,0.07448524220406842,0.29378816423808685,0.8339097867159055,ddos
2.1710935465329517,124.09761962241606,1.5121048210239167,4,0.20477643666506493,1.6492873342206673,0.14895300871122202,332.0824891665111,410.2133260656341,3.3868758654814406,0.21890459807829413,1.3380131667589759,1.5903510539812729,normal
3.5769593511161553,3686.3062822003144,17.823647528311206,5,0.23093765411319736,2.074154711333602,0.16313359447523482,3091.1725317382134,553.530134582847,11.40786640300119,0.1437102155547579,1.84167430190456,1.7392844337778324,ddos
1.804102053921456,446.1095339876708,1.6333093137101409,5,0.13575237945731522,2.287480930848546,0.2296896341175293,1785.7821244698534,683.0163896608706,1.0309861049674325,0.16756922003037195,0.8304143538221953,1.77359847295611,normal
1.939766702301777,102.58187704176179,0.5166675428077772,4,0.006690982521065802,1.132714158480924,0.10780992778599692,4026.5702892163617,736.4325319587358,10.301071602410916,0.13545655904622977,5.399872839756786,7.520145728689011,exfiltration
2.0321017228473677,385.51671628208373,0.7759805127080885,87,0.7799441565187135,1.395171663228325,0.28249129792733063,4718.506927791928,712.9489983676553,3.5502486476220114,0.027997593876489212,0.540591077892475,1.0206645638609,port_scan
1.409882347332487,378.5775979440601,0.701865993994806,4,0.2542356389943121,1.0082694996522972,0.1584713287672185,4340.03737944254,844.6517970619792,7.973125088697041,0.23500455257068031,5.6299740606732955,4.651286353178734,exfiltration
4.819096525876634,9405.290942036128,5.703287322408911,5,0.2832724458727648,1.6861633670921288,0.2719812890581669,3945.104575917661,414.4615808883889,10.43614143825771,0.2863401088042779,1.680061968473936,1.9966429291912373,ddos
1.885711217016462,454.6523252646371,1.9516430879976832,2,0.07805609306676743,2.234325741162893,0.19878979191415197,11718.047110078667,1524.0206664406965,17.916798991849877,0.039352766406771655,1.1008688794978043,1.7044846580360544,ja4_malware
1.6759533851705668,282.7650353060763,1.7128240370287373,61,0.8398704537122436,2.147186048237965,0.24918141588508572,3415.477292610825,490.7423430640472,19.353801133674562,0.1989818499923053,0.6789886681299261,0.7651146515933656,port_scan
1.0708142135333143,20.701072768267842,1.9698951227901167,80,0.9986315790447606,1.8122184132015693,0.19819319700588275,226.57644127672143,833.1613442365934,4.716591563029802,0.11116268557611554,1.7879898876715399,0.8564368763438346,port_scan
1.142643622344902,381.6268962205295,0.7814139391475503,4,0.10656535023635993,1.6687184534347845,0.14105197009304044,2013.1879009451034,677.4931875775077,10.609407288105258,0.23517796072534985,1.22358767212698,1.237414383976993,normal
1.4324921558953663,49.22414898663066,1.6672271338160185,6,0.08695023415484746,1.086350450113769,0.17065790988738935,2535.199846254626,844.8523295447517,12.196466369627933,0.1437639793925847,0.6345381193236068,1.8608926862732422,normal
1.6740422532156831,434.73270474834396,0.6735562509641442,7,0.06718369967818746,1.9777966029413412,0.23217363918495987,2846.9374278253217,863.0043061136811,19.09181378276933,0.1389140420257742,1.272147352418432,1.3721104644384745,normal
1.6458238328814476,27.698061869675524,1.601949768877392,1,0.014673476855123057,1.5531228948936107,0.12964619338339853,28031.72391069964,1518.761544019152,7.680558885931475,0.2549565904046042,1.8742867993426504,0.5465157316424766,ja4_malware
1.869069107476729,145.6977947185423,0.6354503701562214,45,0.6879824043446243,1.1911970573015407,0.2302896386335294,723.2031843226521,580.3971851143305,7.320262727884725,0.12999986840651828,1.9934322047382118,1.8013984192191739,port_scan
1.2731860677583278,438.1787113218997,1.5694702005716614,2,0.03557297277830453,1.3877708025993454,0.15145748069850057,35537.19917324986,1282.5798351658989,7.764840560804119,0.06114014928358179,1.2419990196610875,1.6139888542975414,ja4_malware
1.247499298151917,63.96591363411843,1.2252703590126646,5,0.1436314903652768,2.5424001156204152,0.1745809936591475,36399.89635163738,1906.0819800361346,8.45639931100602,0.23292824641327198,1.6891323435061631,1.9750891538891509,ja4_malware
1.853133728985054,81.08290101787759,1.0419111992718473,63,0.8934412952325863,1.1440415270731679,0.11504686817260751,2938.3947493944693,422.3287540818443,7.670993554839769,0.2704957259205093,0.9414859867221212,1.5666086313855803,port_scan
2.2418042187470117,84.4801460973534,0.6276068160353324,6,0.028129283334398035,2.974490113682341,0.14431465058418655,1681.5975997739372,814.6120363897393,0.05092273620129497,0.7402659501985089,0.5538793597393696,1.3820921214522381,c2_beacon
2.2489623159139738,219.19059881424465,1.4561564383433891,5,0.15421859530271848,2.751867522075833,0.12778436616270886,32594.628604613106,1861.2274048117579,15.51606175685411,0.005081228568243878,1.2770795298166264,1.06139536246866,ja4_malware
1.766584180752139,289.26462923772345,1.0292027455419603,7,0.2778595631943931,3.9125435904487182,0.028938317426026407,1489.048438327711,408.4900865435937,1.0726359940852155,0.03879536185783528,1.2338290982566682,1.852959416129325,dga
1.6056977634411536,27.6780387660858,1.7167181732086423,3,0.035667477082983436,5.500995633445968,0.037213181474978284,4908.233007165504,610.7187358037602,17.64174727490319,0.22731216144838395,0.25850896459460043,0.939551046609424,dga
1.3625058102704206,436.0350775589512,1.0856057743922776,94,0.9662512201385853,1.9858062038775441,0.20832358699378295,2790.3905991801253,746.927269225431,15.74319054413806,0.13887387562600437,0.26780886184141384,1.7784920169801688,port_scan
2.300794516428747,219.76133845300294,0.6990154238181301,4,0.2974287957624436,3.5750544089664116,0.036459732241256725,2783.8087233065994,463.96879570544235,1.672724585172526,0.2778784111248609,1.7984543966483209,1.650421333185519,dga
2.34231965812883,71.89809805355165,1.032956944836841,2,0.14602126941062965,1.6359054377069058,0.2667418793237325,1484.441852664393,369.06030319465106,0.1794561527297288,0.9143721835424677,1.8400567608381242,0.5202279447899841,c2_beacon
2.0116474255550933,82.90043399474709,1.7052912513362393,2,0.14758399891843665,2.312862655235952,0.22171156636197625,3327.4544409982936,643.582496394903,12.376847649433934,0.012064021389327006,8.263425337321195,3.400954194766424,exfiltration
2.7191605311995035,2012.7662046327557,8.355657246010251,7,0.12395417188067835,1.8308183622970526,0.19710028806858454,2603.8971313518914,997.5044933949565,10.127352399724643,0.23029225660498528,0.22823754910994706,0.5319708581524111,ddos
2.3134580214938723,187.7467829093583,1.8108084645121165,2,0.20924862305587574,1.474265108537728,0.2528398763466311,38129.4707696029,1522.6668304068062,12.983552843171713,0.00567717407693209,0.38811359574692494,1.8642925540113364,ja4_malware
1.5978943839952526,234.26060720141012,0.5540422323543434,49,0.7313949592464286,2.772420811021291,0.2723505269700728,3206.3269647880848,884.4856709302851,16.512730710261394,0.22654751137477253,1.3195062220514102,0.9522776136523002,port_scan
2.360056540716699,105.85237019194571,1.0776448738117765,2,0.09526679412797162,2.702882304427854,0.23730584586218645,2009.7519283179608,448.92606953973973,0.41936163284841355,0.7333001455412188,0.6727727002195127,0.7232296038750771,c2_beacon
2.2274192929492425,371.89920542736104,0.9410822475126139,4,0.2279342301384453,1.158391642331406,0.18294874304587108,4156.888692622077,706.7529601596491,8.763545306765396,0.2615182174932233,15.242450523153467,6.000019273532093,exfiltration
2.47126255216253,7461.217963150947,8.341681248979347,6,0.21771584193010615,2.9757883471247473,0.24332860634916895,2020.9661152006163,864.6337849656207,16.03987918748659,0.18378562274582558,1.9884618123906508,1.4009313177336842,ddos
1.1399609558735422,425.53641746456844,1.8445506826643694,32,0.5568954933954327,2.6342627964323118,0.10198760000365477,2751.614685631547,319.7159928537989,2.1605825388013926,0.18694628475290975,0.70564875698928,1.2889743228598358,port_scan
2.004156954032612,237.34173372952606,1.9831693870546012,6,0.17270754414205708,2.6821729807355195,0.23080740901501662,940.869929836482,561.8462067066366,0.4758000032818367,0.5563327270273636,1.338130417646935,1.8196453322262531,c2_beacon
2.0026044426857075,51.216513932872196,1.9293837027283485,2,0.06671037836904321,2.9900188346476204,0.1089928484997655,4673.60294854016,697.4292817888338,10.88674853334389,0.15525157331806475,0.9657478545986851,1.270640676427535,normal
1.6878219889247328,372.6809023857495,1.4436356060031865,1,0.283921919752405,1.102539533303633,0.2824233132193703,2065.1900511746044,768.3070060880116,5.261890347565439,0.10458256798814321,12.28900188588076,7.345057460510718,exfiltration
4.77080397297178,2471.0141558914106,18.881365449631993,3,0.20700262279966564,1.699195824115411,0.23541974380496333,4836.576976885844,522.5364111295663,16.116484007531064,0.21256805106556267,1.3485765406157777,1.7631794144756563,ddos
1.6692344133610462,160.69218548618522,0.9339802041535018,6,0.046284937624042795,2.455761783997044,0.1876476714175147,872.2474151135441,756.8396343989137,11.802390245946041,0.08247950759111451,1.76374239644636,0.9061035242441402,normal
2.20348244199215,2658.185290552427,13.684105344918208,3,0.2064376839288565,1.9137552149696886,0.22243848796640225,4832.368503163505,934.3498817612445,6.604179402620806,0.0026814674141139583,1.4637665216010574,1.1994376108446985,ddos
2.081055141689788,314.1400918407725,1.4539490137788995,1,0.03491032126049069,3.782395293341003,0.027867761720842252,2287.2051027758985,824.3183402851113,10.23614709838523,0.061309249051323594,1.946474997615568,0.7236904595575206,dga
1.0652125930191878,134.58910703953708,1.0380091872918669,1,0.006549417493743481,2.240293314931095,0.25798119634711747,338.7398910883654,657.6140044892303,15.641577320130208,0.0022369294271409102,0.8176477247182381,1.0529325965639018,normal
1.6146493122541759,257.61912486793267,1.016791391965236,2,0.1335314634994496,5.144161340003302,0.023023105407241576,3529.8365836012904,489.7478235383654,16.03594605451238,0.2868851848868595,1.4000063632558992,1.1922372844753264,dga
1.8993901622839184,263.3395485562203,0.7450875502241817,4,0.04885696537281074,1.7024458549225967,0.2875410865071959,1206.3143392405805,663.0064146459474,19.491863811855367,0.2510043656933,1.476278534421987,1.400482205069967,normal
3.050032947032382,2907.085149117961,13.386058361987185,7,0.23872643603604243,1.3500797761936236,0.23359041828455607,4612.7231214455505,863.462760274084,2.978207330919035,0.29337819055922704,1.9133629396714131,1.3880120460129313,ddos
2.2551404975601796,404.761123945319,0.9225108694416119,4,0.08569506889830078,5.439150154058378,0.026574049142401912,2739.9426582887213,865.5005133990687,8.300068363356335,0.03803744863070217,0.9760580000846271,1.7857486065367634,dga
1.2518597122159731,485.1167890950906,1.9822720736472583,6,0.0805823582054805,5.604255687805933,0.03703579046128273,1134.2109071396574,405.25064862271574,6.332975376730329,0.14594003459682528,1.3876367880882226,0.9482231150508349,dga
1.8168656362663844,385.0790617221941,1.5419642427497118,4,0.23031116610505975,2.8494011343858694,0.27683211339525077,1619.3669007697104,853.8699241513268,0.04286650498005369,0.4082708320336947,1.8451015896693586,1.0469296466004177,c2_beacon
4.452028575896165,4250.77666656804,11.84249668136204,1,0.11001375488736291,2.1910786218532188,0.29696458878013715,4424.366405019995,885.718201333898,4.520464002976434,0.1681909484125219,0.972953226629591,1.1264011999658834,ddos
2.471231163466758,129.4888526153768,1.177937205967253,6,0.1600783105643179,1.8908415923636732,0.1890771907036713,13755.505705854175,1720.2051207819338,14.047005524271597,0.054278522101222526,1.4462641036053079,1.377058708189991,ja4_malware
1.8778850988406568,94.23125821150305,0.7427878298873347,7,0.27684813631025024,2.4964371625532324,0.2116941524421938,3834.9277028058855,442.94547631852555,4.571893234199612,0.18843399321650153,5.380484784618147,7.246173133795597,exfiltration
2.0503976530033734,421.14416813203957,1.4832766075145785,3,0.0649867092552128,2.2210440084276497,0.2479662188077009,2937.2303801753533,316.30374200328527,2.4235122289299067,0.08226894671711123,1.752795426355564,0.6986770972163066,normal
1.8267566707033984,94.48160407248056,1.707396903155613,5,0.10085193006951616,1.075247051367361,0.15184059596916294,35223.81676229846,1857.5777663250929,10.837417295843064,0.26630855755176847,1.8772742038592771,0.6058405818626103,ja4_malware
1.0209044315623024,148.7909972925559,0.5398666474959375,3,0.2717706656453335,2.2495212693691835,0.2035757151337157,4955.24263611971,348.2572662127883,11.03161729878346,0.06833615728836141,1.8769805514074673,1.1453397895190054,normal
1.0482577354762193,422.24686164630947,1.838905072861667,97,0.6878833773965507,1.3152249410194492,0.15250983095897924,1588.5006582581932,928.5690830349132,16.968236857398626,0.18079000299362544,0.8932577353633038,1.803612519348162,port_scan
1.6987373372980408,22.181420732129272,1.0438840245687473,4,0.18593684440397568,1.1775653768459855,0.29819394767081375,19471.982590346546,1872.7406159024636,11.173415714260317,0.06525458795794743,1.581528275612122,0.8399664676939493,ja4_malware
1.2042713955800979,497.4307159574973,1.2141578286516739,5,0.12510871248914038,1.1279799021842676,0.17492859101031658,505.0400733092119,419.61899402013273,0.7278002816789739,0.4764710618475749,1.525502587789769,1.793082942011617,c2_beacon
1.046226751851909,189.63810861698008,0.5348413735201377,2,0.149758267626667,1.9925774856584717,0.18692083513619306,519.2324409901264,780.0813133366767,17.21904965079983,0.1621715555665986,0.9323947278467366,1.0261009276149178,normal
1.9620436092883566,452.7346682014164,1.458005201175213,7,0.07231033671710749,5.555292027881158,0.0672000472235331,732.8126878463113,396.10245622329046,1.5875925121771783,0.05855836722602815,0.4224452485784689,1.1470922798030494,dga
1.1384299798768514,472.66399600474335,1.667870705817688,3,0.03269450590592408,2.099692856486117,0.20414106780111008,4395.672728620951,814.2421906655236,0.446969913390407,0.916371306352144,0.6834940881278116,1.233832020696096,c2_beacon
2.1606304885135588,386.554114585149,1.9889988756044594,6,0.16915789860847388,1.9105676753626615,0.27460877100901626,30178.969788499453,1960.4461663317902,10.73594551757664,0.27549875568234594,1.5576548363290454,1.464975673010466,ja4_malware
1.7234551554143502,359.4965161927321,1.137165387223184,4,0.05661366300867577,1.0897606449525532,0.28827338025404936,4728.195362677867,894.5740861959073,3.930628819806354,0.20851151634297546,0.5433697144399955,0.737075436678269,normal
4.6230845156093885,4914.737755479162,5.7251696332357,6,0.20209366098486456,1.9548501705169237,0.12027501653718374,186.484385104501,817.6479290068055,4.481220401575486,0.21878441395179962,1.0809384702280502,1.9999208861818003,ddos
1.357609230506785,37.06206588617913,0.759440580461271,5,0.08897372201630678,1.1212727840358738,0.21117342124501393,15807.090991500252,1404.068769622577,12.244307865748183,0.030131902023184297,1.7501343376190512,1.275040722695521,ja4_malware
1.4912062007039437,420.63679656554507,1.8854693351235188,3,0.14383911868878213,1.7778937026190766,0.13777548070106005,21209.78495431879,1326.917872160244,16.40553892484221,0.025313349779047988,0.9821100316114963,1.0659487116174144,ja4_malware
3.1445459838880323,1420.343859251646,7.8896597276140685,4,0.22784657909055822,1.7850700137948414,0.17839009101829834,474.80313272963923,563.1212793329626,18.666274756818275,0.14628891376827308,0.739580459124402,0.9680650615323091,ddos
3.6573100501004583,5214.110820917399,19.66524571594817,1,0.12318634763529478,1.014927640823536,0.1278620655283061,4774.288359325603,649.6286513618101,9.995304024247917,0.09849663281091485,0.289222617394469,1.7059425677945537,ddos
2.2308649926883044,313.51412016448216,1.0208454353445662,93,0.8425119141763701,2.6838266831208477,0.12970408096781588,3738.4862058560175,685.2193241216635,13.912978670106222,0.2610889026208999,0.2522475079027708,0.5173195992444928,port_scan
2.347808352044106,424.2374780565859,1.1799154249473074,3,0.09312919111515419,1.2736522955593546,0.16293557006817097,4326.590045232111,492.2965574420084,0.820423867884712,0.8044060647610466,1.2291495845443146,1.288186515714335,c2_beacon
1.5563834257936582,361.6431823443681,1.7912014604308042,3,0.06083713578274765,1.2145741150474538,0.13099703562121134,1237.1942572819603,513.4379416994414,15.729431791671082,0.24447067771560071,1.0433810530553722,1.3918793289542197,normal
1.561276065110774,392.4847573880263,1.8325481795942609,1,0.2537098201940916,2.6389015110892746,0.2958486479173589,2021.0080631230953,537.7637246630079,17.267706199819916,0.10595634891628826,0.24235059768189926,1.7918560130276813,normal
1.9280291507238887,286.92559571401887,1.5241501754402231,72,0.5537812474063912,2.7316470119406357,0.17228538148825132,4899.931465421888,720.1780191199202,15.664130795847383,0.06376422751534973,0.9293158114379307,1.4527522442700864,port_scan
1.092630298876564,87.62969833816709,1.9876313444074607,6,0.014886397947083617,2.445549917242475,0.17481546979183776,36637.262517413954,1824.9912826332265,19.274474879944798,0.20273240158461225,1.2252928412258461,0.6953243219458202,ja4_malware
2.4703071773480225,358.02014865463343,1.8686731944434627,3,0.02025819432541601,2.639316439070326,0.21100204918798104,1567.1163246009696,382.2357801373811,8.604028402355365,0.13291559980750411,0.4230030967190441,1.6823285629995848,normal
1.1186137234341802,344.4926780011792,1.0539581112982694,2,0.08144640885172884,2.2887022480917385,0.2950753017648463,47916.20012475099,1488.353840164844,8.68109306956927,0.0906272032893969,1.762496531704519,1.3716291080529839,ja4_malware
1.1892981292159601,128.68431479471525,1.5040648889211288,56,0.5701510779002006,1.0516097211636632,0.18744704392108863,3533.033239382942,717.3274399646859,19.568668873066482,0.2500236024685722,0.5879015289763807,1.5294130003192525,port_scan
1.876454862119802,239.15135996497736,1.722729196294411,6,0.26727820854520107,2.826927110427704,0.17941068299616086,42743.62744124647,1839.157695246367,19.073472255768966,0.14932554275948037,1.7312927930897415,1.2827557611963174,ja4_malware
1.292093333194356,447.9215411960329,0.8984801830844202,32,0.9638832797972796,1.0799640041580942,0.14263211577434026,2107.4916976533805,991.8415457465335,7.366558875564847,0.11208048965201574,0.7248626684275721,0.5997084950950328,port_scan
2.1786685185411976,240.87007510939935,1.36852724622019,1,0.2876158599845951,2.09358951437338,0.17275089171004404,4261.599706186312,860.3134249960989,19.498673849603865,0.006166614010287508,11.25617705060415,6.636857370686403,exfiltration
2.0149072938354546,444.6241636098348,0.7370280931290889,3,0.06043642238292901,2.14464252309783,0.14616235999512023,47497.92726492054,1550.3208035986872,13.350836275349616,0.12184909335421898,1.1179959307031053,0.9919041459206135,ja4_malware
1.0602269493205996,388.45296396053834,0.8087296895195113,2,0.15793802719050412,1.5706239871984276,0.11153853433328803,1003.910762477619,943.1585950876397,19.941279067590767,0.016287326324373772,0.9570224180671625,0.7976312701423124,normal
1.6209228591604532,431.5341565315298,1.3296187178762626,6,0.2966642614421754,1.9855790737605965,0.10087820286922439,22818.42521518047,1830.3059742477076,8.992149266110884,0.0485476823417042,1.4581218919736798,0.9844819534384335,ja4_malware
4.937973744111215,8035.2919081964,19.77673691015893,4,0.07275825907518917,1.5200265593057936,0.23762956030819107,3443.669994891321,422.5118827760606,9.000599032612964,0.15601256530575475,0.5942773277018901,1.9850123305594047,ddos
2.394389003682625,204.97418379202813,0.8860016106454002,7,0.27791946293771885,2.408871587892806,0.21679509105301073,300.61271622448214,683.2912621763677,0.505345834832849,0.5499533324475048,1.4646179153435412,0.5331196404861456,c2_beacon
2.3420872784160807,186.1025913938207,0.7228382408767623,6,0.14937139336649674,1.9835732975664921,0.11860927580135106,3660.002477473306,472.9501779217454,1.9492821398304683,0.16876638849219225,10.448151544170187,6.5683119930164935,exfiltration
1.1550043077065681,297.0739409041616,1.2742814404036062,3,0.1110803863125984,2.810140053244742,0.18970773638227068,13916.806368078345,1503.3453597360467,16.74799579289808,0.03604429950410171,0.5768249089494809,1.3693315334115437,ja4_malware
1.6273183784621486,121.58396915425378,1.8053494612153396,6,0.18357669083267553,4.5157396081513115,0.06727097420814655,2521.611282981498,517.1638118502373,14.194715511094248,0.1830707221726158,1.9998382946488957,1.8992624824202284,dga
3.283847944675184,3029.180464274147,9.115296202744267,4,0.24825285294210772,1.5398383060535128,0.2411203978923272,3709.6813800516065,346.54165990211277,5.077870233294729,0.16311823840728062,0.32469858830808707,1.1881985915690831,ddos
1.177717865825562,89.8070352717319,1.8544837301092052,3,0.22942700637979457,2.6458717543861945,0.2553814109913661,4042.2754309579404,796.4918077995737,4.341145236339113,0.06821728368685456,0.2865953504300024,0.7747709054505144,normal
2.206541373419456,352.1129655488576,0.6487354558982215,4,0.27800114642438456,1.7666855868210158,0.14825869033790604,3773.6738185341155,350.28440881352606,6.323817200889953,0.09984161163678008,1.8426485858551436,1.049287200443938,normal
1.8697135479614733,64.14324332785625,0.7233763149914874,5,0.18988602605903002,1.2946348666380971,0.15780433909959984,4727.8083195618965,529.4551637866857,4.162757937777738,0.04835603566857507,5.23376463786292,4.270184052374118,exfiltration
1.8942205774000302,48.31147454645363,1.4316314753432269,2,0.23193859684553178,5.774771943792183,0.0686807110438904,1597.503291988822,470.04903538626405,5.685085076276937,0.0802492942057554,1.4756824875213674,1.0166342907458774,dga
1.230420092788088,25.32892132180583,1.9679512158506585,5,0.009613076813453159,1.4533973038294214,0.11831196687411379,943.6362520463287,616.9402215789725,6.672302726290651,0.14601298024304848,0.5469372034233418,1.7349382421626254,normal
3.650402512092222,3709.150416620966,19.267647282345024,5,0.1462552081696878,1.2058059484472718,0.11287702751580256,1932.242671671961,787.5621193093791,1.634148285543774,0.09572438120297116,0.8787296555288961,1.8040024044676126,ddos
1.0971007913224997,82.31772349793168,1.3992041772689565,2,0.09473414660045193,2.462926378553374,0.26490597668454086,30337.140325910827,1553.1921235045247,16.33144242164446,0.055222378914993604,1.4400530871864106,1.0314707863827546,ja4_malware
1.7567964852894797,69.12111534740633,1.273633514432077,5,0.17524864475498877,2.3428070483460637,0.2728148941484298,4766.200946996561,393.7409505574909,9.608560295386717,0.15914253697698974,0.551498924371862,0.8938088234734956,normal
3.8208993980416497,5230.898483488472,7.937570474437779,2,0.16189381542040407,1.3645706979812335,0.13203549833335002,2718.4252844234143,432.6063777496265,15.383759067957126,0.2869906068471164,1.5979945292082076,1.3324165710672293,ddos
1.6388231295602649,422.18981604532866,1.8944999313793327,3,0.1560215736784464,1.9972000767842528,0.11961596541818649,4285.592282805461,426.2476051441381,15.640626752916896,0.18456901516058763,0.6588216268446269,1.7282658274136617,normal
1.4056572773843583,218.42483788414273,1.610002273504774,2,0.14323282343239369,2.214418109993396,0.12443003085624699,48672.626792437586,1785.3396557921783,10.527605682449414,0.14327360338308778,1.984887234053464,1.5935517253371065,ja4_malware
1.11493849324297,382.20009751840655,1.5820255381938975,1,0.10564216527538378,5.993773370259429,0.07656559590347416,1641.1062567232946,948.1499178983275,17.071205533526992,0.06384396951219128,1.6207945458487538,1.402925678610495,dga
2.006712798485256,30.381611197951834,1.953919768796709,7,0.14555778999365684,2.95916175533518,0.1340339029182709,13032.853588799186,1921.7351234480168,15.429630533784904,0.15185514100245406,1.6370870324685822,1.398064013637883,ja4_malware
1.2607437662053835,422.6141667833866,1.3878542465593686,3,0.058255044766766205,2.0174518682154297,0.2068147921248301,46674.11265537557,1451.122194888932,10.633696611893187,0.04247785486328299,0.673850678642478,1.7521956815993116,ja4_malware
1.038636012840664,278.432631749778,1.8614158734939248,3,0.08172193463819886,2.6546061033604467,0.2167845070430095,3223.279992398957,710.2430565786356,10.188248828660171,0.13539617409815158,5.301893042870558,5.256765863610921,exfiltration
1.1636329086255928,241.51868785252353,0.8358509464625741,2,0.16483923910119952,1.1339349269770789,0.2521288695590801,3200.953164160119,406.9769763358129,0.41834538552195155,0.9215749586513271,0.30712401235014647,1.6236066301073626,c2_beacon
1.746818379598667,312.082658908834,1.3491196644597911,7,0.2078186120177713,2.2015818571126653,0.1918850710844221,3689.6194624571162,842.4558076385604,16.56543208972464,0.27830931851460644,16.5274897854758,9.109128668648898,exfiltration
1.0817504724869433,438.54181852923017,1.438984335048621,5,0.077567153444622,1.7866037673986157,0.13086074374453688,221.4115882918243,422.5034736028868,10.973297219143358,0.2259928846788951,1.7373597439379798,1.1899231054047872,normal
2.4040622617580967,481.1272797658239,0.7702765577255719,82,0.5326903263672607,1.7455027653583204,0.18673569738485357,1875.5789848512504,465.32418431137364,4.037480951945187,0.09866109287622483,0.7450946534004519,1.9147498388747553,port_scan
3.5651803529096684,9427.710540353963,14.620956998964534,6,0.25558043108754863,1.3900664310761033,0.2962790771803341,1396.6212227882083,785.4639812434132,10.644870228885292,0.26616357930680334,0.7573031654742668,1.1426261924553363,ddos
1.3909278427935041,219.60497365254653,1.6241293352003696,7,0.23438973709722477,2.9824714858658092,0.24596868927483273,536.383551344328,917.0069951019826,0.8810073830049256,0.6093668140696417,1.352017089593509,1.8154329297085174,c2_beacon
1.6099864123926033,268.1572622571254,0.7840566382913606,4,0.23686917153862186,2.168879633121529,0.21858999521396433,1277.4800183533207,830.4696692043586,7.492114492633102,0.02496018220417673,7.434586840528233,4.715982614221446,exfiltration
2.397890734316687,231.65865814806332,1.857075255374423,7,0.03381365173292352,2.6052740415089835,0.2737060421154125,43546.87553291036,1943.4163398032474,10.809528555416357,0.10658013602600427,0.5710913814563265,0.740003615598857,ja4_malware
1.8445058258713596,101.32685328435272,1.2920306824565093,3,0.2839323639914876,5.705542715762432,0.038963998174087085,3989.120692077253,391.5489229823472,16.132050270443465,0.0688767351439415,0.7659316908634226,1.7051130275938364,dga
2.2242665760894496,53.97059535224501,0.7240465207813858,3,0.02960801871750843,1.5341389933946459,0.12289192823799122,3125.168444278977,831.6428748901633,0.6049516986336531,0.4374428636795382,0.7277217698009169,0.6294872162250114,c2_beacon
1.81535135322786,65.69246164250332,0.6625628778026806,41,0.6572276726067754,1.8722341264003668,0.10027393887504635,330.655416991641,715.5462998581681,16.070992917509514,0.00648757117301888,0.8063561461414033,0.5632902901775203,port_scan
2.221030576999052,61.440060789074586,1.8858117492477595,2,0.13517293908026445,2.6535247197898943,0.192559787563357,228.38727252018626,589.6196274899598,2.2847801449566045,0.20468691559791943,0.6441610506989773,0.9993001259245113,normal
2.2664079384965956,436.20181140363053,1.3567198083505259,4,0.13366517715895973,2.5372004439103115,0.24554927048760344,2091.8353368295384,799.325693696008,0.33886597030541327,0.7785144574085239,0.7581126490746826,1.202616430039472,c2_beacon
1.9991421101823987,125.13066207392069,1.5106992496290408,85,0.7590380661685737,1.3284828483029552,0.25514207265333977,4771.49647815451,411.1604340912334,10.379614355401683,0.22774946028730902,0.8376579668101598,1.8718905141506808,port_scan
1.2184075856833263,30.83688814383536,0.7281183915229277,4,0.14286940242864052,5.625004532603807,0.01234433894181044,3247.988024444741,705.7972749827837,11.259390284203882,0.13827964479691104,0.9835370390943361,1.1495837351292257,dga
2.1273198432142184,110.30627694742057,1.9874015749354623,6,0.02931905504763128,3.844294882449682,0.05145601879677814,3060.506144506111,545.0675968669965,8.93604877561696,0.2620414946436379,1.519184804216321,1.52629179194418,dga
1.3973922722203191,175.52724536143876,1.011893027848558,7,0.10413764210573108,2.037083363192603,0.2706331968943946,35741.56310645806,1310.2487330848276,16.076489913867682,0.01260409033494576,1.1499481850824729,1.3545880315079235,ja4_malware
1.457056905641247,307.98331383814985,1.2622893721673671,2,0.07599228021169312,2.481630463271573,0.2615667819412564,4016.83741777998,910.9251809065227,7.395533637744819,0.13268470953679162,1.786813759755888,0.6701472670489992,normal
2.9821538320898027,5041.85173676567,6.541651412576022,3,0.21296137633115222,1.3256221023531163,0.17838510144922623,1866.8789810942064,854.627954188638,13.41588029185322,0.12105288847597649,0.9751190202467444,1.8715842537509024,ddos
2.4955519867563596,480.0728503414481,0.7840452375092808,3,0.1807230759274343,1.905740331424036,0.13722775082084776,1656.5105819455166,706.6099439054674,8.91791282398685,0.018828983379180864,0.7197338634316452,1.1337756043685212,normal
1.5645392102212394,106.40366856780935,1.9380612889579012,6,0.15126580666133058,2.041951265511547,0.244273775502768,2986.202022460066,656.5102192573753,13.32173366969762,0.2623516797339535,0.40379110941269286,0.993790506597851,normal
1.5404733305106908,487.8660097931819,0.7650720817155743,3,0.12963329648572663,1.6038532493998363,0.10066650854499311,680.0628279817794,987.4235045378979,0.5441220991433812,0.785998610785839,1.8100154978272935,1.747557836036268,c2_beacon
2.1534413326557527,274.9162010576686,1.488958856980959,2,0.010248548473424901,2.1225217854652816,0.10213256263362505,15000.592486883968,1899.407880662256,8.41090815652045,0.06522863654669261,0.26518439262778787,1.9444739571924607,ja4_malware
1.9099515699164225,304.92917014078705,0.7298788217738044,4,0.07108997921916074,5.737892291457702,0.02087352444311938,2452.803612494894,882.6275005982984,2.5366177993519634,0.25230812716192746,1.8603973230287314,1.6968340199730565,dga
1.1034800892823506,185.36763220814288,1.923708616064727,6,0.12287833349348476,1.153105916097683,0.2963061611561434,2315.267237201585,579.5381425574903,17.233504779474618,0.05095944701463355,14.48477452564527,7.974462058058375,exfiltration
2.43752831253153,1686.4360327644745,10.895266561971187,5,0.18718833691651068,1.0638589566417747,0.25084416658544867,567.0023621367795,470.1748841771287,10.129207260517461,0.06619746893657792,1.2728885250045783,0.7211575318853517,ddos
1.0849228069476478,312.2235462956819,1.4057904031283515,70,0.7421359195588079,1.9210060315393256,0.18283951400668413,3703.720347631005,301.6426179808357,6.495745675493353,0.1639013849332613,1.0106152344584753,1.3035913342069332,port_scan
1.8478541597217832,423.3583085336452,0.8826603965410711,3,0.22287189295742468,1.7693669453226828,0.23870108487121214,2775.6649270655907,694.8502732476098,5.913207549932808,0.1523126530599372,0.8245280456615538,1.5185150422542795,normal
2.4372896007195064,7591.08726672189,9.032754805880202,2,0.24227743174855274,1.2707936234099153,0.16940385781656936,1865.9171011477627,692.1221491372328,12.525971262377421,0.012119465656686168,0.8619214185914719,1.1926019550910498,ddos
1.9978186274237095,155.4502964613985,1.0708041145097833,2,0.1266366120946045,2.705157229555126,0.2688991040441543,3754.94976711868,359.63630032727986,11.696024705567936,0.24346687524117847,10.606745756355744,5.661372404201353,exfiltration
2.494958924705611,271.00800981028164,0.5652168421809882,7,0.27106828992858045,2.3743072236109324,0.10819233077180085,3785.297853843412,632.5529175901336,0.283301757615461,0.9123565747038437,1.0051320985203929,1.049720542781499,c2_beacon
1.3037590046296337,284.7138730450661,1.2299325168864832,62,0.6251543811692081,1.640094587544883,0.294607380629197,2988.938562609098,619.9117186559357,19.750144151839855,0.1762282806091901,0.9559786896929392,1.0441428580204424,port_scan
2.433434885570455,480.289515941318,1.4694361448428388,6,0.11069656599010348,2.039507319391686,0.2861188541753808,2106.561450635505,437.8858777232913,1.7694800867339868,0.2618416595986193,0.573915323665247,1.9931135923167504,normal
2.362776834280065,202.39060789178234,0.7440557198374171,3,0.2516037386641688,1.301815254553429,0.2934639179097951,12831.049474208065,1448.8793919138716,11.136291290529147,0.021776297575658087,1.3996290409530465,1.7913750871466085,ja4_malware
1.4716599703063944,194.80089337428356,1.7134544037601236,4,0.057882520948044636,2.863648581590631,0.19083580234045383,4194.0138834118725,569.6729426233125,18.0924124902834,0.1662894405838794,1.3062150943314694,1.0125564429361635,normal
1.6359135935993483,82.49386838553504,1.4374232362113901,4,0.04890168912746834,4.868498247364316,0.04712454899236349,1238.6568942790798,538.9275530088013,8.275888432217227,0.24994467083640795,0.8081532843807868,1.8678864673220947,dga
1.6303777774488837,223.88913636649585,1.3160082987639985,5,0.29025815005748207,2.2080951472513757,0.28155922225238306,1917.8443596806244,488.97731280163435,0.8048366940802743,0.9377273479211362,0.6077251919617835,0.9040759129062009,c2_beacon
1.6341763167862866,359.00696032603895,1.409022065893909,7,0.20389103812311413,2.2815150829561746,0.15225098097191417,2432.682426199017,745.4955865773989,11.158038670955957,0.15639247547162802,12.281329036483685,8.898524998970625,exfiltration
2.348805274265512,393.72768750644315,1.078723105627711,2,0.0332830015566372,2.428100647685813,0.16094331732136566,2588.648493695791,682.7704281110048,4.960936553918113,0.27381088336066417,10.519094772866637,7.106024348113285,exfiltration
1.6050263722321747,178.93490070188992,0.8805531003193545,6,0.26799584654984426,1.5411267840170644,0.28106325302376167,1695.900651309655,515.9113947008478,14.826063853101616,0.28880884319854294,15.41713932145896,6.986519004961535,exfiltration
1.6755789068433506,66.76979492428151,1.1916491452323614,6,0.2765692519497601,1.8581977429385137,0.20501864666897274,310.57811566980445,415.55502146146864,6.301186264868401,0.27963403451135155,0.5492000800872987,0.5797417576020916,normal
1.6415017414553739,181.70460648177274,0.692228749709298,7,0.23372778438843433,1.9405924027192456,0.2595097534310867,28322.739692789448,1800.7836676805175,1.3488991396413161,0.21880641192977682,1.8690521125586064,0.5352793839056907,ja4_malware
2.100776406258215,105.02952274282168,1.1666249911238185,2,0.09681889274148542,5.033130566157951,0.07152215590331086,3270.3811431751924,869.7928181134725,6.087340261228647,0.2276747090362688,1.491294857094983,0.8789250457127756,dga
2.2301232572248804,299.05113853973455,0.8370962874192096,6,0.22816757405278662,4.900755838974461,0.04415063785918489,241.15042973135547,447.9333016438097,11.247043410918499,0.08897544198379238,0.43874522830025964,0.5249425331168946,dga
3.0354866573471044,5828.1724807258115,19.157394951736677,1,0.19121992780198072,1.0709174538978778,0.14910655986769514,3969.77763162659,480.6757825644628,13.265580477948502,0.24357745801729103,1.0327029711171498,0.9975676691918801,ddos
2.1190214203651694,121.84390897707607,1.7785734768953994,2,0.2655278964680402,1.1066501698666813,0.2548835668897566,2878.8358908950822,428.8974520044277,8.552007590122315,0.1318762125904016,0.8525339872467244,1.2480017501432914,normal
1.462094514084378,242.80361949406876,1.8979201381835151,3,0.19044370033085753,5.678422990532331,0.07161304756764081,3560.8097789061703,408.95706455150025,15.536246188378163,0.2666698629227929,1.093202655878479,1.3991862540893227,dga
2.275800518786174,345.43541596290186,0.5676721185639177,5,0.25328170727473337,1.396765926563056,0.17530774655931636,2718.454371991692,856.9960354875034,5.197629382045335,0.2528313832828286,1.2128654954783051,1.167552943747298,normal
2.087421437889687,407.80922438443827,0.6849542037762366,2,0.22035902556817658,4.953900600066582,0.052348179906934085,4777.056097076437,399.99562102140493,10.911944027749112,0.21243322083837102,1.7689947544634137,1.5045691019765206,dga
4.846893198360634,5065.740078875644,15.010761274411413,2,0.10280430553113103,1.8806022962935771,0.22086083271003848,568.9904055062525,731.6039558223326,6.617243991620253,0.02316672672560035,0.5433606040181841,0.8536946120369848,ddos
2.348741338246402,150.3371172970164,1.2439929023627183,4,0.2640175792495058,1.6376011715706758,0.17311314302981387,3898.5557793813923,693.7803468411307,0.7130097995933733,0.4513808754466789,0.7443880988645057,1.8228813052022992,c2_beacon
2.0030159030875225,38.97941693720176,1.6759152841138472,5,0.00466661436840281,1.5109208334162278,0.10728262746870686,37509.50135386963,1491.2682507797247,17.96750043304384,0.26953576986203226,1.0713834585045552,1.334091129959277,ja4_malware
1.249931808790478,119.66062404529701,0.9076667076664144,5,0.12040356749119602,1.216755068494878,0.2001871066890023,4681.650621641299,462.5430820616638,0.5030438500100759,0.7320343884583334,1.268765083528792,0.6002422384922897,c2_beacon
1.6350112743805079,90.2069563201525,1.3130443126766154,60,0.7697715120526707,2.02509866505939,0.2961040240713617,2406.81338660931,944.2119346430609,13.014988842363154,0.18198334699553342,0.6136654332254365,0.7473581578213764,port_scan
1.2199420589621461,314.088568781895,1.4100337085226562,5,0.002973484274709659,2.425414765001528,0.14363048877483323,1131.54241103467,473.0075900226094,0.5419403738023764,0.7598731548069269,0.2860952973989044,1.8353080339529775,c2_beacon
1.236569110754737,490.5787718160752,0.9354182434024401,1,0.09363871736784458,3.947089518536159,0.027814099470744272,4996.038106933314,533.49513385375,19.25039915890767,0.2899231814969375,0.39326450739973773,1.2075272900106848,dga
4.145279573556479,2031.44381694844,14.512992871553148,5,0.11186264146238419,2.2790732648153926,0.29220408171688406,3331.6107633875317,580.7529265984732,8.189683405364951,0.04115350064694135,1.4840175920977514,1.6480195277057401,ddos
1.655727878308496,494.6751713149667,0.63758551858851,3,0.22950732155341286,2.9441403542617715,0.2671725942538586,1828.4498721056377,455.0909495701512,2.6025529943279144,0.14732454794837413,0.7977821381138086,1.729984921668159,normal
2.4571370955748226,7064.8914063552465,7.0310973027529045,2,0.10029775867323826,1.807040284606634,0.2530099951165906,914.2339238245872,648.6309173558519,14.205200001350619,0.1894550249535382,0.5092960503653048,1.313479398333952,ddos
3.9925424367824633,9906.845044532536,18.522134432170148,5,0.25113315402161757,1.5141400960944964,0.10888140072556336,534.1987693994829,675.3950087171678,19.180293026300184,0.2543218508644242,1.6532804428023595,1.3668392228319899,ddos
1.50122243501715,295.1462142832523,0.8420687187703735,2,0.2682042512670724,2.1075485358129793,0.1801556262281197,3207.3712123814216,336.50349863290916,0.8787716813005929,0.7187678095586677,1.7460188463993804,1.6543518050600388,c2_beacon
1.8641257281329824,62.274114219654194,1.1769827658339438,7,0.14465205682142115,1.9907755402511826,0.271583226591542,184.67088996706593,468.69479079525394,0.5603615813720398,0.8952287534953511,1.6184780679447177,1.503811197817788,c2_beacon
2.375619712866727,470.1423342217422,1.8381745418112665,1,0.0914249412741573,1.2373430807109984,0.1727689276347452,1822.7392155223772,556.9224377032208,0.24417404310554408,0.8382925590557511,1.4341059862983951,1.610253867023048,c2_beacon
1.5136999747105857,468.3584525863758,0.5808263446077527,55,0.6056295159869114,1.9251848492813324,0.15400547364367262,1044.2348382015907,522.7165005547595,16.492624089099483,0.06294441942400461,1.4876579982693714,1.00176662479593,port_scan
2.2561492014874887,462.07125517254354,0.6596741392921117,80,0.5318721012772794,1.5526784426724962,0.2536972960525625,4521.908004701013,961.0360933113529,16.89295533443864,0.12443963587582679,1.4655696274723136,1.7499916226661532,port_scan
2.035743164370031,57.142598094131685,1.2107669605817426,95,0.648097964848976,2.6156244727214295,0.2719431033400524,4664.7049899556205,924.8716378818403,7.297739975567458,0.28671332935110155,1.027210289857109,1.5508717124210059,port_scan
1.546288026658081,489.820070516567,1.107491092243726,3,0.08380644365811875,1.456672463263852,0.16625021206226562,2309.4848090943087,920.9273142313868,13.13323273028029,0.12949506243037578,1.354962222040939,1.5303473832781047,normal
4.09116132808406,3728.047071192161,18.904555958662968,5,0.2928350220120869,2.3776281943983237,0.12492143308887621,4979.26710468345,878.4774130034402,1.5733545054093763,0.265100821925,1.8001985518127708,1.9910141981028695,ddos
2.1988670747681,440.3992095672928,1.1955135720222516,7,0.2978423871811335,1.4651045248861272,0.22928540761165642,1307.7316801087914,809.5115991158214,5.1381683691859825,0.08642462188069228,1.276310923615562,0.6938766334214292,normal
2.604334948556608,7637.936655918117,15.449068113768554,7,0.1509401678373722,1.6387320470144064,0.22417505871645182,3139.8441117994057,439.7305264280102,18.940201916909544,0.10740787485376241,0.7325203354055803,0.6745432838562173,ddos
1.1412623665116255,145.32824666148537,1.6035946128521292,81,0.8224671330013745,1.2250259093447058,0.297633369768589,654.3805150128123,566.5252270919722,13.630748807042403,0.19622223771278527,1.2114988912236688,1.899600048334705,port_scan
2.0297232809080383,310.5698088813455,0.5130814313346681,79,0.7222433167958178,2.352064171678893,0.21219286520417313,952.4041503360223,454.7454765973544,9.772374822001789,0.047039309450580935,1.7377835384572955,1.0233589060969757,port_scan
1.6060515861111488,134.06045700203475,1.9050045377976899,2,0.10654946609816154,2.0245780854098916,0.1548491070436206,3227.6064171714634,427.2106974683483,9.48913054912081,0.03071109900453682,1.5740966974579103,1.1669824554370936,normal
2.4191874040184933,457.4748145932674,1.6723040555941235,5,0.24017590295397578,1.9123914310323662,0.22873672592929398,1751.9020201319922,697.5011606632434,17.394502866282004,0.29125156946347824,13.840778183643367,9.322565959607003,exfiltration
1.985749744782674,39.971508800297975,1.7343447956101277,24,0.7442496362319788,2.4100912462970454,0.2662132899343307,2610.4809237359104,864.6685316931621,7.336959011519066,0.20799240909423694,1.7754915588993496,1.4518139029461017,port_scan
1.0383241484050076,94.54654246078253,0.8498031809154828,6,0.05268923728290048,2.3944972572331515,0.10195346184715864,1348.09373819407,921.3377660966382,14.745689489656888,0.14741731072835798,12.165741253506223,5.818369114317003,exfiltration
1.292736358180981,271.0289945878174,1.8988807635063472,6,0.12073027654646501,5.39403141180287,0.05875550626772918,3742.574139557942,359.72837739249644,10.403187064607774,0.11116818367833177,0.24737156512920444,1.996257648931309,dga
1.003692225136839,145.09713856952845,1.5670476920762173,17,0.9497202350389238,1.5651295906687916,0.2595149508188017,3278.662962411252,938.1097063311237,15.286502179834262,0.27614034722938746,1.424887751484624,1.4563343098199644,port_scan
1.1437625500806718,114.22346992713057,1.5061828838652618,1,0.1390189865768921,2.2355064316439233,0.2702950176534515,21322.15346887883,1664.068836039743,19.4064185892941,0.0034566463963430437,1.1844908383861488,1.3479473922632923,ja4_malware
1.5368150025074625,318.045058569364,0.6781168618848197,5,0.10494785529760205,5.0830624807676585,0.04990962143980445,1490.555320277638,941.8589104682226,15.461662070023204,0.08009004587362677,1.2076019345268625,0.533223999900212,dga
2.4595380827631756,359.9396196091501,1.0330301785361988,4,0.1286870491222475,2.727321951473625,0.1608258966893816,567.8859774801612,997.4566214811991,16.812952017602058,0.08589477155110896,14.93282625720917,7.543158922539169,exfiltration
2.1083239235800346,103.68091344081262,1.631250097499084,91,0.7635306527330815,2.682878943329162,0.2189895061352139,2330.5792519409088,395.7030328348869,7.880308467386041,0.003430481627677828,1.849591780352884,1.6111591319437832,port_scan
1.9498689785791998,216.65807269122382,1.7263922967178271,5,0.2534992750989373,5.248550282526315,0.02778636867319699,4786.809110203218,373.8600996379539,11.237297536724155,0.07244948961789487,1.7522341209528447,1.2136653581512382,dga
2.062537015410727,188.5660544873663,1.8002359023863481,68,0.5194544401606218,1.2617567907972849,0.13833141746791164,637.3986021931541,991.7301473966331,14.541783063060263,0.28280807584334033,1.2483726096338927,0.5614659631366381,port_scan
2.290896061848589,89.27572769483344,0.8404433532834827,5,0.11155246729385879,1.873195930435676,0.26113536861068787,3919.8048147567165,411.1269488012456,10.616384290757395,0.0936879087613334,15.264598289102455,4.404539547046099,exfiltration
2.17584731365962,176.8894898398469,1.0011669004381334,4,0.14805197413090232,1.9959965815863134,0.24727081942940446,1192.877027191647,737.0535715820589,18.486884864601294,0.27269190166496515,0.8188516067489311,1.6877447647920265,normal
1.9241472597431701,274.21778049654546,1.072594215523233,94,0.996944442694393,2.217251650459703,0.26358317538575116,1646.5688833368838,949.4799359795684,14.07967462809544,0.2718778016118001,1.8449638781292859,1.746998056474577,port_scan
2.6203001890384052,2575.1759417851795,12.742210122983026,7,0.061416582762312974,2.897688465002855,0.1343444234586462,4837.981698488795,798.6287561187005,2.927384150114208,0.031439459944059535,1.075152642654477,1.5120491569002137,ddos
1.916627680510018,80.20798916184073,1.0097420804381771,6,0.2280319929932767,4.998765167793913,0.07513774264736782,2854.596470587747,379.40302221785805,15.648143081099283,0.0883643341068965,1.992950973324404,1.7328084423503862,dga
1.4181303988789304,401.73128642416606,1.9470177973318346,5,0.1804135876800098,1.6911182414314885,0.1888096478919083,17283.250394521616,1689.2101321702808,6.5437035131690156,0.2673214920837376,1.1097585879982212,1.9571390117638217,ja4_malware
1.3574811721898554,334.6227037035239,0.6849831637171453,4,0.08887370215901205,1.0168205520769622,0.2255147381210932,3152.791727775081,440.5631947236317,0.19205459639776845,0.9154008587875215,0.8597832786486832,1.708526201482552,c2_beacon
1.8846833896503736,233.4131185518628,1.2951132990702492,1,0.29079408251805916,1.3926278368795277,0.12743040289658242,2784.8317032808823,776.604475217373,8.541140430859025,0.1348666050595007,10.79466883838591,5.772099209637341,exfiltration
1.5260598628007558,157.6413780950654,0.8633227342491522,4,0.09230497730635963,2.241835678777665,0.18538711008844164,18116.441753599694,1415.3981399721927,2.4195011490897524,0.2262949155523935,1.1481245849456185,1.7592642302197352,ja4_malware
1.5203047068022557,192.62414724029975,1.5917649484530776,1,0.2247522471946599,1.017234514267504,0.16581497408025397,2828.478840216825,624.5380284300082,9.960452804137812,0.1020901930999585,0.5401023508319398,1.9397207494053155,normal
1.759349724632205,324.795912395301,1.3407754733777812,87,0.9222705202545983,2.6886680624169235,0.1312190110240698,2772.474934082609,398.63386945817194,2.870265359619508,0.01976222038682479,0.7461166240575188,1.317196197538668,port_scan
4.2270780217448145,7123.937020197718,12.160347422647707,4,0.19358445832832324,2.923081740984397,0.19090341374499992,1104.107025443524,646.0595202469955,10.601456791612353,0.2543146662286029,1.3438194666182572,1.9613584715842112,ddos
2.23097242436181,2601.9717394244444,15.58129135702444,4,0.28922699239789973,1.759994260885606,0.23773341668987105,3991.576181199694,598.1011980899736,18.023584863756916,0.022244582389813417,1.4892463562947478,1.9966829897478982,ddos
3.9278195027505096,9853.501045286112,17.692362137725993,1,0.28158184986872986,2.475609075628684,0.23563824358072274,2298.8565459883052,706.293046047618,9.17072893449143,0.2579399166283833,1.37864302753332,1.0437378182854478,ddos
2.2162987727950694,132.23606914109095,1.0407659153224995,2,0.0017859432747499458,5.242125721059812,0.06189215108773176,1602.020279403995,470.16476295655707,18.8352131015906,0.002279054937869396,0.2518027686049703,1.1089545067067592,dga
1.4860893998839715,332.9531348300283,0.9116426189334107,59,0.8882019931660242,1.628485956049549,0.21972607363618812,3164.285639535945,601.7370503052996,15.845367624297332,0.14522948944264996,0.38562024284309365,0.8368967073870603,port_scan
3.730762454298959,4828.783855451831,6.911906752592175,2,0.2326965011051765,2.3621639238679606,0.10177603865328977,2938.798312484587,512.6596652649484,15.726903551049716,0.22264686078753113,1.7941279157629517,0.7621605900875726,ddos
1.063061829470414,188.5023543207561,1.0063320862468672,6,0.08327081902806918,1.3396442556380173,0.14423164896853066,1315.7442832320937,324.8993971240259,5.698299488305284,0.17975307617548622,7.238072116169983,3.516751422561852,exfiltration
1.4249961942197469,324.5899116995777,1.9942155701918225,1,0.02637929691128241,1.3231064307729068,0.134030181631584,38993.363464131384,1461.9246139430888,4.730362492877649,0.06589091630819116,1.4715010295417512,1.9456173155881686,ja4_malware
1.9027758655892755,174.92780690162303,1.1453107411560437,1,0.23375303736138267,4.274134334796318,0.06514448731733077,285.13389876550684,845.0695818907589,16.94174323739052,0.09418896918530062,0.921476905971943,0.8414791389985745,dga
2.0108322526420426,312.29740075443175,1.135231071743824,1,0.07177188037280248,2.942371934027955,0.18529634599578335,22101.91010637273,1679.4591638008478,15.19116891892024,0.08134570720052504,1.1078809139151429,1.6707712238094599,ja4_malware
2.041916025284799,90.59433223004739,0.5221976088271179,1,0.28417557821366174,4.076244769978633,0.0781798632901506,2656.927954761643,941.7358566367697,6.888338116399584,0.14346438875088638,1.955590513780321,1.6975864502395845,dga
1.0728848288898423,393.0363663056478,0.6586567929445839,61,0.8312458471724142,2.118347210717949,0.15338948899129976,4997.839014184026,976.186519763138,17.740375983563357,0.07471853268572227,1.577416521057936,1.6236158204564108,port_scan
3.8744826900298577,1585.261005883036,7.560600665915853,1,0.018258774961710376,1.7871909109868582,0.24827101813506136,2765.063305381403,752.6771862926869,13.987340511479951,0.26132808643064503,0.2594761442312371,0.6078324999512905,ddos
4.229122838488962,1598.160746242047,11.18373511369198,7,0.2404073137548549,1.3572572378924845,0.11027604981853541,2329.8304121523997,559.6448240396037,12.612748726652628,0.2489935905486671,0.6438449505435075,0.8355346829058365,ddos
1.7281202128975046,294.08568640370305,0.7902918429067771,3,0.2858689480977862,1.9490744972249812,0.27936380078705103,976.4628464969095,400.83364615011965,4.481596574338124,0.1959055122646433,15.4305152112872,8.989701838532863,exfiltration
1.1755889637266874,59.411415701644565,1.3233580104196077,2,0.24118534997072238,1.5529394083570651,0.27602543036387506,2793.2558106718157,357.68872178449516,0.859552285652689,0.4134384539091825,0.9452873098131636,1.7203279617376177,c2_beacon
1.152335951571228,427.82679282141385,0.7816013952352676,4,0.15879011097399093,5.738051371817317,0.022109286640629246,779.5269950856143,895.220163014397,14.393621136348195,0.13569782587019574,1.7744369991823155,0.6750574702617432,dga
1.5900277651177386,423.44327263287136,0.89757219527638,5,0.01384271657252567,2.5110992980579048,0.27607706588974956,3895.5312093317566,581.160668770862,13.856203643591243,0.20436319245642312,8.959243377232477,6.874370183510391,exfiltration
1.6064498144181452,219.44345996842176,1.5036365547528532,1,0.21299627744425745,2.286104333150317,0.11984537568748371,4436.404066961878,552.9576895025748,0.9234225662277153,0.5553158193006327,0.4376441967673489,1.959146916940807,c2_beacon
1.839431374426801,117.74273307846158,1.4297810341251038,6,0.055606505245459244,1.9544194147046121,0.1458618466625427,1470.3116184326097,893.744146185699,11.745722538800782,0.17362703946279381,19.15870689589193,8.483979565030435,exfiltration
2.310402177753724,4574.983631724038,7.537834525640429,7,0.17224104204348648,2.959345269885363,0.20442112780595031,898.9378190075134,330.8591888762347,16.514837508604728,0.06909005902772979,1.2131711498620616,1.730007042350677,ddos
1.383947635851404,498.81421825882944,0.886177938985945,4,0.14316987299273895,2.5306424478772733,0.13220913656398797,3329.119923254578,542.20060706661,12.658284816606107,0.08272862264852074,1.6137992402015071,1.6202864347045483,normal
1.3403640235763261,91.29436525950148,1.1600751623503287,2,0.2569228891967218,1.3995898613162652,0.28699156337317017,541.8426847985068,544.3029578888154,19.891294804400975,0.041049535201184206,0.752836328591652,1.7176611173617362,normal
2.1700504530368105,466.9378427253225,1.1613178074831234,1,0.23136883646895048,1.2056215730131805,0.1099300335872861,1445.1053770410633,341.0088565540495,11.414903805161032,0.22759669742841424,9.766502092219696,3.3920210232085033,exfiltration
3.5396683845223653,4508.726843847626,10.787536224283906,2,0.1821408585063027,2.4313486186276734,0.12183894945454748,4012.7423632270916,695.5108051449357,4.343468264567209,0.0239146738102313,0.8324412427192538,1.7966902892555536,ddos
1.2284681540697526,464.4556246669731,0.8603394142235048,3,0.009644726340855059,1.3406381762236579,0.2573882271624247,1766.6808730735488,777.7918554027499,3.4211067503793933,0.26367870988431635,0.8114307058451182,1.065490728455806,normal
1.6201876334865288,178.29004998482984,0.64436013526338,5,0.06766703516509669,1.4843367928296465,0.2537517995374098,4799.619328948248,704.2594280909525,6.536332294701822,0.06528544040779301,11.823876392783609,3.712857105576783,exfiltration
1.170752465793226,23.0170563144695,1.5019783461455178,41,0.9195845014399261,2.4318925723664053,0.12845635017431,4614.956173969411,460.56938051928535,18.673521288781263,0.2345954234526574,1.8086845325763587,1.9289528167937184,port_scan
1.8379037637046407,185.6065992813341,0.5090834609894861,2,0.29377984247515915,2.0459488474320002,0.10112193216973764,4556.167563436544,501.880021033949,0.1212855558558707,0.5686848794683799,0.9540700582170796,1.2243703985548127,c2_beacon
2.0812321189301035,29.106988076591723,1.735119524223071,7,0.07704730960322048,2.8354620373640103,0.21723535364365265,963.9090161470954,480.36948855037645,4.084217418829823,0.11855768126140026,13.91615596984876,4.908681497118234,exfiltration
2.1748737215067857,13.921737184186963,1.8134870784349528,4,0.2872811186918828,4.202910605315314,0.01626436134611782,1608.0686441527027,381.49647031968465,13.48631224096773,0.09641304148871872,1.5261540971724028,1.277213011637461,dga
2.170477987080754,64.61638562399655,1.6974490435539544,64,0.7442132102029073,1.5988268512509383,0.13978827359761384,3100.147134812752,303.9718758517258,14.723092688314974,0.24673018632841132,1.7291558667645321,1.9868271600413303,port_scan
1.6894811206625016,245.22901919160034,1.8887036930448766,67,0.7426750320574294,2.814557063430523,0.18167803359691734,2985.117362168942,616.7937564460015,11.924569764229055,0.04694277458633848,1.7611113461141223,0.7291880735287615,port_scan
1.1965866273359698,285.46365953141037,0.9721244278465715,1,0.2189342301131376,2.6548817050174947,0.16409097711269102,3136.6015459516575,648.5772911450659,4.1450985293555735,0.11113487735938439,1.6330677655660897,1.659194252712753,normal
2.0133397639333657,5076.985085942435,10.527568615856405,1,0.2897783375561811,1.5760855829949383,0.1897482798291364,2996.8800579161475,807.5800214237006,11.438152249607391,0.16967000653595185,0.688334416991064,1.9331345509277886,ddos
1.8761061597098276,145.91727904834408,1.9361687931034341,2,0.015528544788522503,4.505550916307831,0.055215615322118224,2532.880129433454,991.7744935716818,7.960796280609757,0.03084370064185775,1.327996188374471,1.2012101599066893,dga
1.7691088669101374,147.639229122436,1.4937943915492997,4,0.10361501795084761,1.065872029396721,0.19451470218141437,1081.3270674417013,860.1399601255523,3.105283505620146,0.2465611388696101,1.9413439646570525,1.06795590903094,normal
2.1069862559116554,226.67901382155443,1.766802238933166,6,0.2612840854584878,2.728522626425711,0.24530784628637411,1286.174787107753,412.0718615226359,0.16423731285388443,0.7669101708789887,0.22764473371088031,0.553344725023458,c2_beacon
2.3431255300793907,459.7205231495823,1.507549368916992,2,0.007169807159835106,4.0771746233719925,0.04094720947288184,3957.294259884279,891.6896938374862,15.164310002387671,0.11536025909170117,0.5769055284715348,1.377277603289611,dga
1.500988962818758,427.170570264444,1.4231059803553436,79,0.6823950136291821,1.293551508977261,0.2184186622910563,4801.1305874417,636.7760496351273,12.068511352426212,0.015514130283450611,0.8681286499758281,1.378337934208582,port_scan
1.436157877281249,444.07210269418965,1.1956001409893593,6,0.20047204310617286,3.6970520813362517,0.024160593565337757,2820.9620457730175,341.49613058882665,12.702115089452679,0.08112273212561794,0.46836088313749663,1.8504452342146955,dga
2.377892679630567,180.60399571170984,1.1292638088447764,7,0.27755583082440116,2.8323710523231025,0.2506867628750621,13771.553537186812,1563.8056486455116,8.531267673078167,0.0947392708502924,1.7521223546589153,0.5735468251004194,ja4_malware
1.546326290520683,169.6148044764881,1.0149234780157157,5,0.017729382217969446,1.6387247057167629,0.10990005544748815,1402.483840814752,840.9592242689613,16.318649366468023,0.29447513518989815,15.099101121931673,9.56046210276821,exfiltration
2.4423114886097608,312.6885754295545,1.7528646636303327,4,0.025392511920851756,2.047797121179928,0.20398264076619588,23718.18851719689,1397.9714176857287,3.939492958666057,0.24737413671220398,0.3450622853148856,1.0345320637314737,ja4_malware
1.8137294323658617,365.21190846540964,1.0905025030503204,5,0.1555132338829545,4.484026576910499,0.07971837381710016,2779.0991420522355,850.9572044600359,12.40244491014994,0.2544662494334769,0.9507439299602296,1.4227992651682704,dga
1.9930546860370622,373.354235981832,1.6602643525565541,35,0.8849281901469195,2.974110558053713,0.1787101078626655,1878.3431223023792,685.4500360397537,2.6606584189015843,0.16415809461442002,1.9398641201432831,0.5060251325321734,port_scan
1.3109765038498407,455.5368791263551,1.4971206344530745,1,0.07398991511437238,2.9600413043613005,0.2949742002681427,572.669339211695,495.9103433945508,0.4132022427578383,0.7098707959426729,1.7127981580300597,1.7720176276930437,c2_beacon
2.266320992840817,403.5963902036547,1.3979201060472506,4,0.25407566175421753,1.862903588964053,0.2854714783850727,3820.992602510143,630.0109510142571,14.516936854763708,0.062485338893326046,8.942936595936686,3.8320102233122997,exfiltration
2.2866677685387886,390.2796480881066,1.1441503745141732,20,0.9203924375687353,2.4788201877215177,0.12334046133774507,1768.3591135948138,977.7163081351445,6.558762011237138,0.2526882179156149,1.885879230562835,0.5529106112991605,port_scan
2.1666394255963843,334.0787215706136,1.5029180717484747,6,0.005611411566378932,2.473090678048015,0.23890492835813423,43553.90433258985,1446.9068929326631,17.684820584201688,0.17929916609991767,1.809714294965413,0.8568407365771579,ja4_malware
1.1944934156275335,307.5107738432702,1.7815861034902587,6,0.17344223005028975,1.3012716060347673,0.14930402323139771,1868.5552286090842,757.6284807337586,0.19597374997391948,0.7988437326419529,1.8829703631901251,0.6712738110157745,c2_beacon
1.2082150785467318,404.5606221592954,1.7065895029007085,1,0.027880231768412554,3.8067685588438502,0.018874965955893948,1002.7088951812516,306.172789640946,13.163806895702798,0.19842941734067943,1.3500478845082102,1.379330726492772,dga
1.470807259984076,418.0867844855689,0.6410751180202214,32,0.7056577165102551,1.2092173500333587,0.1764283442090613,1513.9029280183443,675.1475498629982,2.301544468682793,0.06403516968122515,0.6571300248962515,0.5862451176108701,port_scan
2.314007204426911,20.395159303502034,0.9425684109781809,7,0.03243409381116252,4.127292898860078,0.02058677765261406,1185.317709307695,982.2006889373628,7.610051036437588,0.14547925671483997,0.4289278942509918,1.325328669266723,dga
1.9760374431232217,213.04323196432298,1.0508405665707343,3,0.2355148968326346,1.0760628378738435,0.2758077161937818,1672.7856597312823,895.6905054810896,0.08927211263388735,0.6271438309953836,1.7390212292986478,0.5314192787307119,c2_beacon
3.6037444024017686,5811.457788653125,17.500634496756028,6,0.29222916748386085,2.9394984534831847,0.23347411600242798,2483.709226119742,438.3425011540901,15.377631109647211,0.026502245966891148,1.9859591741107652,1.560063746089025,ddos
2.0361912925287338,190.48140556430673,0.5454168308233176,6,0.10453578230976168,1.7621103627760746,0.12342416080231887,4328.82606836886,914.7077485145594,0.9545689517430819,0.47547366192391133,1.5064782486009067,1.677142837950862,c2_beacon
4.734439713823063,7853.82770170464,14.311092831967732,7,0.11839715688386902,2.4453886405190595,0.14833622659695783,4787.729262485069,853.1466059217674,6.94507782413162,0.13875245493195534,1.7477372174640788,0.628128517136583,ddos
1.0495896224589882,59.691322932182175,1.1194146587521983,5,0.12884549369102236,1.9350840180895132,0.1438321277452278,2556.6214433314735,652.2466640222497,0.9645785916712712,0.5147609713427013,0.40488305571111527,1.2126734949947786,c2_beacon
2.3995348324003167,39.6589409050027,0.8211384340050802,5,0.18559818358089528,2.631461271102114,0.11327056075411622,3529.90700692908,560.4548880612178,17.424557256646924,0.09216034008969394,1.790907024977537,1.5006421393334946,normal
2.7311330815259964,7053.785784323317,11.51469114140976,3,0.27716251173612644,1.756775202504803,0.21943161738096012,4967.3331771554185,534.2954731537088,14.478520591021,0.016326008612930674,1.9358622235503522,0.7583277665326309,ddos
2.2326174077825804,493.59207128953113,0.9269964489810825,5,0.24784556721962828,2.3886106035229075,0.2989365749944516,2448.117006745176,428.4296965626732,13.633106604891134,0.21856240380259043,8.711473164715304,5.973325633748847,exfiltration
2.115722035267003,496.80581500253237,0.9789484460116685,62,0.8899878658095748,1.6081376055200056,0.18779067435416447,1306.8895969399334,740.027074836164,8.099344681909399,0.015179044361535832,1.6825381275634514,1.428191841170987,port_scan
2.222602058991742,199.96046471946406,1.1767133136069345,3,0.11110472615968527,2.3723564972997773,0.20191634432807876,3339.27969628373,783.5294976696396,5.309088214261962,0.07669230156200862,5.5292704999126725,6.1473470912150825,exfiltration
2.015374432265583,439.01752141307975,1.282286386680385,2,0.29420544461476766,1.0752658824423602,0.1871068570049399,39015.204571324284,1218.506009904524,3.5139706198809844,0.05991707456136982,1.9573038222958246,1.5005483868000096,ja4_malware
1.3345684776859512,347.98653902633345,1.625137797332265,15,0.8304671792268168,1.6757846142920119,0.13465507803555044,575.594258782698,726.2021089649952,10.883475318159327,0.1027692727613973,0.7418212640438013,1.801876422033763,port_scan
1.897572002474677,268.5643420488956,1.4686762629553871,72,0.5689886400683073,2.9946776649411637,0.22996163781457174,4463.289805053315,705.6424560655698,14.156638384184092,0.2727088585184462,0.4765831190767926,0.7912075989184748,port_scan
2.1854199534181453,118.13502153353237,1.7465157139026206,2,0.04137692953696604,2.6720164297052573,0.17891151170861036,25198.286231888316,1596.7524013079124,16.668148340574476,0.09789856540631046,0.5897150352324254,1.8179486808096015,ja4_malware
2.1306796140482076,499.09309250299674,1.3171642399459929,16,0.7697678175220116,2.7981858163076314,0.2691856763705693,1056.6161840230948,633.0029128392234,12.378106509636925,0.2709608037921857,1.6095197565975767,1.4462137486166848,port_scan
2.188466650914838,334.9384410162433,1.5460984881855822,6,0.218533426474778,1.9733668967056384,0.27164398668613915,2532.1394397852464,409.71102358633226,0.804918314006222,0.8426674528776296,1.0019857860822508,1.6108869238361234,c2_beacon
2.1320763157923532,415.12532643589935,1.475676888852215,32,0.9822743979653312,2.3615604165559287,0.12782540781674906,3928.0450617511406,575.8395190275784,14.043697701669073,0.20417639138617616,0.7355156755753383,1.8937359768781845,port_scan
2.3255196299266587,98.95086599982713,1.8432021657639717,85,0.5723659913153631,2.773724182224724,0.12246131726639126,916.4023327290881,628.2071765865493,9.474405230710733,0.21161607548507783,0.4177259739019566,0.6521007486899023,port_scan
1.2927941731573784,38.11568777651534,1.9627899974953062,7,0.22638528895693683,1.2776542648345612,0.13128770297510542,319.1792589890124,690.0523010753093,0.9274138418686886,0.5186193792791702,1.6305224073148252,1.0229711333109215,c2_beacon
4.757106950695702,6931.113650784615,12.554184849803459,1,0.051567538613107276,1.9994037193925671,0.195664877166845,1204.381819404037,834.3985746134853,18.00488117479163,0.100092867086139,0.7658923560219597,1.3469813397318156,ddos
1.8575920785641131,124.9222237162363,1.7318461798967681,4,0.0063468034269880454,1.0218694422213275,0.22205799034077012,238.88447579985254,666.2175725210657,13.414508790640744,0.08061454460419894,1.0346803511983194,1.7710259336287801,normal
1.0655527240043166,174.18219253716958,0.5415549257849044,3,0.1287842032781449,2.9885804840961896,0.21954707418627417,2976.687474511109,600.3158368621764,2.703086027814963,0.16428711792329193,7.49228948664232,5.30620031744977,exfiltration
4.132037428693629,7646.330897562755,12.379885755356604,1,0.27117604445946475,1.7819196159364492,0.2553388146713369,1345.014434280319,484.8094995864834,9.600329029947977,0.016085854411909083,0.4271352973157224,1.811173561981743,ddos
2.186569891971409,43.972606261393,0.7841638992749527,6,0.004104446642166126,2.2532649423862794,0.23928323139802993,420.8749147471986,930.4281385756246,0.7313443278772814,0.9109043884409711,1.853597577538196,0.5750509249538193,c2_beacon
4.1993159117710945,6223.820448267245,8.789930974323397,6,0.17219431918328068,1.11224182210117,0.2985635505507136,522.5412902017079,300.00921798934525,15.564586676688059,0.11301050050807036,1.4940057534346216,1.0148399043235248,ddos
1.3553550018794258,292.83803402891505,0.6983429303717417,6,0.2040466241133928,2.700281236539223,0.18213045895287297,4480.181711761383,774.3796636005052,1.1972478956559616,0.014115855981185477,18.99670419472138,3.3059737498062063,exfiltration
1.2939370770236789,236.15944271336124,0.6539335077509136,7,0.05034090885283414,1.5130850344763394,0.21774679526245094,4182.794456298986,880.1047955078182,0.9017196719365258,0.9151710916399757,1.3951731364211033,0.6876569235476306,c2_beacon
2.3814557087311754,460.2233648300346,1.3652914377463894,4,0.12430613159830839,1.465464293352375,0.1557212105266902,4602.6576417694405,695.6036788871211,3.1709971568157425,0.059089936787843106,0.3982890728959819,0.6807227062086765,normal
1.4220758380329948,257.347826622714,0.9833235107344074,6,0.021555100645870295,2.972059486153247,0.2478149258032825,4249.683595258171,681.4880577049482,11.468323894757498,0.12065072974389661,0.4635016919951732,0.7376205701716669,normal
1.1400056119154205,15.029132153242834,1.4401435156327045,3,0.265107220589857,1.9728159640635812,0.2932565632757035,11424.689001182523,1628.1985170749624,15.403564354339606,0.07992621864830225,1.2867953656465299,1.5338031640944516,ja4_malware
1.68147694276262,441.70766543975634,0.7336365064618691,6,0.27877267320184496,2.7632344424857265,0.2278988870981055,3803.800881046816,478.64622971935717,19.90126506724746,0.250483323795884,0.6095879638750786,1.4752443378169495,normal
1.4574933332919424,310.7676015632685,1.2181992725351534,6,0.21282018144343998,1.4622126801623918,0.1651836099948995,3562.4736598031213,676.6235002935471,0.983325468696108,0.42960843903611967,0.7505547845123468,0.711202011276685,c2_beacon
1.4851773950422331,137.82148383843685,1.1948737646929943,2,0.2186531986143936,2.3115564781644737,0.1501918142510132,43904.91145863524,1237.2201572443673,5.771031247814357,0.20262923258171045,1.197775414376113,1.9087713413214107,ja4_malware
1.1152088826300313,141.48930653300604,0.8143631251865355,3,0.06369525244229055,2.461272971390098,0.1491857271381712,917.3763472590234,699.1857932130431,6.642250014418863,0.013138528725883114,5.681574056262193,3.1176463070995704,exfiltration
2.2380992667944817,146.27554486702905,1.3023472294638059,4,0.02830245079189664,2.458820919198608,0.24701608885237342,1815.211789627596,321.86868529345486,18.449528016415698,0.2687710553927652,1.2447323051247563,1.6599500120140944,normal
2.1645990562998003,72.34161156846872,1.8459893064282091,66,0.6349108456282206,2.645989059133446,0.26484587730479114,3365.6163594884993,339.6076825611882,7.185475200365864,0.021387626677927273,0.6957438373178981,1.0640266040745305,port_scan
1.0759762428007846,320.12714011032557,1.9044424710732364,3,0.04045793827147976,1.0206289443362473,0.15627156536406406,1614.6531711940413,573.444075746827,12.193629057740248,0.052499439148386194,19.600879667622713,5.029677997838824,exfiltration
1.7582630845225637,457.764827526866,1.4508883074003536,3,0.26335050117107495,4.895432513281693,0.013448481058176203,2398.1340272008792,501.97127712591,5.931372826581806,0.23553280253953052,0.5306984746858354,0.9632119964821868,dga
4.241859588365379,5820.753118521066,12.004911251675631,7,0.2576904988856012,2.5456564730583704,0.21999050252246843,2475.1733478691044,762.2913252591184,9.645049561339986,0.2448185389109873,0.6928611191508094,1.0853884536326188,ddos
2.3140023274009667,290.6343360712474,1.8337016191103017,3,0.29129322006444713,1.0508217334624401,0.11263688623430226,15464.729890610895,1703.2423000738002,6.924095885105754,0.001806127589599693,0.23156591384421765,0.7212725054896848,ja4_malware
1.2046919687899595,246.7852763522497,0.6640341169625021,60,0.8559567713789045,1.6134327875868157,0.11895964205914011,1047.8024393318246,368.2379873093531,3.3825849851434566,0.1729556343354621,1.2726582176085897,1.7567621054122229,port_scan
1.642751113442762,281.0666569972448,0.9055178395065628,5,0.2825155235109661,4.188590232254803,0.05318564597764591,146.78116746686595,527.0086869468157,5.774661936393852,0.19990031856235688,0.48516525750332357,1.983216918950314,dga
2.073036609965584,1325.7971890789343,18.416801030271934,1,0.06178849131844407,1.0325503653309447,0.2394383142748206,3317.5252827963823,377.9608266624909,16.543581000057706,0.0386511685430858,1.4393688658201227,0.7309383686137997,ddos
1.0294666892803594,250.79161946442844,0.6801106711162941,7,0.27371640388545576,2.0235604432454455,0.28820991451947553,557.0034031265589,691.5610853106527,17.262284002749542,0.06927486864166842,16.074269870890625,4.262602121924447,exfiltration
1.8484951104257028,28.746705396009105,1.9405130958368897,7,0.21270890038503926,1.6934826291012774,0.244243099375585,22067.16618521359,1669.8644974421095,13.684233193611275,0.07541439505058818,1.4409311597799865,1.729223946343094,ja4_malware
1.2303436739694287,203.07194119314792,1.6166551012898323,6,0.0648556547974073,4.650018877264197,0.05118627079855215,1017.4264028244106,438.4838389647753,3.1166125654442687,0.09333246606077943,0.6327428372786419,0.6888190885343377,dga
1.1948822580032075,267.293268453958,1.0135436499500812,6,0.0990603886793194,2.776057516455102,0.23736991315329337,3179.535488004099,972.1582031660776,18.2860773550759,0.0956695556521461,1.61293144391872,1.8188387852203487,normal
2.2960846401339374,43.05710871628778,0.5212500501631208,3,0.21161828677898262,1.3847477096694931,0.2033919389778086,677.9751779803204,442.4885756409358,0.7170276963309173,0.4018510359885005,0.5516217888584554,1.9966534547868724,c2_beacon
1.8136389763442338,371.6541287623965,0.9373739797038558,3,0.2591023844344002,2.7991546227211193,0.1933666817180872,532.3486395170889,983.4132977048534,0.7622437634487081,0.7897134639610379,0.20541428158971445,1.3802758773967156,c2_beacon
1.704841747128948,110.43935883745301,1.4206991910427424,3,0.2885468461567336,2.5839083252726143,0.1224627733248625,39587.29751904018,1537.8438325938982,3.7811486839033606,0.1807299320684075,0.3555708230853145,1.4091462300141802,ja4_malware
2.169473203648411,47.249899047330466,0.9219049428108631,4,0.18601620846594671,1.7814906321626642,0.10969586733960851,2332.215097090953,834.5939167140283,0.8773936427161986,0.6916153348024661,0.5239151434463629,1.1155298664337874,c2_beacon
3.4999960848265994,6823.629935305821,19.155391888197908,5,0.13478791754154262,2.837724490646238,0.25094522060309343,4218.236100606181,603.6470339198702,5.177770098879715,0.25714254530417247,1.0437297157863648,1.3528987342341177,ddos
1.0954596122219997,206.62939635717234,0.6782216894264506,4,0.19989897358614642,4.9348404747021934,0.07912002552985603,2781.467400757228,479.0445433700057,18.13893729177543,0.12474988251848317,0.7617849664686924,1.4886239768275784,dga
1.6001060020403566,491.1010296967757,0.7174980844900891,75,0.8061290667395211,2.782559439926005,0.19290702246183672,3769.577026547516,537.4961162810012,19.32453550221295,0.2164450208447984,1.5608271832129077,1.6760123148007926,port_scan
2.1060206435673186,240.12865516798811,1.7668647335120213,2,0.11040888156743607,1.9452799807489152,0.17123180926916334,3096.584396071945,827.8874967738838,0.9088857790624227,0.8455995907678435,0.6092553938823762,0.5882327268185574,c2_beacon
2.229782734095145,415.12705556803206,0.6437286184889125,7,0.09973161883836597,1.6898181455523462,0.1897902270558936,22190.971270668455,1760.256735970412,16.963662886791248,0.0890858612528274,0.9112381056923278,0.7224379796248676,ja4_malware
1.5551325560700717,211.78236256910452,1.171812952849996,5,0.24184973327140555,1.5594616647451498,0.2814689087198974,3939.3055637158786,376.2018614435974,0.6747078224438585,0.40359259160306554,0.7645739088662995,1.9740385486155032,c2_beacon
1.2453226248416998,250.50242518281866,1.328910442625324,6,0.13504811381065426,4.6813658300418854,0.05613755607415668,1329.7334160057108,862.4486701155954,3.4894111358954008,0.03768195500315145,0.40278062663034114,1.6691100237910819,dga
2.545344832859862,2066.3754144632253,19.932745644595418,6,0.2680121426447731,2.4579440120011506,0.2995086296444174,635.4095424351223,780.7001194485076,11.911189186287718,0.15241255559978145,0.5882797204216073,0.9988787125040863,ddos
1.6884910003116067,76.47358052696329,1.0933085438983023,1,0.06328361658180925,2.391383310656847,0.13658418535339267,430.58757206764113,615.9675982446145,0.20961376279905738,0.8078154754802194,0.8277103573416771,0.8588811970343861,c2_beacon
3.308217593735979,2617.1194034124333,5.276355743781825,1,0.28480891508669565,1.251728280498467,0.2563352982414666,3075.172269025549,344.2900860462373,15.763132108886035,0.20223125588677615,1.4603164144456293,1.8136997822540397,ddos
1.1356610904761992,451.80450824755485,1.7632319832753078,2,0.11782050363052589,1.7881681788305164,0.12851425646542275,4461.071903383616,902.0045486438227,9.640616557036278,0.03769599205124906,1.1510611766771996,1.0116530591345867,normal
1.6614706771459926,386.66012917697407,0.6029147265804408,7,0.2450604130473431,4.0703327171626205,0.02882580446879049,2088.8994811432062,564.2437553492912,19.498054392167532,0.2478637540359278,1.7506940929831079,1.499213087284658,dga
1.0139816047292274,437.8989072699072,1.5887190299929383,6,0.14870884887003363,5.962109232871671,0.02109192573289131,3646.389612918575,823.869743388839,11.594739833921187,0.14340424509458052,0.971208446374018,1.7533062521823755,dga
4.515504862410331,6311.252628269302,15.16561339419579,3,0.06425628793125089,2.7516906413185636,0.2060279203460888,327.4485713773987,302.1188929130188,13.331162424011936,0.10221813396938101,0.714333599079302,0.7709334788367347,ddos
3.6712851203819516,5893.09411270321,6.224797686380354,3,0.17471104554541644,2.142232203744318,0.1310550475096027,149.83771377905293,959.9877749695355,6.738209151262354,0.049748840654886835,0.8066357673220463,1.0728747122145488,ddos
1.2651591744088475,151.23184028907357,1.9712317182995513,3,0.19170816307940214,2.3304279312082423,0.18297040110523305,1642.0295768219523,964.47696987408,15.14936259060531,0.19866387847761055,1.7920966665881015,1.5095393955677407,normal
2.1651519110383277,77.51883260462455,1.315243392619791,7,0.12779128944385476,1.1402288640883678,0.1377120157269116,730.0836947134959,582.9081749292932,7.466544814601367,0.2238845438206043,1.80539876331527,1.190306754457517,normal
2.2654862218858662,209.20668176756703,0.786280480357161,4,0.2441011401568308,3.7634214443601834,0.05582014895847677,1053.0753977817867,923.714423694979,10.223117165122654,0.0816106165077769,0.7654721664945194,1.625395034907968,dga
1.617925250676827,281.4775854265404,1.049662844768223,1,0.09686394475279957,1.960099548704817,0.14375896926459417,1813.8530632580298,616.8500768384287,0.9684695691196494,0.5938807153333182,1.1669640867306266,1.8853098749937867,c2_beacon
1.7537357548630117,422.1425212732133,1.6806287295678595,5,0.19126923828865844,1.4875692752314549,0.11849319181536411,1686.555976181224,524.95153411604,1.0070864289019716,0.2645645822778222,18.593967211085033,5.281020566173046,exfiltration
1.7515671626550453,22.163334581300546,1.1846782917714074,4,0.22003993283995074,1.138279890014523,0.10913245708734123,2651.7759789999272,498.08567860291896,16.420338147336597,0.046802504348252914,0.6988345622145087,0.7976590049483935,normal
1.1121442087269715,80.7364723195912,1.26323390496624,5,0.18724949517940592,2.689312338519235,0.2653140053435463,310.4436523756372,742.8820558911048,0.2271180964545516,0.9177658438668652,0.5636431127322541,1.0313593744348424,c2_beacon
1.8404708480976506,217.69293456162833,1.9855116188123139,3,0.24254791932926834,1.820621142109559,0.1832254785287472,3878.340632798918,570.8654328807445,9.076942569556238,0.2953345017927459,17.20721855973067,6.797729765732361,exfiltration
2.422785277521481,37.4663576965553,1.2456286214668388,3,0.23678953702667827,1.522067018638673,0.25390264330262957,21267.495216260613,1706.4261674247807,19.081647344206345,0.2497081980873364,1.0333361831368795,0.7066291575250665,ja4_malware
2.444324241877375,3226.0168604564938,6.395303855365489,5,0.2500087948009224,2.658103783245636,0.25558811975170603,198.90365117449335,521.068940481259,4.39859365077606,0.059995555257101846,1.2211164300705373,0.536996096936402,ddos
2.164617272487173,250.95386939908067,1.4367173436367973,7,0.17753746236789678,2.8434442301860923,0.2212501797558679,4526.407756210694,822.776961483862,0.6214055899280445,0.4722234234549612,1.7190144779338064,1.880997236189117,c2_beacon
2.232502374458228,66.28798693182073,1.8687145542886074,6,0.13818540720084557,4.078115667799684,0.0746061489968901,2625.990693280733,564.8772178726588,19.443886040582377,0.23602169939333367,1.0873655286498205,0.6699441499645405,dga
2.390147483272903,422.57667340933693,1.3995430350739855,4,0.05074041221485672,2.9734238248963996,0.28382193291332103,3510.970152303763,528.8436186345573,17.865942355210027,0.15112690133014142,1.2531237609671373,1.8663394245948624,normal
2.453842072313653,432.8632753375373,0.5480246066417134,5,0.273447304215923,1.990826724870132,0.11754238892809372,47761.139360577035,1600.572589175713,14.647792892043684,0.23738400858141662,1.385338033907682,1.4325723202964655,ja4_malware
1.856848977614159,492.47827147264536,1.8901540872334899,3,0.030086219548575075,2.9161851583212997,0.2970729124336444,3555.117135396187,386.81387071692683,10.56001816795538,0.1844963288848935,1.7113008611705858,1.9911357046506741,normal
2.4402002161480243,336.15739561958935,1.742332975906486,72,0.7955303020947135,2.406044429938797,0.2750258110942221,3630.684608027653,734.8937820419699,1.4143216115105854,0.21576189421146577,1.1100660876773967,0.9292255440700349,port_scan
2.1880537306953918,51.63806824635794,0.9918499154579583,90,0.5813859382030261,2.8072428804563145,0.21800063215540072,1273.7036584849534,390.6355206294564,5.054917194607537,0.03599918927967829,0.47744743349664387,1.5298750299415809,port_scan
1.3207363667619954,287.3020623559024,0.9694085891301931,59,0.9026871391844413,1.3170381904142994,0.22885191963765503,128.11468248649186,952.5202346884598,6.318389416349057,0.2812285938086185,1.3511582112668705,1.0098644033152209,port_scan
2.0100853460400163,88.89691010913747,1.0979928361192024,5,0.1334017454518643,2.9146559478904432,0.10992053826640485,1354.4854930363263,553.8690173282677,19.806360870819212,0.008728423197613877,7.517373342064193,6.093764230586647,exfiltration
1.5300759220516063,39.897453992803825,1.722365640571727,4,0.21353866354093698,2.4196395765231324,0.22413442043101522,139.70407831255125,787.3192013551331,11.938741399019364,0.2981317765950372,9.588885841603076,4.2409559526516505,exfiltration
2.343220732865105,121.01115122342519,1.828760094663243,3,0.2682318128864854,2.5800661505406697,0.2898081127504732,1774.438113762791,878.0177096356806,0.627374394504495,0.7257892608854625,0.9413066460357387,1.086337040760766,c2_beacon
2.4056533289254753,280.5453314238898,1.061778689866862,2,0.14950459644261263,2.1454378948990978,0.19606987114041136,2876.4249202719566,980.878814078852,11.905852709196473,0.03475251863127241,16.418196523478628,5.779311125932789,exfiltration
1.2832313764151904,326.766735170987,0.7337808178738172,2,0.21866649054253104,5.2183375588330145,0.03728811774345105,3593.4563921894646,534.2100312537159,18.794057002289765,0.03258641617340565,0.39015762693509537,0.8439514625960143,dga
1.0734814359449716,260.69948644903184,1.4730600359095671,1,0.1547542480416512,2.114963752715647,0.19094909802572319,41017.04043031206,1581.3422208471047,4.488879096910409,0.2375174886232245,1.166282298619218,1.333503522160707,ja4_malware
1.5308809828416625,309.9636086598986,0.837942710445976,1,0.2686342146178491,1.99500052140641,0.11128061440782691,4799.724096296453,733.1965427706357,0.553790103164389,0.5455248907201651,1.604302455078903,0.8007346386378686,c2_beacon
1.7373081302893152,347.6635978533064,1.0678213782796742,7,0.2676167293496166,1.4396716638153415,0.1973407429308388,4524.600776026866,593.307703701382,17.745331403633994,0.13951454287972065,10.426257539765079,3.183474766923605,exfiltration
2.2798323575089756,368.6195159023576,1.1805862869941035,5,0.020539775593846475,4.58524279460433,0.04019630051684611,538.004692974966,846.0847958073122,6.922775083006798,0.2122563079071135,1.287868199777629,1.5190905127991172,dga
4.915750282471901,9003.815832769005,12.308994449849514,2,0.26479271527447534,1.2998843538537894,0.20139976360035244,3521.1381521344447,644.5689703250246,8.989712661271248,0.12551360690878863,0.652593995907295,1.2549428298954335,ddos
1.4312834144360274,253.13045954263328,1.9266267002123854,7,0.12998252212234887,2.454034088489542,0.12887906854715692,24188.631528610007,1225.4607564861183,8.498285670206984,0.021351901403746366,0.9094125944290326,1.2205949971386192,ja4_malware
3.7705767672896755,9235.708953530171,16.316048224533823,3,0.16202417048650325,1.239501654414438,0.233907856522254,4143.251965468623,608.4048101246901,19.280263844140123,0.20393569398605535,0.49479090786514146,1.064334109958116,ddos
1.6471272927698353,323.11668813944067,1.7843435056949113,1,0.07856891236942064,1.4125458068106915,0.1691073983580035,1325.8381587446452,898.1428154558671,9.420381757660468,0.1528169650847977,0.5296526225296044,1.906343481359893,normal
1.4536222227749815,207.96565423688145,0.9609976428248519,2,0.00630781804980135,2.5749164672753952,0.2289237013452843,47273.56476142672,1767.5228590374695,6.765102303456588,0.18093821368703794,0.5949123236644055,1.6039001709877825,ja4_malware
2.443176352979746,268.134097161433,1.288867057369346,1,0.03804067827517636,5.263829521747676,0.05046055261197826,2542.55161047725,775.3271686847243,1.945501780904839,0.21389540676726415,0.8172833968868016,1.2693067113222494,dga
1.9215696108128797,287.79951970649955,1.7834631825536054,2,0.0790426284567953,1.8905134110720814,0.16325507543699486,4023.4935704171817,946.2564746887316,15.612176362960387,0.12408094208786591,1.9110590912883678,1.7005655472237877,normal
1.016740242526832,306.5897929567264,0.5598859270265795,3,0.017092195660053287,2.4725536751977746,0.25748566264080974,3563.0692603667653,764.5175900486217,0.9604283797649316,0.5218555413086534,1.0747919614749224,0.962799961368032,c2_beacon
4.242342491273489,2591.9853986168446,17.756128220801525,1,0.0722828021682534,2.124455109243134,0.26890829993193943,4671.61062349996,372.2154949173199,4.260361833696148,0.17130166438186753,0.8358078588793605,0.5810073175647346,ddos
2.4660201961730364,130.94903356568685,1.191690083337198,86,0.578916283449492,2.6905720063433956,0.27202613183793317,794.8160212463079,847.2790065949497,3.8118489540947342,0.009304201897798181,1.2185759057516377,0.6768839553510098,port_scan
1.6236480489277005,307.70114598432775,1.8404783932356867,50,0.6417590433797702,1.5589243387793716,0.29840245033173385,2837.2467720510977,530.821876072445,14.614156670750845,0.15811565935261757,1.858441232328036,1.842567079486256,port_scan
1.6578076708044747,430.92221757769715,1.9005510279664102,3,0.24808551439431445,1.70161298715782,0.13471640149299674,1186.887213174419,850.7565715951441,0.8464260422507266,0.9422979773072554,0.25480435208505264,0.8594272723641425,c2_beacon
1.0679861732281286,373.08711823672667,1.220867227730865,7,0.1181927133101528,2.3764083172154846,0.14250646419885762,3599.8250475669943,536.4592679727532,4.163504082853305,0.16257398738001227,12.445894487148209,8.070038039966843,exfiltration
2.0827329611531704,479.11770748589123,1.3809676539566194,4,0.05093663146487954,1.3009903495395774,0.19750922085361705,1959.6965230992462,879.3488003393837,19.530976080523015,0.03789365912336493,7.2658250356241005,3.17474416900416,exfiltration
1.0100439687089227,193.97549175671134,1.988274133002144,5,0.028012819534996524,1.8947168758106394,0.1560881213080843,254.75904764825813,312.94886116013936,0.11963299072906913,0.8895222510600935,1.1553299461121813,1.6998244720479216,c2_beacon
2.4402739829614823,244.3827620107589,0.6075163474685527,5,0.24834995754193184,1.300867563752063,0.2666190750043862,4812.267097488629,966.3430552552204,0.7047726121894514,0.7119544494931416,1.651416888950414,1.7148779514521901,c2_beacon
1.7346682708710732,228.35178882710565,1.860074100610414,6,0.2431016792151987,3.533285368172517,0.020483367947121828,2021.125124093621,322.9547996966495,2.211399928095352,0.08785985839433146,0.7609170347391749,1.242720844477392,dga
2.3497929468944747,170.31195283775784,1.4986083472878569,5,0.27347532268262853,1.7674789146885637,0.2620994852409048,1785.416007949063,538.9518665025116,0.8992830589668338,0.8990716211849674,0.2959063992553656,0.5568977375589916,c2_beacon
1.1905522862879905,420.6484414191106,1.1480468314607515,4,0.030713865144864416,4.252214099171967,0.02094854237463801,1221.9990605666012,781.9928555213071,8.304834910104445,0.006516952359285921,0.22120027657767197,0.6950147598439919,dga
2.014241152033155,225.4869651725795,1.782942676921857,3,0.0003129951212579085,2.8277281648634798,0.29632468947496643,31922.55548397282,1860.2064134262714,8.365113971105288,0.00658309973231993,1.7684324998899774,1.2925697507178966,ja4_malware
2.1458850850098816,369.41250323578663,1.2806861656508415,1,0.21407598297222521,2.2283976070871985,0.1662948647318248,801.6640149412957,798.400718782436,17.286013313526233,0.049411842147259286,0.3036008646991182,1.9696608116746124,normal
1.6850730381240724,266.1997217057284,1.7039475740971708,3,0.1810574600158873,2.3198979749368784,0.11915637935776964,2137.9006631409075,764.0906578126833,10.165788843469107,0.2013630744650543,13.49240737523401,4.00673144709639,exfiltration
2.213787032608421,436.79323571354183,1.0467244408286929,72,0.5878911063964052,1.1322000648397237,0.26172390291800773,4409.855721553383,905.9942187293597,6.879549859269388,0.1407078201278786,0.2122459176254619,0.5057164163037002,port_scan
1.7845769807991037,89.41597599759223,0.6537423360512211,2,0.15678594066128484,3.8231562062303994,0.04936278590337964,1173.8150568709693,419.8229706890272,10.401121891522788,0.0712142257053273,1.7556525293021255,1.8046328908352673,dga
3.602451224601641,2346.004176315635,7.322421503223877,7,0.11796799788030253,2.2171260459980298,0.1178390837494888,4604.011125068841,300.89162237562334,18.569924072098434,0.04002515112545627,0.4405234466052146,1.256714692821394,ddos
1.193490664205973,169.62822961552672,1.0199675262814232,3,0.13910302894724735,2.7570325727945235,0.18573970490669328,47652.02767278302,1303.2419652722954,2.6613682550627615,0.19065639317341665,1.3762483205476623,1.5760256231731735,ja4_malware
1.8507418975390009,358.2361394073565,0.9706794556943052,6,0.21523246975901836,1.827210228137669,0.23329975268199743,32731.04156991121,1300.733089162106,3.535532586754463,0.21794981930457025,1.5981170055598215,0.8535681117223122,ja4_malware
2.0258544593563172,314.6723669940464,1.2374671311603804,1,0.16008493184502492,1.7375863416475434,0.25820707897939843,4990.1955114447865,337.7086184950716,0.06486569209899828,0.7095287528821024,0.2609559308939678,1.3960100860415807,c2_beacon
1.9594232724143885,200.08070616158955,1.7792659236186767,2,0.03449044844026492,1.429265861555849,0.2504490444543406,35671.54743277968,1842.305806580288,15.474067080040584,0.1509869039581261,1.6374602462753576,1.5475530511163202,ja4_malware
2.0303491987621642,451.2659353754381,1.08009897728842,6,0.2603084890409063,2.646822136165965,0.21957805048896656,4439.756901777318,971.4598723059459,0.6543067576067958,0.6758673762010782,0.6597336677174983,0.7300675872434315,c2_beacon
1.4885791063129088,64.89264235587876,1.6176755897755406,26,0.6849390398441697,1.9576302346755001,0.24978596709364506,3133.1145595703533,983.6071250185054,11.790504093173096,0.2601392886290962,1.1018290001145792,0.9849875648873186,port_scan
2.1803021376897114,110.257665927063,1.830340958936135,3,0.048676709647720494,2.064725228457992,0.2926906374785814,3154.182526311305,856.4271247201127,6.076344126283656,0.007595197031249046,8.175855581655014,4.606777753096823,exfiltration
3.219679504430406,8164.866844806187,10.843446960994813,7,0.2677868129428407,2.3010901137118296,0.1357955247180808,758.209874512581,422.1443594168555,11.546094356723243,0.01597520054194156,0.4307432595587194,1.102538038029381,ddos
1.4754519488249522,113.76372207324727,0.7604654974884293,3,0.19194335442698543,4.377971025734473,0.020138021719989053,4617.711756548076,523.580082515356,11.565903817808465,0.13184283113696516,1.6209125449116273,1.742713089462389,dga
1.625789029032694,274.5527541567268,1.9872525228888744,1,0.28498218385732477,1.0965779348411238,0.11944091289291675,43728.37674600707,1664.121417744984,17.775576480893093,0.2150223947618559,1.1744931821566031,0.7838967693446284,ja4_malware
2.4395673358542815,317.60648612942333,1.1479362321479396,68,0.9203813012422809,2.646093561554986,0.19233937714904492,1778.3098534971116,470.1508481029342,6.845284401274471,0.0779721179148984,1.8725763494062264,1.5509128915333403,port_scan
2.400156853854032,389.32032276824316,0.8191106147623961,57,0.7723097010827478,1.6398000592046769,0.15998325928890247,1222.343831448959,849.8368618207891,4.63764583721648,0.12507094996629617,0.9114019031651386,1.9658832743658414,port_scan
1.3491502715590107,30.198501569863446,1.795889244006605,4,0.17900255345226257,2.9131180365682257,0.22766648355749627,3774.1615627831106,689.3592712310157,16.19531502509173,0.11646359076405549,14.987249530967379,9.488044441247737,exfiltration
1.1032548681589973,233.47645985839563,1.1177305331658098,6,0.033373585119900635,2.249824930878126,0.11819679747305363,3864.377391846013,843.0305748441666,0.6528794660003873,0.7220013861510088,0.5305414829156105,0.9995140393810553,c2_beacon
4.66158878280944,3360.9424288597465,9.12267823450016,2,0.04785718016879382,2.672239069417642,0.11537484893476005,1615.8019598586268,540.9094212635903,7.644023841655081,0.004782731690007536,0.30737023735295027,1.1833466474418404,ddos
2.2226172556126347,251.54610212133164,1.3780998529793684,4,0.16049584205078443,5.267751039855022,0.04685925779240006,4073.440954034317,376.4363695048835,7.26502256452841,0.19846744089807178,1.189573823878842,1.9615135780654784,dga
1.831054215308574,126.45259804669269,0.7302882830819208,6,0.046619135777182685,2.7850829895901743,0.2994138022152487,4545.267129349401,671.2415123275963,6.1895310395267975,0.26351486315606865,0.4637701506085976,1.6967367857399434,normal
1.7868983451013463,315.10212952851214,0.6046566545057399,3,0.1671762729495391,1.5754796231996773,0.10053792355711236,3313.617087264146,415.9960881715274,11.445075444661452,0.1416343708110702,16.71855120156081,7.347074755170081,exfiltration
2.3949752042218067,466.7071124584041,0.9490485797980523,6,0.22548639686509434,2.2568813806637724,0.27191937654601017,3318.572010876637,904.7260113654584,0.9629935947061034,0.6853705100740886,1.3591934876487062,0.7508823975391531,c2_beacon
1.4903226502539957,440.8138712090502,0.7713586106187578,3,0.27881471664154484,1.6976997875234006,0.27072386834969286,3594.4604939180585,733.8917511067413,0.9851532463485866,0.8370876555643508,1.8966029019446573,0.9625162964466991,c2_beacon
2.479601137097601,4941.5806351107385,10.565719807664598,3,0.0631479269315117,2.1681360897864073,0.19334225118129542,3594.3017110997016,660.8046604004082,15.75646380969685,0.1971916854983863,1.0907318946611966,1.8529474550727079,ddos
1.48952479540635,373.46330661786175,0.8345761732094732,12,0.9735162520640268,1.4414694953308715,0.25469553124906585,3539.766900952016,770.29190729019,18.83216260705566,0.06970097532057985,1.0206716747402893,0.5593676970815991,port_scan
4.010172992089055,3335.2805919988173,12.822895684281844,6,0.17793249266935057,1.6873421625695342,0.1704558459253502,1470.9553772185345,642.0931461861362,13.72333688159911,0.053517092896102625,1.1058119299199167,1.8614368662792249,ddos
1.129927531811892,459.3183745191644,1.4317367566376413,94,0.7373581789453088,1.2920139496390197,0.1624618180892839,4785.448491606466,576.3133569753868,6.7232470846890635,0.2307492167493963,1.0245069352873917,1.9612859111631908,port_scan
2.8106002179757272,2243.774692358219,10.827725584856353,7,0.16419834366531041,1.477781900468933,0.21300650748171057,3312.0037076176395,337.9204304509406,6.684569195318871,0.251546014839054,0.8166986860914245,0.8352074015434502,ddos
1.3383893023063165,34.552277951497544,1.2035076185190083,7,0.09604829066786082,2.0592504819189674,0.15697293808877802,3651.207470411331,907.7083785703475,1.9411638992706404,0.03230673668875841,1.4024630793681696,1.5030498306123965,normal
2.768075295821258,5964.311913733101,15.727005889378392,5,0.26458575652684657,2.7491546556865645,0.2669679352287124,3405.24184111758,980.209413364298,17.014432258142968,0.024476907785165012,1.2673885219903929,1.2637197214015627,ddos
1.265309880147809,362.9065808867867,1.9173029330398206,34,0.9996398625864529,2.8098932136966748,0.16588195743586223,1804.7093487966788,580.7395247531372,5.418505331436187,0.18298817859018285,0.435846534941274,1.6298409058797247,port_scan
1.4098325521812505,80.5911560092022,1.1276555058920024,29,0.7475502269809948,1.5549184675411176,0.22874323397921617,1450.3233505033088,839.877754299011,7.605505831904956,0.033994681770848724,1.3300565820864683,1.350268941527071,port_scan
2.3800883685030523,391.1559526963901,0.8229825723275629,7,0.07530379826633841,1.752277785074662,0.24548207705799358,3266.4519421060127,673.2358490168622,0.08708308078924264,0.6186493386567967,1.4323717868732668,0.514122104150355,c2_beacon
2.773891101694835,9881.640117375982,16.258591410087263,5,0.2030626128487886,2.001265714307811,0.27794619757097,1326.404306352061,330.74970050136943,4.092980768108388,0.20103412457527284,1.2519072897413384,1.840505571832478,ddos
3.3179223103362765,5630.965317497415,6.492723775531154,4,0.2472777029864321,2.2742081465779442,0.21746143573528737,1676.264669900112,891.348518278977,13.05404901680945,0.292465584089664,0.4546233577175173,1.7011141167319621,ddos
1.3513375931583695,231.96435674814978,1.877360463039145,7,0.17495699348697896,1.3283204302333134,0.21214854989729634,2755.6251620321427,371.67101220807376,14.670075839015555,0.03919334511431039,9.023842744518635,6.468455664472637,exfiltration
1.221562995906091,95.89113451690439,0.9283182524718001,7,0.21972187256814302,5.851397639026991,0.04592966381158489,3980.7116980515107,519.5624951572622,16.868813207922763,0.07870350303375057,0.9237172283629511,1.9310535304119378,dga
2.1810034595875645,326.4581108412891,1.7220291994100696,65,0.8112712424303805,2.9183216513523975,0.1639279913224622,681.0465022135206,953.1406559235758,12.512488926028887,0.2216653129406874,1.3686097823461747,1.3539967710983642,port_scan
2.29125829534712,273.3063905557024,1.7787179264865307,5,0.06879088541940998,3.818461139334934,0.02078385133189644,4040.2647648564925,463.41926019332135,1.6227756177591464,0.04967557504593193,0.7092701468227374,1.4656358609560247,dga
1.409477687287462,303.1673734234851,0.5527604100864284,40,0.6010984902623321,2.7925014452172623,0.12667760290835467,4249.469416296415,644.5510012034451,15.1521864273876,0.21128217855094625,1.3795141777146738,0.97972273616859,port_scan
2.4160286879961306,123.93955456271325,1.755651371330886,5,0.2804099496898072,2.8881120236403035,0.19199373601622682,1846.763170948707,741.8079231372931,0.5997866364443766,0.6307087523251761,1.370727886214065,1.4933390837794405,c2_beacon
2.476343195301637,140.8403100810861,1.015696136509093,7,0.22664043974226888,1.7281527705919313,0.2592891936982492,2556.222711849645,650.5703324848098,11.016047835036273,0.04239362482398403,16.24540461859469,3.5578238502083464,exfiltration
2.137779294752815,377.4919335882816,0.706996276021858,5,0.27988003753605156,1.526634564512971,0.18208829471108934,3500.8205646121205,694.6641286124088,10.031335576282896,0.08801255183759896,0.9701317411909827,1.7393943726913141,normal
4.648228842864759,2181.137435284672,13.154801134913173,7,0.01774209660174786,1.0170094610212215,0.15908143166483088,2601.0837232733365,509.65731311535,18.880598383715807,0.23778974188826107,1.2428238188203407,1.5108418753770037,ddos
2.205177450206962,291.50317598101634,1.7849925724280422,3,0.26982426186550434,2.995358938881695,0.16037294967387244,2052.6602201428195,338.23132364385623,11.918591643209934,0.2832809431376225,13.87154090619004,8.400832417516924,exfiltration
1.9005143252205747,409.88991766372305,1.5562200321472874,2,0.011734043594460541,5.5040557189766455,0.017284160282364236,1988.0311806063678,901.5141007805836,15.579861297938534,0.2092843693689908,0.873181164445858,0.9219478688587206,dga
1.1619234314158886,168.41187413058586,1.3198901539019778,84,0.7379642958655945,2.214059664309227,0.23778898926954972,1680.44930142669,404.10386811542924,15.846067747648942,0.23748764025365454,1.3600970690852152,1.9063295101293387,port_scan
2.364276933186453,400.2047449221718,1.5228146196677221,6,0.11716273010162692,4.1990490434400405,0.04194676392887105,2739.4692881125297,899.7456568879112,8.150809596196211,0.1371791179300927,1.9486184727097036,1.6902351912578424,dga
3.121145035237433,3343.138328564459,8.469148310719266,6,0.057531591199733396,1.1283829640672431,0.22477292847108332,3991.357138759582,571.4971515190731,15.447357820778155,0.18229116077459726,0.42819213133317446,0.9034753470871055,ddos
1.940963261053665,30.06401054000268,1.8272735892595409,7,0.24985111639845367,2.0428864203159884,0.10724446620906072,2261.105210409428,626.9296450932642,9.20735508264049,0.19060027291427525,0.7682544305087475,0.7927163308074725,normal
2.5999638851526243,4734.079458804232,19.309173880343877,3,0.26140592500461823,1.3735791911142303,0.19231153171251109,2185.598972156189,641.3801384863734,14.259494813259197,0.27175900667278213,0.8023224960994153,1.7678142445960559,ddos
1.268438848302518,96.00668153294437,1.3316778857735954,5,0.06680022478814919,2.97821925465116,0.2428247638887802,1576.7335682907847,696.2834966327894,16.836999098834063,0.12288664438652266,15.86549803862936,6.520070902335509,exfiltration
1.3724307507327809,16.790159420533996,1.2020702939077768,2,0.14854292833796603,2.162395653520937,0.24719536905499684,559.4140364447023,590.2496985316935,3.8389180172080746,0.01880448593106384,17.126930717044882,6.749680629088974,exfiltration
1.5344300663180641,53.17423744878577,1.4155397956227183,4,0.043194463587520666,1.6651385054162238,0.2053518211142889,4934.620319267029,971.1544929727911,11.6773597777421,0.11689788947518506,15.340524437442753,8.793089401268258,exfiltration
3.9996394439883085,9376.198403383249,8.225213287478295,5,0.12582100478929126,1.9574968293641086,0.23908829104206566,219.3516215416359,447.240516795932,2.3711096009657187,0.27896989499421015,1.1196731660804786,1.2795700804016352,ddos
2.3475498210423034,110.1547098699003,1.016211617095022,1,0.07207468448389251,2.8042993368180023,0.15456719533529145,4824.98497865013,638.4849877015203,10.731541985698943,0.15184444669217853,0.3237289435611407,0.5006253753546558,normal
1.1732350954980324,64.2084391054796,1.2479593203144728,1,0.18431583196055573,2.097228118644415,0.1652325284007132,2762.4219453764126,361.4164481578448,15.500554565509631,0.18025481292210882,0.46204884578402455,1.615774089650032,normal
1.003096533296377,134.21379295676792,1.5614966765796001,6,0.15658033177588052,1.7457389075350316,0.28812761092152683,4667.934851889412,763.8193219591107,0.4653276893748652,0.40684885128350895,1.7697087934371019,1.4456970663444215,c2_beacon
1.8737923955135916,25.098696734965216,0.5453683779476107,2,0.10080679508088579,2.5600355387032363,0.2598448924404346,1464.492863716128,994.4169322408459,0.6325845458242167,0.8516939754194652,1.2610131471571124,1.492289461014407,c2_beacon
2.4025402159204976,220.5853838221487,0.6359450977976663,1,0.2793264171975615,2.6914302814682616,0.19851578428247593,970.5729507667886,801.0449596254432,0.4135827630832385,0.4592182227510312,0.5962867148285973,0.5461766979646088,c2_beacon
1.27387333935844,198.40537064786014,1.7715525436152393,2,0.05390854159366296,2.480001094070662,0.2164407114868193,2647.6448190242095,544.5978769150211,0.18986180506924769,0.8553784248880429,0.3480307836729237,1.1781469609863386,c2_beacon
1.5812175685452616,202.36063076254075,0.7967147708887954,6,0.1706501416152957,2.456963733803863,0.2253532128654321,3805.8416863469074,754.2382817670859,9.451879426355374,0.0562594339716625,1.9845164879941177,1.2790641757870662,normal
1.8615921571547236,72.9952233563771,1.6183273856451228,1,0.17696858592395018,1.2553810074029743,0.2815346731021863,1121.7413826774405,787.8896113261064,11.373458525156487,0.046203159021742164,12.541717098007034,6.755517441060293,exfiltration
3.2719433866501086,8000.874565810496,5.010352625971673,3,0.27951067990203693,1.3610459253723803,0.2893739503076467,1798.8092327039674,615.0237691326362,14.586333169329485,0.008022745723209778,0.6623244946420108,0.8862630681762126,ddos
4.399572634724587,2851.409008818339,7.579092085072638,1,0.21694817821645515,2.759326276359127,0.29975076115484256,4159.174127559239,695.8422678098797,5.4200184226419115,0.26944685765451065,1.6262854072737818,0.6162352812884175,ddos
2.084788103529112,2993.62928586411,12.842647807498079,3,0.21784121492292255,2.5049382366676385,0.22426968813418618,2768.556385135672,547.9112481249746,12.12605825544062,0.061131179382726775,1.36819866466829,0.7071421823306093,ddos
1.0203551333328273,173.49604165984184,1.2515399171850399,83,0.5058212255981267,1.5516946297137588,0.20758040455100185,1141.6815625956294,335.69070376107203,8.93000352875055,0.05019823246398512,0.7408839832916045,0.8320102921580812,port_scan
1.4983013526634719,383.18155454617215,1.7612071214817808,61,0.5380232586736466,1.3302855554665327,0.23400930636262632,4636.453904593793,350.0279967603826,13.847602862698205,0.016226361863078385,0.9000579769970032,1.9287034494993844,port_scan
1.1412660218314743,264.9348062228788,1.4484242195453152,5,0.10486908343561015,2.9324052507363527,0.27641554188762085,282.82043277434525,625.2218110351255,17.07744905755477,0.2772373946952646,1.55310738459239,0.6288633574249378,normal
1.1373514491710828,179.4837759500002,1.3646437886946756,1,0.203687301190618,5.532281998018592,0.07594454647586284,2211.6559633845413,626.2611940529321,2.0975825661901393,0.09082266328627205,1.7974950635884113,1.095290842942794,dga
2.000296696998288,88.64047256430341,1.3992218840589397,1,0.22894182122973405,2.121119972843272,0.26193019906505566,35578.75540699325,1627.632782078335,9.194192954503341,0.246186136568807,1.4731236023103296,0.8662286594233438,ja4_malware
1.7125048167752521,374.6099942711342,0.7227321054011657,6,0.2803524523757891,2.512326448921786,0.19118370997267276,1603.3028722160961,333.68425456804164,2.7749169378413336,0.12228653962664382,17.81888537195331,9.289123508163138,exfiltration
1.046184981907965,436.590605743764,1.4176599357364814,6,0.2157610514540538,1.4259111415425114,0.27148540555266876,33667.33601462266,1334.0203421047204,4.55184314964951,0.025539645627313524,0.8323907385896352,1.1412265408254316,ja4_malware
1.5328198018935852,46.66170756342826,1.5733830160499114,81,0.841074972351481,2.2713681414880647,0.10274737782374228,2581.9081622048684,607.9323356187887,11.567963362397506,0.12085583167021793,0.20123128906874743,0.7796330080581055,port_scan
2.864957564261349,8800.53136665202,10.579096820652133,7,0.032857418784621735,2.4623959992456834,0.20965155622939374,2408.129575019302,950.6828010005918,14.518400663984602,0.14343859713034432,1.8615970525444285,1.2728535222858022,ddos
2.9478854608385947,9359.298832350949,7.23380626019765,7,0.22659659560034526,2.216443794957014,0.11996557636299197,236.14206994509283,726.7279612644934,16.789974897569174,0.0052721850927530236,1.0132801101785653,1.7142970629876093,ddos
2.0975940901982617,245.17325657029792,1.4951258574755883,7,0.16349278808851272,4.76951035350022,0.014618771239727692,2750.9228003522107,808.8034317598838,6.599873424358783,0.2622412893387461,1.7386823004429595,1.0918801436379353,dga
1.87650794482273,314.3614769531803,0.7365942622284791,1,0.19620553863488027,2.7591515136899094,0.160263277315107,34414.66170804344,1604.7390427706187,12.625444985926421,0.021926065402604854,0.4660253255239372,1.1744386908718965,ja4_malware
1.2292206810106379,15.426030610352203,0.917622371312949,4,0.1005845350468819,2.523722268159371,0.2704292803895066,576.2787863373412,385.3469952566373,0.12274878380429624,0.5124070359745199,1.822029227811456,0.8008233893788153,c2_beacon
1.9197824700707888,233.31331377596825,0.8530313101853051,5,0.004146579819967788,1.9823515314685956,0.24476209236472385,46025.604944397084,1569.3688415130764,9.59326535290166,0.1426486630562421,1.0218208572026932,0.8784521236637939,ja4_malware
1.4152902134652847,194.35290681989568,1.7662637206765455,1,0.23484520172487972,2.6162835013122527,0.18876618732592562,40242.86749406675,1780.5904570623065,14.468190590106571,0.26660117326622124,1.6020260775992183,0.7401786807873473,ja4_malware
1.9724801499794908,447.75826000748793,0.9672322312841104,92,0.7647707630524773,2.091859482626421,0.2869208497990654,4029.4515810856547,838.6170030858393,18.16500579427164,0.29689114526108495,1.7337073201646385,0.5899090507113542,port_scan
3.822230285999841,1148.0653288406454,13.112851279063488,7,0.2954081804583659,2.901623686515366,0.24826338720481977,355.74179213697994,418.43808611619664,16.541359221904976,0.286953477511606,1.650891569336478,1.3349123863799615,ddos
1.2998623037126624,239.97019775329662,1.5017737382719796,6,0.18310061663705393,2.897747514298251,0.29964569622357073,4718.295390267052,310.9064900297675,9.963928683097505,0.13105560226133228,1.1972351037272788,1.1208977122642758,normal
2.738729656128403,7628.133772188689,10.425643766293916,2,0.059883627370458235,2.194955193313196,0.24537693130233557,875.6646947206176,819.7647653992419,14.766991514876263,0.04399599629123999,1.8063488219153756,1.429266901375731,ddos
1.3869846751849642,486.0345255636539,1.4633938952205916,7,0.28569513209993913,4.405189573032406,0.03168979785656425,643.3465788287531,689.724482281638,5.1852080925994954,0.16442326136043411,0.6977780316413515,1.9968278403339967,dga
1.1826194330459412,291.0078614683247,0.6121853296971285,6,0.09248199564018987,2.4328505479846108,0.2818851290636527,3165.9681059857703,764.9506664251002,0.18567806726563893,0.8091513011649683,1.3707430549761765,0.6325075667966196,c2_beacon
1.2788063131657073,209.9077825719521,0.6085150834877326,4,0.11976514546064865,4.844468619766187,0.019959656170709474,2283.3399927609526,675.3631393639296,17.184694116603193,0.16831005198121032,0.7496904216366169,1.6620663184309692,dga
2.470291134636363,3869.486416612625,17.601069300922745,7,0.17537639735052662,2.136001950396273,0.22257025591208546,3582.771730184761,305.33029295579684,14.004170786502987,0.12450951919654106,0.9941800151857516,0.9519356159099754,ddos
1.0945279115434665,32.08500395526799,1.2954979514030216,31,0.6155191144697039,1.074597340367881,0.19505255343243977,323.2580088645349,719.1079719394164,8.16728896133755,0.03803207512606779,1.7592698809631004,1.2349346745089078,port_scan
1.8288861974978081,37.04177239143954,0.7911585010243578,35,0.9955441654865307,1.9586605455224229,0.1535234850857331,652.7442458486166,651.3143012939654,6.061753118664079,0.10936773197460399,1.0572076866103925,0.5542565248022145,port_scan
2.4630232778110344,253.14025743769128,0.5580761625379627,3,0.25750938843098964,1.0642146547140603,0.18936481006991912,4481.147538822022,589.2675641656413,0.4544502336160547,0.8146570262229811,1.8553549160258105,0.9037564811196531,c2_beacon
1.766810518983485,85.84904024440176,1.6571245474032565,1,0.005076598271603272,4.552132473187109,0.024438884272726384,4406.950028072192,473.11873788689655,1.2064443399854907,0.16395214512483072,1.7849390326543333,1.5984610784170374,dga
3.1850402117626766,7559.5753343000115,9.42868556049194,2,0.24056157985905635,1.7803620569670227,0.11940144225893784,560.8969842967405,701.2832605414451,17.836756653337904,0.10241155878303816,0.6076705816892023,0.8233446265353763,ddos
2.3668234219851114,53.426308550868505,0.9942980091663486,6,0.25509050215873985,2.093807137296075,0.13590034073107934,1385.315069478527,474.76016316181284,0.9178870447935399,0.465934926440659,1.9044660693349913,1.2345363910881075,c2_beacon
1.6634711906018398,265.786027669591,1.0958499522092362,6,0.027981271597298175,2.692686033979939,0.13675841397122165,4309.974545614796,590.974735178564,9.810387063102478,0.08304098621731412,0.5289098267685965,1.599806916603134,normal
2.4258282313583828,59.99706836074306,1.784114068010036,7,0.16643138392400905,1.17359517690196,0.18722057773107256,4276.992644608922,667.155274963716,0.25863847588736466,0.5310711683017171,1.3008561180285163,0.8745233515686952,c2_beacon
2.3008823587316534,439.247878659479,1.7705939738745242,2,0.26677245070519456,1.4197547978874856,0.188612896644671,25786.809613890116,1505.3433175336118,8.910562271105366,0.11735307977353912,1.5170089413381078,1.5583534356603024,ja4_malware
1.9474965986830972,415.3149780151364,1.174449032634021,6,0.24817637867722092,2.7387236537570474,0.29820004961529767,786.8807367963256,741.4525681652242,15.381790382908624,0.21282387451839743,1.0827171510673403,1.6194098509730093,normal
2.357966028233512,6364.249218482064,9.882118187927354,6,0.11972834993164898,1.4924704853674153,0.25072665616067225,790.3652226675125,331.2297801865461,14.259585629486335,0.019792583272022813,1.719496351532415,1.4354451968894788,ddos
1.2842070386264286,112.43825271509832,1.4706076972149877,7,0.2526210455316719,1.1871658906767455,0.2383770185411806,3229.781473197166,949.5007578240919,3.9692055652245055,0.2604051883297566,0.4021152136404291,1.6063492418349454,normal
1.4204430946429913,267.8475646510858,0.7902237978389683,3,0.23317234234207326,2.282154672938232,0.19998567451573687,616.747148488008,847.3363682649759,0.04754957504715006,0.6406136027041905,1.5832824125415776,0.6067491132144949,c2_beacon
1.3802641936113795,304.0349334282775,0.9553175708252408,6,0.05249040323199967,1.7322977010846752,0.16080882158004656,1336.7342774825206,943.1112002136605,8.214345454569193,0.04755957916507385,8.436034301970881,9.224680956141889,exfiltration
1.7005830192251101,300.2302704932802,1.136676927157366,5,0.12385581969794379,2.8919895820887724,0.2029197740341961,3245.5841136186427,803.5182841911715,0.7124775650267636,0.6694004765967495,0.47271254497539544,1.0231259731963673,c2_beacon
3.9982548183400515,1971.7499501641098,8.924994961038621,6,0.07349627828965635,1.2723752750834136,0.24456598315507905,520.4148443639958,450.20060665257006,18.025936794203737,0.07274842911076056,1.817270544341858,1.484384012175702,ddos
2.165947419176972,83.87548554608472,1.3382055477438242,5,0.07933917624150853,1.6066311013568817,0.2815346000870236,29055.956177884935,1868.8516786575565,3.3090908994843558,0.1537723543785164,1.5328370364587476,0.6798018917953489,ja4_malware
3.6697651871702504,4470.772706066221,16.332065071728273,5,0.08404151628942196,1.8205579768283682,0.11102452278443092,1102.915482877503,420.05471663521973,11.013302419726598,0.2165220757006313,1.5347707485723392,0.9427889816877476,ddos
1.3013203178556756,494.3734271526965,1.852360313481407,3,0.1218957379172842,5.125843890724491,0.053242263086036176,483.33218955022124,303.6368688815794,11.20103060487711,0.25648262265110533,0.5094157834625066,1.412357806622527,dga
1.464954037554568,76.64276535329238,0.9139279979870742,4,0.21981541552509706,4.712159487080057,0.019145784421092125,1643.9940441116903,574.7240631230596,10.917550982070566,0.05622326310988607,1.4142431760334422,1.7042108656255155,dga
3.6261422742065,6593.910047669415,18.537956766337373,7,0.147626545516199,2.8978388897370033,0.2121341537837355,1255.5485120619421,735.6023937596848,15.735277135418164,0.1367141776557563,0.4954946125028269,1.29775497001632,ddos
1.238274033069268,422.7522582375803,1.2914589101204852,2,0.07272660183042712,1.9643612054662234,0.2938257630771334,138.9602620960453,417.3886214886097,0.9477089498420728,0.4427914099588423,1.854380898526935,1.84356261182227,c2_beacon
1.8058588584844129,128.15891177030431,1.693459347161895,3,0.17855014917872333,5.6780761776585456,0.0633573479537917,4243.092267935636,722.7519189933124,13.908038749621287,0.29620347362771643,0.5676990378315278,1.4881719089478058,dga
1.2185099755892976,496.8394750818897,1.325425292360073,2,0.1604687910792625,2.3378857026183146,0.11015498598685931,1080.4942912751724,934.8502084188642,5.536929754988679,0.06366905155773363,11.04979441250692,9.124338968608981,exfiltration
2.3016084306640168,249.85598318853198,0.8972107659823695,6,0.2261312038931867,2.0442828944180036,0.1945774364308333,4100.149655621553,309.8886024368982,7.79436599423844,0.06706323025177001,0.6509162649601912,1.0644211165227968,normal
3.7984497868407248,9757.917867130585,17.59210850669966,3,0.0317122887060306,2.4532702572077936,0.19758889736581675,2632.946541410555,439.6675146468891,19.79772324294057,0.2588233422042433,1.349722280253189,1.4424432241147005,ddos
2.0456564974391647,324.83211814119505,0.719163025262133,24,0.8437727584751789,1.8738762113615284,0.2167272922189079,381.55064970540457,580.4011633495866,10.972415705322708,0.14965012875407094,0.4036619922769927,1.8012421902024167,port_scan
1.6183037782431478,462.4683332177847,0.9128668901356061,2,0.2780204524707818,2.3636924453753885,0.20156438831521006,2068.9761458379016,822.6960170438836,0.4542822168368002,0.835442888788803,0.5681053174353088,0.7698285906015527,c2_beacon
1.1628636117031652,427.8627535196372,1.3007600199109406,1,0.18196990055862894,2.611545396684603,0.1758250122183097,4402.155316864251,562.0574835392995,9.898417113044461,0.21305008214960888,1.1949518793304457,1.1973066857868364,normal
1.4910982036855778,126.6460134586663,0.8032201495824168,3,0.11216383877455254,1.4977468245472851,0.20987359722734594,353.3886884065637,814.4248757589719,12.811450408971986,0.04995999557198154,17.96679614922588,5.569930263696824,exfiltration
2.138752391946983,385.87965761794857,0.9242285124664198,2,0.10272116862023818,4.04632285843806,0.021669799096635967,2508.0142129911633,794.1594715610846,3.24367704393757,0.12028053231777053,0.24911203417726524,1.3392384683846459,dga
2.081960758841334,383.2302871940868,0.7345869696103104,2,0.18020793708605012,1.7785492309433224,0.25772158356188857,3720.259292723787,487.65353939032366,0.2417614405456859,0.912026290669701,1.7074919727785358,1.5582205289672735,c2_beacon
3.7514645101480304,2786.487512520169,14.217957389647705,5,0.10685183143062295,1.0985754927714428,0.29169556281869113,3533.491643315022,511.42060245899495,13.973881521097038,0.09456260710665687,0.7421763625804132,1.728365211230083,ddos
1.1437836146307698,284.87580874168475,1.0601307486371523,5,0.1693756064789674,1.3838952892746053,0.12460532153797202,4950.406017792592,858.3689255334019,0.3441231441875502,0.4079459762423127,1.5660857002547965,0.9034459955383292,c2_beacon
2.4443205896726523,164.30846611603795,0.6245310959841357,7,0.18118759167069906,2.8434358767897288,0.15968847204088996,2738.068372054743,647.2324571352154,4.220508473267159,0.031274160093032376,12.42933782676369,5.1710033053510704,exfiltration
1.016676565618095,112.70002812163816,1.1363153462633282,57,0.8333675930763944,1.6589359816160034,0.16262536336654976,348.947512333697,460.6877506291249,4.460781130798477,0.14056166421213384,1.0222568625094353,1.7705218538737681,port_scan
3.3916047755539775,6628.323056160871,18.065726634779068,3,0.2941286737515355,2.588077809287658,0.16941373334923576,3198.3277676746607,373.94366667337545,18.754096197445307,0.11597426405231678,1.2676865610177521,1.473519955512211,ddos
1.7345957101090217,378.13437010447166,0.606965081574572,4,0.2722672583906257,2.0505831536688524,0.2306619231962154,1797.8911715683075,574.3892707322334,8.220809260428275,0.264656243141532,7.638444003108564,3.768567041091176,exfiltration
1.2683435381619153,241.3276113251434,0.5616772142767987,3,0.20618791284112561,4.646039184518103,0.05786792088069975,4196.048705240824,773.0536558489323,15.906227692958732,0.15467541046176833,1.3104189038368055,1.5001409281192903,dga
1.501447414599274,109.10075463647036,1.748798227684361,3,0.14871932678146438,5.10698571997927,0.03257381814839226,3016.4277838053745,584.1762322801789,1.1767709408239013,0.10356433492753984,0.3591513634121922,1.6594115155018125,dga
1.118978579105669,289.14251952949036,0.6171674194889877,7,0.0004970490226722801,1.7783560116538089,0.1570810014684118,41938.136186122414,1721.8621625151818,1.8957368896165785,0.015047447993281293,1.6573600300342795,0.5863335526511103,ja4_malware
1.2167862832990703,51.56144343279771,1.5292443734227257,7,0.09625502222015624,2.2042387836668547,0.18026126707643925,4585.444991739197,967.05015343821,4.709590837563738,0.20412931832773687,1.4988426397379313,0.7646034122816224,normal
1.8392394062157362,385.82768243520235,0.5423297452490683,1,0.12242255480046868,2.782845997197705,0.16197122686830961,1784.3852048265624,454.13920810640695,14.374466667362512,0.09545260151067496,15.405848759191008,8.215842518111698,exfiltration
2.219139007110302,419.5792527743585,0.7276556546734576,6,0.0507730964054244,1.4397408758997632,0.26496918823781007,27085.30743374012,1959.3225299777314,19.5313245306289,0.2623676879301754,1.4219310005281947,0.5481594155790345,ja4_malware
1.7330430672217618,26.190023485273507,1.2144677346160846,1,0.23985904152110965,2.1256212912557686,0.2502344492719182,3536.8535202801445,637.7841818291192,0.4484468581595896,0.6681634008333557,1.2196880498702476,0.8890952719785524,c2_beacon
2.6494884881192657,4148.926418165024,13.994217165592614,2,0.005765041366983603,2.064985618823666,0.2932362396244715,1477.1323304974158,981.9037771144822,7.41889798648469,0.18714010842764156,1.1308315163962634,1.7902047621818522,ddos
1.7611853725436748,256.1479724837378,1.683314751942019,7,0.09153260582449589,1.1202675046879274,0.14397263068144425,3617.793271401355,964.9590744109607,4.37074817984785,0.11471895137996371,19.14685902736609,4.952061076932344,exfiltration
2.405219725800669,149.42502880479438,1.173094260801876,1,0.06707709626281406,2.9953347846772718,0.2973251835049929,1393.765141150509,351.12889233323125,1.7765298056618124,0.25750280162775874,0.4324955529843161,1.5391122504003194,normal
2.188820683810966,441.663492071039,1.1184021792339256,24,0.764727633308077,1.9806161497781858,0.25726373709095174,4883.572472084997,563.4087646855849,16.807623431109334,0.2351807767600375,0.7598434564076921,0.714608176089395,port_scan
3.1699390035035893,8410.230492168725,13.367135868253706,3,0.1212605640919176,1.282676185867316,0.27696251055000193,1910.5929306632677,965.0617276084882,11.657459318493071,0.008452282434558056,1.7426240044416628,1.231313673764618,ddos
3.619748061002129,4683.295602624364,5.9182266975861655,5,0.0608110082759437,1.2257631063607732,0.1998056283564777,1179.3792780119552,866.344698573316,17.09516339497612,0.02938544588939683,1.6632708452046623,1.637143400136877,ddos
3.893029657827206,8722.54528565575,5.1711499292863055,5,0.07798790601747259,1.444726205880906,0.14030391598774897,2583.313859641465,528.8170091896677,8.093930819638102,0.23993625139074143,1.3491295434538368,1.5468545860157112,ddos
2.336188736317787,42.91166773540578,1.6272362158570939,2,0.1932028204349605,2.6563957049786717,0.2188588856027641,2856.387791704295,671.999720520449,6.8544122786891,0.22731495624379625,0.8431561691789147,1.9886880646625205,normal
1.2018283126197207,165.4050538536896,1.344008615862286,2,0.004869136902741433,1.9985605139482958,0.11950894135459654,2810.673294535158,768.3262010865425,13.982255675840884,0.12650656643507766,0.31582816791487284,1.3175521186146653,normal
1.920927584494774,418.2241497697074,1.101558340495572,2,0.2462682807955538,2.187549732755474,0.11005964043148105,2839.7190035429535,681.4467751614325,0.6089899592979493,0.4761267424120005,1.797301082322983,0.6781454436976256,c2_beacon
1.3856471835160167,439.3719015230592,1.3843945152800694,5,0.07105877007721821,1.956288542971215,0.2037469469004674,2859.698501129569,441.65192443774936,18.653561707568024,0.29042203729359195,11.939459993997517,5.851354945228755,exfiltration
1.2295553254841436,263.2290085173594,0.9389590653574563,11,0.9944946805500248,2.4095417358197753,0.2859529688761291,3561.021323700206,902.8766919192311,6.26333107577514,0.22694341748535057,0.35810748957916383,1.0801526389727087,port_scan
1.1998192658894262,440.0216157380856,1.5722332858228687,1,0.06590203599240547,2.565534720219792,0.26487635664744147,1335.242183996594,549.4704091115462,12.294151786489127,0.22560411488987406,16.150636419069176,8.054294619896275,exfiltration
1.1510773895732318,445.8157305150926,1.5821878725124037,5,0.0462395283072629,2.596123258813437,0.22005670786333748,120.27133115105326,484.4577296911517,2.2010754304680176,0.10693666353609176,8.826572178279832,7.913451365612079,exfiltration
1.3198751582887192,295.91300655872027,1.168744010200021,3,0.152616427668597,1.8027742359338672,0.20967355174159594,4231.302891581233,650.6871436906788,0.5112749152590615,0.44404802684905603,0.24019059191405728,1.9260751848286322,c2_beacon
2.115748200411727,492.4750031135714,1.1802874804586123,67,0.9703782957887144,1.6727797873720749,0.23231813891309347,4842.343553610291,558.6142216467508,1.1250460740644703,0.23996427276028337,0.7579365145815244,1.9161214081795852,port_scan
2.1608364984531083,193.48181721347862,1.5559980854212125,2,0.066738489433832,2.99491072023104,0.29101021917510606,1176.2809644021615,716.4506255097374,0.6718137434891891,0.724940319013093,0.6343548709964878,0.9463285513154097,c2_beacon
1.3917490802278696,17.76198749050882,0.902074230143045,3,0.22066411464039704,2.838130437340551,0.1020363158564056,29140.415204445246,1305.194812043571,14.49868743879184,0.047764432192091706,0.21520708672868055,1.0779521713056,ja4_malware
1.3552781826375033,276.9658963049446,1.9382253339354487,21,0.5738913610086246,2.332464881126395,0.23684472860910905,455.79236542269234,498.54457302428443,18.39661258426349,0.24307854157663156,0.7544065980844963,0.8066175938981317,port_scan
1.8318771805237521,163.8077512029747,1.5171410913197425,4,0.29694692076146206,2.5030391205587867,0.1890530931998776,1025.0165995319605,658.7870387787739,9.03540671781462,0.19764503004522624,0.7901856574036108,1.0376109387531434,normal
1.8677135013100534,176.15586498599043,0.9803080601761518,1,0.1261535302787853,2.518899517022658,0.238143957878437,1554.9536547325263,703.1170932217581,13.908528770128914,0.19173942075445569,18.690598967291535,3.142236183942079,exfiltration
1.414094641915958,150.35194707749565,1.4589029292595785,1,0.18913759770651759,2.1420410972802464,0.2359784263390871,2274.291091620532,326.20682769630474,15.092240199188865,0.20143672360058654,19.722613373367622,9.951383179745196,exfiltration
4.543708529402352,6617.825691138829,19.763480930625185,5,0.2145698489864314,2.491871567843563,0.15296174746346675,3404.910032505297,745.4174246638021,12.155742481946866,0.265945897398388,1.2606426275420173,1.4067108987717882,ddos
4.844827967804973,8981.904466243184,14.12114534164887,5,0.07235499306759034,2.127654216269758,0.14603057905518804,4662.7301725713705,522.5178314819722,9.66405122184457,0.055445700268941724,0.4622556781383088,0.6799510950876207,ddos
1.9110298556552534,382.4632713465264,0.5958397775782978,4,0.059524682303634786,2.4264838093280883,0.15864161387164255,4986.059097301677,931.1327412530435,3.6539343023469875,0.049395304393719315,9.770425333115746,6.380713516298314,exfiltration
1.1422632239654644,162.61015332006784,0.7159119698405945,7,0.2774083249252156,2.006887637181522,0.27899119007084017,2336.197554105685,892.4842794703436,11.23198591962515,0.1751565898996797,6.1103039995024755,9.444725037133662,exfiltration
1.4416080901336632,64.82669307790286,0.9180322702806438,4,0.08486024937534449,1.8025358536489875,0.26763046774443633,3386.238827366183,823.378320266527,8.874884131629848,0.21549950116228928,11.838313275848035,3.2058416871231143,exfiltration
2.1101619721064324,191.08488517083794,1.5077008011155715,2,0.06763435043134054,4.102829695421415,0.05968518919170119,2692.5770316596345,362.50857763380304,6.954681719105886,0.2072097741419367,1.6221706540080736,0.6584776176159923,dga
4.535659023384062,5337.389033369673,7.354539182045923,4,0.165429278186266,2.2369473966014857,0.2946766393436956,1744.1321676570142,738.1550631567948,19.76516966659174,0.0015891245104716844,0.5739480950817712,0.6994413529530217,ddos
1.0564926500010576,216.55732001498865,0.7930796693509558,2,0.18953302606444308,2.468907664685256,0.14433628998419484,662.7377509019565,630.8966432703653,0.38360624553136197,0.7769169493433403,0.901752794350974,1.913445644094036,c2_beacon
1.6207242691647246,251.24256774666836,1.422926339698831,3,0.025637237668891387,1.2559115103074305,0.2658798973523284,18640.202454693765,1899.627790263006,19.222716396378242,0.1985476293206451,0.8040840464649424,1.944826404527979,ja4_malware
2.147084895758073,3052.473281755786,10.875611402215767,7,0.08331495474876106,2.200522295937743,0.2868082383986542,1505.045231310021,596.8102731045848,6.822143491281812,0.2628418460510261,0.8126582293775815,0.5603485541397208,ddos
2.3872126439680406,30.128755719375,1.835395942735428,6,0.0658738776606274,1.1007594765771087,0.26390559437686845,2218.4435715610334,441.6160331894687,13.436829359300654,0.12359241720359636,0.4309245638787981,0.8315332909162523,normal
1.9377893654114127,464.2044495100227,1.9455013641126828,4,0.14691880311959835,1.6552118726581901,0.18428765391121987,32149.33998021178,1774.5647931482936,4.232164716716728,0.29103659741408483,1.1117372181319534,1.8627933824240188,ja4_malware
1.456241761809924,168.5195554016453,1.0064727487392342,2,0.11215398019663411,5.007654865909675,0.07549616585311081,4547.952226694435,756.8307615096031,12.463660511942814,0.1437030178115668,1.6781909763942373,0.9747561042953834,dga
1.38737448495123,98.81584153232714,0.9092351508732357,4,0.09310882650959408,1.1656445907111233,0.2558508549656492,38628.273443947444,1333.7318525279152,7.668812927381521,0.09623237582718171,0.7563268246682737,0.6070091756122105,ja4_malware
1.948047543509327,93.42278771680286,0.7525377603356549,2,0.15266535344342483,1.817525613972396,0.24231274919743284,1147.3585746207498,566.3983844852371,8.441585454306498,0.16483829022838972,10.101690294226522,4.561664182490123,exfiltration
1.8220048104337863,187.20391991698816,1.1301340795482298,6,0.10214053252689145,2.613059315314666,0.2574881944960979,37275.41718943723,1429.6889858549832,10.803537122222874,0.27195139814424674,1.4717416566731067,1.307034739086081,ja4_malware
1.7657722491507377,157.53247177250188,1.7082722046695338,4,0.016300298878367026,1.3533375025100218,0.17892994794879627,35389.625555550796,1793.110044188803,4.950814533003674,0.2530374014540459,0.5604587197131774,1.0720207570715221,ja4_malware
1.6949681193335517,431.1760498931608,0.6114758719859785,1,0.17105871444291648,5.996623779786986,0.026271687218639886,2714.3911192245296,302.84698039400814,7.816034299748653,0.03558635846858736,0.3559524033624086,1.1247801480453181,dga
2.360218048863981,244.6031086123619,1.8921908081070953,7,0.25730837778452686,2.042702416155652,0.2926891773008645,2976.476759470663,349.36264162258374,0.6224700884193423,0.9124151738592675,1.3156983725708704,1.4115293557010373,c2_beacon
1.4145208929018056,281.4906345326179,1.8363028958558616,10,0.7474154793716741,1.851604816855849,0.2144488635891924,4726.994501313266,658.6252116951287,18.79077348637614,0.29907184278525406,0.7032156826758034,0.7701718328287364,port_scan
1.762529107670413,111.78145414225422,0.7533095624190722,7,0.094415234239609,2.112972181021588,0.16612011082819558,2428.5161547788334,779.1688850100682,3.823776889261172,0.03680204088359523,0.3805927721210871,1.1545384211488463,normal
4.748862547489257,2836.01499928464,19.609930543802363,4,0.05935669223572247,1.9494834834143986,0.2065258265051529,3433.672714187677,560.4556698990936,18.53708267073105,0.22489372931577684,1.720970463908383,1.2921268571095184,ddos
2.3727861941012183,195.74406521494763,1.715020204495195,6,0.04418595902790199,1.3437770737193426,0.2834286842931798,714.6477585255882,739.2165985732186,8.925611130092843,0.04041519025051838,17.995902134784867,3.5418239774910876,exfiltration
2.1207199725467474,89.32401092569562,1.333739239056318,5,0.12046151645996994,2.16292131242876,0.11263913358149494,2626.040031516607,677.2315946934687,0.3258248153105657,0.4726166594559171,1.7665479493940859,1.585293930936069,c2_beacon
1.4782761285540225,376.14581778507085,0.5135763941210036,5,0.11138305875596168,2.2124682095332373,0.25583048613354253,2630.939746078687,565.3848875044398,8.166687806567698,0.04599265192384335,14.981919937818287,5.6988198360704905,exfiltration
3.4691966120259647,8432.112152638198,7.117758151755985,4,0.09703902732452667,1.0289282292039457,0.1291640346842829,1547.4270910909431,332.4066131069626,6.878389412566597,0.05116243120713014,1.947549011397737,1.647270218593731,ddos
2.4813449986791967,80.91123712387349,1.9347867015508724,2,0.23220921318808493,2.6535686212620138,0.20340725651711217,3343.8892086521496,687.6321609440558,10.964167977765984,0.0886821313756432,15.956756711680427,6.977356532767404,exfiltration
2.102375917553518,26.680472783170075,0.5010368838706154,75,0.9961179650731554,1.7190671422158712,0.10252351409629408,3928.33449822077,516.9158938339806,17.25936565546238,0.1584826057872599,1.426087243456227,1.5331696884027493,port_scan
2.109085502018115,181.36891877267033,1.4434591633893898,45,0.5472624018925716,2.527020976199383,0.1903347663540889,4661.108312636506,827.5943466154814,2.935651571833417,0.05102822669104586,1.3277019467331863,1.9402863976671614,port_scan
1.8991340248603636,119.08183776045786,0.7109849570303548,78,0.6755378637603908,1.230178728797383,0.24005255447212984,1193.4744338092253,310.69067938941373,10.514045641331984,0.14777823887139913,0.7583911041567006,1.6454508677134525,port_scan
2.11985259232057,305.5698598914455,1.715081753644606,7,0.1128101366686314,1.8143069913256773,0.26674289159823517,2693.440837225617,325.6926386177688,16.070428266770744,0.026380406600809814,6.840632849028072,7.106209935435438,exfiltration
1.8322544941144137,422.79129819604276,0.9582005847819566,6,0.18459421029522258,4.042213044482934,0.0215540886985576,3474.4846516408784,960.8807453733648,17.408383269456703,0.08182918386440574,0.8771981657205767,0.7880352348540205,dga
1.5135981502035216,454.92490229053396,1.9189031426648464,6,0.02242588231342971,1.9717443706542916,0.18276591068353049,3032.1392994863627,888.8111394325911,2.5846639098839503,0.1731277888322881,14.717790982638572,4.5068047022607365,exfiltration
2.4359230906117038,38.42254986489716,0.6842849388669187,63,0.5323771148967515,1.4588622113522092,0.20200435859424215,2003.3204652403042,950.2944329787026,13.82750241574431,0.12687707819758567,1.5327866985300675,0.9391199486071669,port_scan
1.781839738941689,286.564783265042,0.9309953642592063,1,0.09371895941455226,2.485235943808364,0.2376173928449975,163.09592144476463,330.9253063245699,3.601940766969194,0.03542518943940742,19.13471015602523,7.070666795707842,exfiltration
1.1579657011968907,445.7576295707065,1.9503280220926773,7,0.10688149710691519,1.264549335982128,0.14894755322001385,4971.4296108981025,658.8740486073139,0.3991784480486592,0.8795516229362401,0.23301589263732514,0.9911129898379307,c2_beacon
1.2547897967313397,185.46602581654582,1.436249064220205,5,0.09975189144838562,4.680764602654616,0.013138019595215251,2844.0270637616413,551.8616853122262,7.627842743378514,0.24187307875277297,1.7679645706473344,1.8958770565535885,dga
1.161611418933845,144.66427486998285,0.5522575254198735,1,0.0033050002152685385,2.3637918101341473,0.24087937579549046,3328.3461275197883,657.9141673888865,8.054329262663913,0.0361732323047961,0.6817677231077344,1.941758586345024,normal
2.3973300622622276,102.7616646430431,0.6822140850536522,6,0.16659503638199177,5.473844757315241,0.02987163433900543,3662.3557107452475,679.6340315268399,1.1371149290539928,0.09062066601673015,0.9717292621382534,1.017864437687845,dga
2.7931586122979346,2211.0284520931436,8.408882705787532,3,0.28565776091877004,2.3463308579360733,0.14091415054127557,3748.472729265781,668.964713228368,19.005808790631765,0.06688900034587388,1.5613825174554934,0.8416752612073037,ddos
1.597806718274459,291.7002688847043,1.7619734627994732,2,0.11489972469244242,2.5077782663742347,0.2230962340572743,2206.1286645321093,557.5944510941082,0.7770286158443206,0.45834621917492735,1.2748330013575042,1.6901828521330045,c2_beacon
2.2099250190262345,434.09842160501694,1.9139962616888238,6,0.10140978517813792,2.186353432675493,0.17292210370826575,3375.335339938943,681.4291698509962,12.170073852124931,0.08585482048494275,9.862755196911454,7.409250011203996,exfiltration
2.5398073747320447,7683.8063294925405,9.073700711458198,2,0.2509213598812204,2.3808283433542434,0.13493545856429578,4323.587086843732,478.532479088713,10.424090620962534,0.09022864444130249,0.2700033427975581,1.8016116551197383,ddos
2.429905426814775,481.19757626030633,0.6582628226838839,2,0.22407838716801923,4.1161870141582835,0.015322263355616834,781.5453523780169,485.35932290365366,10.84437845535432,0.2210263774930458,0.8066477942126036,1.2293411589717873,dga
1.3529641201676634,129.5970875400162,1.3537427811158076,7,0.012797887880372427,2.2048555525760705,0.2962398596878545,2297.1989437575735,778.2572350259136,0.3435761927706796,0.7503915096710894,0.9065829608658629,1.3288865261801783,c2_beacon
1.5613184402974518,180.09316567513028,1.929213711013204,2,0.15656457919916208,4.295682547544242,0.07256932448053405,2058.3469983753375,904.9495251952518,14.752585016358314,0.13599960950885684,0.599206026234002,1.4921884811028523,dga
1.5478996756234311,345.22866337303503,1.9363356474311635,4,0.23973156436163046,2.066496233536456,0.2599585002677676,49239.92241359132,1553.2568921058064,8.203010442645061,0.14167749060408077,1.5236612663920401,0.7518968037278804,ja4_malware
1.177008853180773,491.0849142958424,1.790854878941564,2,0.12367757893922254,1.1778574861005653,0.25350148319617966,3891.863830463103,465.3873040948313,10.872135093861736,0.040981320833896606,1.3991215738070406,0.6501581431508158,normal
1.45544555761369,328.6039830844916,1.9783189510267862,3,0.07955482303696378,1.1894524880283326,0.25626065422303335,747.0168324507298,941.3071946708208,19.363810826550786,0.11688437267235036,7.9367189695012055,9.226166105209156,exfiltration
2.4031532890562666,132.26786533227693,1.473978480304145,6,0.2291303576453926,1.071733149371885,0.19834067861388757,4850.044943925109,498.7415521240373,0.823154351173508,0.8671625006892243,1.1529228216317906,0.5902531235087856,c2_beacon
1.371759344427037,245.1330662700219,1.429353884465468,3,0.195238376915321,2.6583009806915006,0.24913500013205994,3259.878261921525,468.68401218418217,9.747516154767444,0.04999084290854232,1.3268879790417374,0.7346432420500478,normal
2.4537645660215857,363.14101389199226,1.7587607993514867,4,0.22682794431385583,2.0965466357163773,0.16416737918796342,1711.8238873348141,573.6724297498142,1.9870975714030628,0.03759780293233522,1.3716990621592176,0.876895326059699,normal
1.505157237475541,226.32500733609115,1.0163193467041485,37,0.7733250044376675,1.8534025190516188,0.27355282778237466,4597.592738630818,585.8033464709099,16.32547029229697,0.14367506757005136,0.7038835064315221,1.5586098486835072,port_scan
1.2546183214852105,97.37678283721857,0.8991207852230051,97,0.8849886895243224,1.299481047824163,0.16085435929148836,2843.205889452427,574.5098374475951,9.960404193504557,0.250348073810731,1.104383515465567,1.3743389827483505,port_scan
1.9146776502147527,243.7819287158662,1.3028472144035668,7,0.034707362918557395,4.941131068848045,0.05232455437901521,3778.548508500098,688.1448243373816,8.456661614288498,0.029521079282676742,1.5651275455274865,1.640094558658084,dga
2.1788545176950596,4208.605285972846,12.084129322665346,6,0.28187249628067335,1.280316868555906,0.15326002354490895,1697.8894589846973,787.8793703351691,12.565948199413564,0.21953029892220188,1.597443213382098,1.4427142953993761,ddos
2.821131327268602,6743.582226738802,9.589089592595279,2,0.2095543103603462,2.811170203900264,0.22204176133288167,1868.3607165635965,965.1007199152734,2.210974263922714,0.06685283419245379,1.9612160727605616,1.495799981109282,ddos
1.368835718586247,131.00682311720203,1.4324985428330637,4,0.12259160971657265,4.728789116652232,0.05878773766871583,4121.932028972842,344.29349304465984,16.93986128930853,0.09548470885548072,1.9367775973447048,1.1019449072705814,dga
1.6545006032153826,486.74575431575016,0.752380245665645,4,0.21508495511425332,2.5554809616192844,0.1589284118162077,48495.9173566021,1252.1340349946843,5.743734771113228,0.24764918993022583,1.8917187541949967,0.6953583911821599,ja4_malware
1.904807565074243,394.1627039898897,1.6739621792501969,2,0.060205107329000716,2.039646314344175,0.20744532545199196,11246.570538377104,1799.7863040569518,6.676607501508238,0.07892497923806699,1.320852100437999,0.639619895784395,ja4_malware
1.1658826164941658,245.93075675987754,0.9659812776216241,7,0.23976687649771658,2.4891595190360674,0.12475746622342754,1095.432918320245,631.7891311203637,3.3645281186186904,0.06519954064750437,0.8486873485940187,0.9245487320939524,normal
1.605972570344771,50.11594351655865,1.3993207309018827,57,0.7550463066244133,1.9809809658453825,0.15358074791610407,1511.6920376544756,841.1446146769728,4.95656336259526,0.11947317109570185,1.1810400629164237,1.3123323665109408,port_scan
1.8391379204919378,443.47338739074604,1.4566694793056363,5,0.2820345793474965,1.256753908935066,0.15251541962014886,21134.853972060766,1674.6916827364216,16.730670323273372,0.28112001340849024,1.554569800617506,1.2653299897533485,ja4_malware
2.36802885461278,415.58517932916476,0.6905752893303548,4,0.0378530683225488,2.8101297800513674,0.1677113490259507,1922.9082351256516,333.1684764260722,0.1500677689998941,0.5052292905204095,1.047567268770152,1.2431383042493627,c2_beacon
2.16131463928637,248.22877799390653,1.5988937013040583,2,0.20768145386782835,4.645834107282625,0.023227798481935208,2053.0008417842423,319.0478411896983,6.439985546014657,0.13172421909613266,0.9060970565970003,1.773067912519717,dga
1.6362931642170948,277.40236282480083,1.354289760273443,3,0.22778891327328454,2.046498038159437,0.2512744165883174,4167.851608059878,728.3995164940445,13.059315731339469,0.11066332051122135,16.0793480926629,9.874520304273057,exfiltration
2.4262604926778284,40.26829186043893,1.4492937917521391,1,0.2805144877511129,1.0247942931851077,0.14112581330951934,45950.782580720705,1803.3020621953683,8.170497273274897,0.2819112649003909,1.643983505780219,1.1217073606019046,ja4_malware
1.9944068061321591,426.43677975140025,1.1430111719367602,1,0.1447041506389364,2.193624496808938,0.15687876073265658,4801.621313936248,316.54028681038847,14.041408299087593,0.2896505522043521,13.226365877340493,9.907248219955541,exfiltration
1.0315789952039225,433.45671007402,1.8333296928819154,1,0.22972622876512389,1.907587482457013,0.1831065856344473,3187.647604125654,773.7008267794338,10.741449340450869,0.029396374718997496,11.073692406605979,8.149242035977476,exfiltration
1.517548224408352,206.13617563455134,0.9302834021086436,1,0.004391609264163277,1.8100271877191216,0.23180315990286898,2489.524113258611,812.7357148549708,5.717519960959054,0.19141788033332752,9.915589299161873,6.44785875155562,exfiltration
2.064367427650931,129.95028575957127,1.7962052437890872,4,0.26841857451441953,1.775728050165241,0.2833360568998734,2912.8719783309243,374.07016937927796,7.503985118704512,0.05106909017782311,0.31391054012366665,1.338190375586252,normal
1.2081752965376436,151.11201128218283,0.5312852007118791,5,0.21498194868668155,2.547347978190125,0.14497089442758346,11103.52208002701,1682.9979639952921,9.304318388984184,0.048837280994846057,0.6084182057758856,1.9790577015159216,ja4_malware
1.268174298920043,58.156029722099596,0.6515074563763754,94,0.9102050407082438,1.1664418689650973,0.25808578394095316,152.70138650406676,640.3721692051627,2.6328405509716584,0.22000204900801437,1.3317024566020834,1.47023985088078,port_scan
2.4353278553766433,206.93727307420681,1.326975373551311,5,0.24805110376333972,2.0462807843524136,0.2659476756290485,1755.146479197494,721.8491601647913,0.84509182816012,0.498701207824984,1.4265653834931105,1.2460906491447783,c2_beacon
1.6687802866927108,485.62824965002125,1.7360478774295691,2,0.258669103236933,1.9248370230912262,0.24736628432192168,33756.84240167828,1392.4859386501169,18.487836498542443,0.19675748641977558,1.909592817268095,0.5183599380388104,ja4_malware
2.3128053819405325,3336.388037204689,15.418421915495129,7,0.14900764033654593,2.4438083619559716,0.19290257375001363,1263.707781121044,777.2606599192574,3.0105018303530597,0.19462751268825948,1.2649499382435752,1.674886554966804,ddos
2.1854507190059422,345.12230352327543,0.8151704088301677,1,0.2225621014974056,2.5622692627290538,0.29999874665880144,1674.9493103717666,891.8886805635582,11.382851844435816,0.11668436344384654,19.311449938876322,4.24884199913026,exfiltration
3.7520467315297896,9382.91807926333,19.887094214531878,5,0.058612499191789354,2.359087710568213,0.1697479896705463,3741.5627955583636,388.6896008007998,11.984034871001326,0.023156887631821332,1.4130111898513666,1.9211194905356945,ddos
2.447227231277227,158.97113339510713,1.3783070180619779,6,0.28271415885957885,1.0287556679688177,0.20145874211112633,22145.82269785784,1838.8127936682363,17.32665524006707,0.12398500553863888,1.865825423417802,1.368111093235953,ja4_malware
2.0016221700749384,288.0015343489917,1.7786162092923807,7,0.06718384041461088,2.4732146974052407,0.11971055976155748,3153.7224518837756,388.81538101895677,5.335282084908801,0.19103221046690047,9.76825299139915,7.366405779336534,exfiltration
1.8146344278440825,234.3437836085193,0.5749529599983578,7,0.1914070215346281,5.07020369259359,0.033799770263261225,2381.725361271817,902.0709311710424,7.081217794167723,0.09745913260659318,1.4456988851369614,1.043812490056951,dga
1.4655020108861117,33.21326980268611,0.9859050034064543,6,0.04193627714096043,1.2388968718574007,0.25241460420603523,4940.900751670881,950.8377750945511,17.671114505111387,0.06130970812475906,1.0425536866200678,0.5152063537110494,normal
2.131206728349614,156.8854336434451,0.7922619257395787,7,0.02334652123120453,5.585934688023158,0.06000064972069855,3375.23976576208,915.638644178805,13.830560956924181,0.24082124227666651,1.3388772376665263,0.8720226986854791,dga
1.5574936984000025,392.00748944172017,1.930570430296453,86,0.7902770249369847,2.0200201684885633,0.12138463023373752,4027.0281374006563,676.7837019010203,10.547662771843278,0.19303663029090143,0.4389072272721085,1.5237822945292476,port_scan
1.828513765363795,404.0485569796945,1.2939061159495633,7,0.13774189925028335,1.6968244867878306,0.18286370187332218,44544.68898114027,1996.539378783964,15.365446383510342,0.17832754939753817,0.644835706797351,1.405096260503606,ja4_malware
1.1487088978772078,97.96205638612624,1.3207233513089267,7,0.09203018872064693,5.011298079755465,0.0631383100594116,1445.8627120861163,413.39072930300995,15.406350569742115,0.2816087527201533,1.6734966063089012,1.3628909556882074,dga
1.3564716779932848,168.75690111709898,1.9545130920239056,3,0.050534049614583,2.9231424799790435,0.2294759648403273,1037.4431079559997,745.5871070245531,0.7571114265617588,0.8907692609714724,0.696958820024039,1.520407119317054,c2_beacon
1.8087078927378266,392.51682594198166,0.6753452578029326,4,0.23125895607303376,4.840825627393688,0.01710108867486538,4675.765436230086,650.7689880154135,12.583296856932437,0.2205936095641294,1.906314172773682,0.8181919097959449,dga
3.708326481733062,7305.903284521194,6.960033244976909,5,0.08477882341230428,1.5691671665432456,0.1870857883992284,3648.110008346702,305.50528292726574,14.263049339335742,0.09806410030726331,1.5101323871591734,1.0766420753513115,ddos
2.474500024195965,418.1055867752395,1.72837447374507,3,0.20616621667328466,1.1398799268973294,0.24317833942656286,1005.3680971285148,444.9048753638732,18.707755856450913,0.18117714743627222,13.371734076894112,4.083027775690759,exfiltration
2.3210142473160684,144.80268667673352,1.1506289143748938,7,0.2883474266777233,2.149903393003926,0.2411583066662505,42771.24235473451,1499.6236273080394,3.664129103384409,0.1738288964164624,1.9307678993868795,1.8443063388572367,ja4_malware
2.0512740260654865,233.4451147101506,1.0328219586980716,4,0.1804937975890077,2.686151235050727,0.2561225793359083,3809.203202718745,844.7903148586358,0.5611412851602562,0.8358449546346921,0.5467121799461112,0.5096781049431749,c2_beacon
1.4930629014869592,236.32744474378282,0.6432591649458503,5,0.10702080378128523,1.3312310954730926,0.27690435383919065,3079.333171447788,701.2168721076262,15.596063182152,0.29200030935144244,7.047513702287287,4.676266079950869,exfiltration
1.13854410054866,363.3609163713977,1.9893160673346177,6,0.2462956198210351,5.518731584063852,0.06591859044150229,529.4697029029865,659.166943745639,17.039839201302556,0.2336690795159719,1.5435082799447697,1.182487400141396,dga
2.386589432865636,366.04150756799424,0.8213124798941424,3,0.0311624917788337,2.1403548065566174,0.1663342221450015,2286.3032242713284,836.8382257314503,0.5807733754238762,0.9494175088056134,0.3459112093008545,1.531351865375766,c2_beacon
1.8586868996831736,177.77780163720806,1.8451330573860476,4,0.11050324926190322,2.413391842626452,0.17104086471920155,3999.395523546031,675.8999568929496,3.4928942535997405,0.13128356719651524,1.8453090445876128,1.7572505511640943,normal
1.811627829678478,342.4401023469139,1.75612807212285,3,0.11844407025549158,5.9743909267136175,0.03951593596105999,4514.26576970686,437.0076926489738,10.494645214624027,0.09550517761796647,1.4973089137529898,0.8433024028731784,dga
1.7026636797899681,435.3183914480919,1.355344342399172,5,0.27202965828252823,4.234551420919515,0.044120488980516084,1856.7242712003617,999.3871566285297,1.4672090431224976,0.062160394079694654,0.6426563314808896,1.839554807859192,dga
2.4935519765777094,463.38769652396655,1.5623567188087786,1,0.1894115829757555,2.8749365491691012,0.20927427919181946,4089.002242792109,863.759515545963,0.9094473997127797,0.6599460339299607,1.2984337121855092,0.8982690042872463,c2_beacon
1.1904795320559198,371.8961532443276,1.4582828728824124,4,0.021499439853608693,1.108622560361919,0.13282535500226497,670.2267429104268,645.1812041448405,8.970957803613583,0.20287683958254923,13.848009785577123,7.542384488857277,exfiltration
1.4973534960138282,12.20506122043297,1.6232311695005823,5,0.19676185829485218,1.5152348456769915,0.29490017850845784,466.4295177140118,517.7446845732129,4.4264998691239015,0.06626365045486206,0.7619241306922333,0.6749060683527748,normal
1.9745548303119262,234.3431877673471,1.1260611025718659,3,0.10252472301194557,4.100111287377603,0.0285990085790589,1061.331243375325,735.8385759630581,9.200888687141433,0.22018460829455486,0.35922876312553975,1.2250417613473978,dga
2.0807889642486965,23.033535418679662,0.6829395237611453,3,0.24721911564212057,4.9948718225334625,0.0640824658093396,3618.1942040042454,812.6368607749911,11.336691991182503,0.07115007171178296,1.4151375662891157,1.2041906837780354,dga
2.358372744632943,156.1684322305797,0.9472136069770342,44,0.9981472323280586,2.5585564594394974,0.25610985809940934,1101.1134152266263,791.8046974768238,16.42566637939896,0.08847446492299678,1.4787286509175013,0.7242177155656307,port_scan
1.2963444606833505,242.91276666233676,1.7579857159880554,7,0.06709519086700014,2.561174474035804,0.2278974550493428,35007.30899313267,1784.634423979845,4.381085466118728,0.2312035112297301,0.2863533524817782,0.9263174339061819,ja4_malware
1.0588310543855988,140.17139252177927,1.6307493932845818,7,0.12911908830114688,1.73833297165342,0.26167345873670755,1605.091839199713,554.5347728980468,9.08691978804353,0.14915965101985576,5.902650810777002,4.325773969704686,exfiltration
1.6301753282329021,412.32036243215776,1.4360289017497876,2,0.22823485012448244,1.620829654404252,0.2951428510719019,1979.3593412099224,877.6658496914195,5.1471415403637435,0.03421438154654501,19.982527233529833,5.016780898179092,exfiltration
2.2426081306844843,419.38566626576244,1.1198666061936353,5,0.25513781139071773,2.3040592512438733,0.2602686163198771,2779.7836898801484,458.9621820193335,0.3348830578675614,0.572237382175059,1.2481824888260171,0.8343319370905344,c2_beacon
2.665235862178988,1309.3552038370865,6.816603631243926,2,0.10343224077455117,1.8513040811951984,0.18150353521152005,2039.8370676555037,821.1382446425418,10.082558151579777,0.07960277693203648,1.9894080703406052,1.9710339276781663,ddos
1.9489554661694373,218.70677719214905,0.9403247291612544,2,0.21632976289252007,3.640402891739888,0.027958250970428346,2877.20023162149,382.7728393137061,2.3805162386145833,0.14048568095353328,0.8849960588345125,1.5319916842401136,dga
1.0498516979091228,240.53350674678518,0.9365096718506956,1,0.13174379382954096,1.0310543312842566,0.20162466516568986,1141.4941004962027,359.7232853891241,0.25926981855868914,0.5015406658355186,1.4292454682474018,1.220966951776986,c2_beacon
1.5604865933105652,215.98706803758577,1.0977599352113185,6,0.1425067332013082,2.1750435610577483,0.16431682057389024,1711.0494292695062,539.881726264482,16.746013244680533,0.10913909464939102,1.6939759681727997,0.8597158164556693,normal
2.370652448481164,419.91009928467935,1.942189384622815,50,0.8791897704959135,2.1654030207166546,0.2993666580756047,4241.9886796727715,404.46579810094096,9.687161839686388,0.2697149540487802,0.3602066903005171,1.2909071076249594,port_scan
2.9414016782466064,8203.380137689828,10.930865090072317,1,0.1802574364370318,1.5205806194123828,0.2622349382058275,4908.722360052549,902.4379313089512,19.032719333396212,0.12859317374797366,0.3653037816833157,0.9573833008592181,ddos
1.6379072313928924,23.83064646271849,0.9241093224172416,6,0.03539895379883423,2.63675312719291,0.1818900201813267,44931.41429086662,1670.2956971645394,16.891787180752832,0.056131753101007105,0.8256366383112062,1.7216689532891658,ja4_malware
2.230406958037391,331.6130062027912,1.9602241112709609,5,0.1038628362445524,1.275695482162627,0.14436356403554737,3714.9375799595655,679.8021051866788,0.452413621696705,0.9115473985535714,0.4056011218402146,0.8602373892097642,c2_beacon
2.0973985906702954,202.29377984992604,1.125780638543813,5,0.18504839440547266,3.5585520968153257,0.05638359166473372,3031.9173349820057,645.9888332174459,6.555714847863262,0.15457242800164284,1.8974313977534356,0.5103482566903869,dga
1.1466067822917663,406.3733080318568,1.3104891766281708,7,0.1848899622246816,1.9963881097579212,0.27724727264050175,2608.902061283626,476.719402070548,6.713621820538937,0.2122478525090268,5.728581638747626,6.259610821217427,exfiltration
2.3118430612561967,299.4649491402454,1.4841108186425949,6,0.2788718746701665,1.808552912660898,0.2596701625519722,3807.080120669346,363.79201179846785,10.29782473584437,0.23492649447689776,0.8336729540781576,1.5011434633766938,normal
1.902910858857778,454.50644527375357,1.2296219999883529,5,0.25327485591873006,2.868380754531337,0.24558679754339577,3986.632811505482,479.27162573574515,0.20068576723958015,0.44645688663237854,0.2596632279818706,1.9033693423372773,c2_beacon
1.8847901504166604,379.2886936347687,1.9432678857473717,2,0.159725288734829,2.729247071597773,0.2854523252797214,32832.59147249772,1403.3833101302955,13.925186299453845,0.2949354732496466,1.428241003499799,0.8269209769126745,ja4_malware
1.1486697123698133,48.2731126093783,0.9810733200411141,3,0.278748789681321,1.499652175619444,0.189476814560824,1203.714240479584,947.2551537609237,10.375958657821307,0.1193851698810824,1.2798045662191309,1.995000557213026,normal
2.322467552808585,6696.385628494204,14.931537726730019,6,0.28023342571289733,2.5958505059167782,0.19394764440208845,1325.3986508052851,631.1910321639753,5.733348939286622,0.16836521056415718,1.2622620668251174,1.2608766583200066,ddos
1.4528910871637373,239.52415421091777,1.1675240822809883,6,0.19686889443150019,2.9861977254352716,0.10016492336693708,1556.914677922007,474.9907278199562,17.043857386525627,0.19753002785498275,1.7900861277647409,1.7070628828717802,normal
1.1266664817098335,492.91468305251385,1.7487939273860107,4,0.2956863304536024,1.6109612247423402,0.10405222564082783,4290.303337772647,378.06494078001873,10.728796735805636,0.20876363046848262,0.25439456675242983,0.6791494121693554,normal
1.7511117793035136,86.16636640087701,1.7428203872581787,6,0.22890578903302441,2.2830944066817134,0.12958938266094228,104.86307384808168,961.0584534104416,13.414691428069204,0.07137296599929922,1.5455105979751154,1.1869415152492713,normal
2.382626988902568,4421.366924949115,16.833682793660984,1,0.20548093113706806,1.1632188630047737,0.2656551518553103,142.54963247296305,951.8946316456255,2.4921703284160395,0.010634080499930908,1.7500024044158402,1.2341777507433775,ddos
1.7618994962830408,154.62446457446202,1.9883050184766204,1,0.2888142985130736,1.5493609085221909,0.23718824035099942,20381.156578845836,1993.8336033550459,15.693277132670524,0.2069006042043575,0.6828337241959952,1.9062198524506573,ja4_malware
2.061689946542293,113.63329678896554,1.4233975526717177,14,0.6308315540504398,2.448864870605177,0.12727944670698446,1469.3837803562285,881.4438140620953,1.9043099664993304,0.16896061924662542,0.999870203328578,1.2263736672676238,port_scan
1.6133356752217551,60.237684488350695,1.4272302760904687,4,0.18665185435197296,3.8361920228407316,0.07360891246661436,1626.0090684191534,657.2917005419694,1.7155092121617461,0.1664951376542104,0.7081960191697951,1.1201231532001106,dga
1.6876125094138137,368.82808788540393,1.858090573246034,7,0.1262215147848338,5.738258721285676,0.07307905307428299,2487.2297004111624,357.80997000790785,13.164512660820478,0.08042042036719202,0.6297293610119299,1.7470952170176164,dga
1.1308747818946667,147.3159830659057,1.3344626104369057,1,0.050161434734067124,2.9733886094312894,0.2954574487288716,3538.7865550849256,927.3828799332076,1.455154646649139,0.2939924674850156,16.983636754746772,6.68949871442735,exfiltration
2.0477148778845047,427.4325104256608,1.5437383348665037,5,0.05970226668536722,5.603043896063095,0.024179870833565098,3253.7499594695437,546.597544127985,3.809692838662997,0.205660209729782,1.1592624763942487,1.388277818195382,dga
1.9156293905311212,25.430551529274297,1.1249629822544205,1,0.26824757529486126,2.0695013278537475,0.26931981969484964,3332.875527384714,962.6266772502889,6.970098121532281,0.21199178870108923,19.084904516952093,5.234904839567312,exfiltration
1.0763433257528223,309.70574847758945,0.8214953312168208,20,0.8192444120950239,2.1160011082553183,0.2721132821665696,1301.5482981588882,429.262779975062,2.0088010954515148,0.25523082807077846,1.169837968120767,0.8133130135292643,port_scan
1.575788986512361,485.65293307674295,1.378075276616849,1,0.10757317817198096,4.057657838729755,0.04646795333407597,1989.4265545831224,556.9842874447068,18.36106107630798,0.15875909259885748,0.72684500383953,1.9674321576518747,dga
1.1171277999719025,26.69495461866048,1.2396126678538921,3,0.18801842853436668,2.304653656014845,0.2933291596544848,11159.757551284702,1464.5678821564788,6.544504165956864,0.19723680324526385,1.461191419455036,0.9691399395516069,ja4_malware
1.5033235554328725,407.1515829653874,0.6579803703800882,2,0.27583358213548986,3.9336234877194483,0.038559657913641736,2459.385830283406,746.5549313322654,8.636616198607094,0.23715658205810167,1.6633211121427218,1.6000197564338097,dga
4.797329694707727,8236.730554421354,7.78395123613388,6,0.15763759558485096,2.094206131710684,0.23721312592925387,618.2618954256028,630.144735929076,18.023555698766653,0.13875793547191545,0.6303570179594025,0.8225586243398494,ddos
1.6534064899635676,274.0076414044914,1.7051996816483939,3,0.15915641556780247,3.6451638689154304,0.019002018608216542,2582.899077459503,472.77289510582136,7.676901452018307,0.10497630879048202,1.1371178363929837,1.089269371613224,dga
2.207828053137645,458.3586654529994,0.5239157454438346,2,0.2552713282467722,2.866838827598159,0.28908756028500193,49221.20341198496,1673.4688992767328,16.407385726562232,0.07492732893606315,1.299652548873963,1.5145893051637607,ja4_malware
3.5492256318041475,1063.1299420279229,16.085715593002345,5,0.07778760280684391,2.9792238685837296,0.2887958242572727,815.5549609317333,877.7750181890201,16.834113494965514,0.08773545509451107,0.3377202478944561,1.462888642413979,ddos
1.6583176596280784,444.3374144946168,1.1873930623047708,5,0.06046049261771495,2.5437210816878517,0.24480245043686966,2809.763731087589,658.0717956463532,3.846823821153813,0.15894018327224133,0.31185053144097896,1.0736722519241275,normal
2.056019832213685,46.59314129359469,0.5340612190257064,6,0.10680433053102177,2.2655332888737902,0.1997430584504618,26150.585293077216,1377.5835443009087,12.669654570458228,0.16974763898024514,1.7015145197516028,1.1013790839164757,ja4_malware
4.3177081245683,1089.606977774158,8.648965187116012,1,0.13438423139441666,1.3306102950750458,0.15872162078831392,850.4799944198029,740.2058340137419,17.68858973903979,0.049671600583758156,1.6755487366428112,1.305274645064062,ddos
1.3761804245600116,138.5765217335114,1.2601153037817425,7,0.08233900754395158,1.0009827845548394,0.185450835095321,1221.8566444880485,814.3655031641775,14.49756615304387,0.10244802109104713,18.926018487813515,9.496408170442955,exfiltration
1.7139344071575748,266.5004875144794,0.7959515320897668,3,0.2491110432378248,1.0667809559909318,0.28097573462806724,3765.8396601910367,969.4064952193353,0.5476744747274483,0.7193419389616388,1.1469315808039413,1.9618062702453543,c2_beacon
1.2243747632130875,70.49712511065945,1.963850819482892,7,0.05990674291190143,5.901176592587571,0.04742319984174989,1847.4828059102376,789.4918121212202,12.860385474529021,0.10215822710773605,1.5033540630166335,1.0635469535964468,dga
1.4306881295234644,155.30127449139746,0.9167893418550805,7,0.08788867212620173,2.863247142364995,0.2200303201489096,2494.527737019553,371.2893235355688,13.086570331561404,0.0728114254732658,6.780749622235645,3.923696977495928,exfiltration
1.6233431131665776,392.00909320633434,0.6377770702499731,99,0.7835486318343572,1.9993509424385432,0.2590437861159432,974.7610052420539,948.7694915143945,14.448601175700242,0.09106643041648485,1.485541593593682,0.653250386708088,port_scan
1.518941951979851,59.33077721200535,0.6133766084985746,5,0.09316170370490952,2.2614699216038163,0.2565106432931631,4487.700857454924,904.3211463661963,17.459432536871255,0.014735980406703196,11.749836084585036,7.062304488533795,exfiltration
1.1822550408819115,249.8177934348696,1.181143501252406,7,0.11321260659649716,2.494811724257797,0.2880942600074131,49814.10019506519,1660.141417516767,10.186767831606968,0.18744819335550272,1.164320439596603,0.9790462487066853,ja4_malware
2.00298527409388,446.831561832615,0.5399329003236746,6,0.08793097596290719,4.323273531360505,0.04627856824125863,4836.162191413527,959.0793058994404,19.575853779080212,0.2054882409675691,1.1530009393299583,1.2538653539243991,dga
1.9310576640117432,218.91396620972915,1.8286634534606363,3,0.23241682231972594,4.365462341327903,0.023435766266462994,2415.338612478323,452.86813349914104,15.669758839984468,0.13362322766890528,0.21940696005945337,1.7854225843110192,dga
1.8958837066746026,371.48951326075905,0.5842510834365804,13,0.5875277874455663,1.4031657264628312,0.23728576938576243,3730.1928656437217,862.3130703437104,19.07091038876301,0.17378583523787028,1.3877220612785501,0.9635409534239776,port_scan
1.761398818074122,407.7863402204488,1.223083587943321,6,0.2533309657200797,1.2558945315118406,0.13619432653505228,453.79890670306264,944.0984302243833,9.534140311450031,0.061112914662312064,13.961730457463734,3.405840044739498,exfiltration
1.646069356243168,74.25406177175088,1.1344342021822695,1,0.28530926028903675,5.648472960312168,0.03507000355768843,493.1235391049967,962.8632192941257,10.763754037057288,0.1325526057723323,0.6491626996466204,0.8934876147274068,dga
2.0963248592174244,263.752279362149,1.4239036023749458,7,0.10877730023954012,3.933646796381979,0.07337058769559858,2558.631970416761,344.37688322965096,4.725185584811387,0.05757335373068342,0.3200288978689284,0.6097078736265751,dga
4.1047698532567285,2378.9186885548074,11.184752016080655,5,0.0667035543341297,2.847354747980501,0.21566169038373467,4190.26482351973,677.4475616068994,15.780514975804378,0.2794349272135506,0.8980436626721224,1.5788864738293051,ddos
2.4284678431892615,2651.19460507011,15.83318454567926,2,0.010181859686766092,2.731033212648936,0.29676436822577495,1520.537964773876,334.4158678774516,17.117041837149642,0.2593793664057158,1.9322045582242482,1.4466483210003585,ddos
1.6867276207097686,444.66175525126346,0.779305665357535,59,0.7764408530525435,1.4263877541993972,0.19411466050669454,1278.8982847516909,597.0607336066505,7.009830437664874,0.17577199203734983,1.2876716632863343,1.3796064997081785,port_scan
2.028615018183918,272.73820242457384,0.5397986558091115,3,0.2913405455406984,1.199903711549026,0.13638859105535053,2466.248378618249,786.650376142013,1.7060525745677864,0.10724645261943624,0.4810974023688772,0.8392938499317932,normal
2.5769012838482133,5594.199760421448,6.466598584820566,4,0.24790745702140704,1.9205386882721056,0.1735506201189548,1081.0108851553139,591.9314528095506,6.041509157092171,0.03276454938335725,0.8100683207186887,0.7955426651383812,ddos
1.0670792560806053,452.04258444230646,0.8283479969029315,34,0.7340142588984422,1.8193681500904488,0.2102349020346133,3064.0439127048403,745.5472837740176,18.16969320870695,0.2637744076328762,0.9439922957517837,0.6748850915789715,port_scan
1.704584296217146,306.45958437769286,0.9516547709872807,61,0.8966760176098203,2.6318199413981382,0.2588695119773858,2344.6919984721476,802.9393120049547,13.586186798251209,0.031298058057290114,1.524634064065946,1.1097923091895863,port_scan
2.761493721214868,9133.720514451863,7.384535804876203,2,0.2882808811465818,1.7003580360557347,0.24902748373507702,3101.817564227442,550.9480687415755,13.873933966407304,0.03856866163938918,1.3730069773282394,0.7224759225684392,ddos
2.1171090192039532,292.8771629969812,1.920693515245146,14,0.996150660341125,2.6174094988598826,0.21218974017176867,1010.7217288904816,460.52837591565174,2.6074274802035573,0.21450607040887523,1.2066275167557226,1.6256238588821637,port_scan
2.4104726803402023,490.41669475115907,1.2492234277561363,1,0.19427098359656222,5.826910671563406,0.011205108612697976,3891.089057945464,444.8015837232893,6.014419778481444,0.1409147597459066,1.965601549702001,1.7775963962540424,dga
4.486637004712279,1463.4032916108881,5.3621114370603475,6,0.12495401060276634,2.654874327575921,0.10387381320617844,4923.669799278074,837.1423895956157,18.344124561571224,0.011666396898762643,1.893502100083505,0.8241477826514376,ddos
1.501473539057597,380.1814935676265,1.4916828376306133,2,0.011263846982038916,1.57309218612948,0.10586378922121689,3392.7269391477857,706.5034933360605,0.6544599860083774,0.561956253730128,1.1192262692776536,1.9295855950020009,c2_beacon
1.1936692394455894,270.14560598061917,1.8139366516237434,6,0.2715465886840823,2.59614413194516,0.11594131405146578,2791.79790213674,618.2506601232003,0.8578134267327235,0.4211179509799306,0.3165315472498069,1.1734810185261335,c2_beacon
1.4005030795687288,263.4693042175311,1.0981478456597433,15,0.8153961414830107,1.4230457598833177,0.26562035160871206,4419.849262261901,355.70300893816864,12.903591995460955,0.17314844396477005,0.22575014927922563,1.8482392779332195,port_scan
1.1888356273748464,417.6134487470848,0.9389646830704645,33,0.7666295582998042,1.5894733088977904,0.2747247974765066,361.6966076170694,802.6892547481634,13.688976204531533,0.10900561039377728,0.9431385905566081,1.216161483390114,port_scan
1.5680435171826599,215.88662098750842,1.0379350890192947,44,0.6203473781575132,2.253300465121559,0.29392738065016455,1410.9276270526848,980.3471507796211,7.780992383723009,0.034942936219686506,0.8238270940612871,0.9920511244761918,port_scan
1.6206632774258805,110.82319626522026,0.604985646302991,5,0.17253115175970352,2.3151852443964795,0.14642497019551323,3661.851841639288,993.6250260445112,14.399412089508877,0.020741793755652358,6.146255394891178,8.206472183827081,exfiltration
2.1195480717661095,62.44830324062082,1.8755184937864389,7,0.2962921051194424,2.343851415873793,0.1508223866489709,35899.33131759059,1864.85324684827,7.763614148256333,0.17859464098507014,1.533108507611099,0.9066379069222867,ja4_malware
2.498684494257988,294.3176692876392,1.576960881849092,75,0.9551631858212026,1.2056703031735494,0.11639710789099285,4616.776424536813,792.9465393373018,8.771080672655188,0.006429094465588003,1.3548494443326289,0.8014450267967306,port_scan
1.9746168754131508,193.96768017331198,0.8618664900702493,2,0.11014029380635794,2.0111214340846058,0.14021997507508782,34316.70861556703,1407.5135173375204,14.000071123018516,0.10420772166913302,1.897631033879583,0.9488297306725026,ja4_malware
2.115780917123625,296.92354996783786,1.3056345276886479,4,0.20214647834453628,5.10457846503344,0.06928140843692973,1307.059597383768,499.7934128646009,15.15332027140173,0.27472999467160253,0.3954205553458466,0.6794981806520843,dga
1.1338730014463323,306.1609172847871,1.5566277992927677,7,0.27410608264308817,4.455817052222326,0.06041121999365419,3194.7922903617828,721.0912327829144,15.485358991274538,0.19499343184207768,1.8866200520251895,0.8339626750235296,dga
2.3992887023193963,428.67796981981235,0.6442811114563272,27,0.8360686723554864,2.2509563704341797,0.11414369772926243,442.78088353446975,445.6953653378957,10.326739721253274,0.019364401097857652,0.32240706872925967,1.5240930362907883,port_scan
2.16154833644187,112.84788478460567,0.7062283936568413,3,0.03334891288699704,1.084475821939312,0.1289498272681952,3188.3719806240188,543.8652314671242,3.7595739560343944,0.07598242516844035,8.413523743241324,8.506945529063316,exfiltration
1.6020774629800825,432.6738486714924,0.6791716168033108,4,0.24363715969096017,2.4423801286374047,0.21974188917408138,2575.7908804055646,951.3860448338208,19.782857848628904,0.2724173412147245,5.738429262060571,5.036263803880482,exfiltration
1.6094008982353953,224.63903544411986,0.8603454782987627,3,0.18955203375875423,5.985101063022622,0.06134838587702148,4938.173870973654,924.2083035066726,10.173724644623826,0.24026085365276506,1.1459677551905236,1.545633621918094,dga
2.2542287958946403,36.22050246297544,1.7697425925438344,21,0.757767015728501,2.4062857047782957,0.18780491686140283,2027.1716785733113,879.2047136710897,3.453871793161942,0.017846131641968733,1.839318624758143,1.4002368037185158,port_scan
3.895202347497817,3311.1041284642793,14.544756186399326,1,0.12451824048484346,2.1852566489840233,0.17846169814150092,3080.221705404066,766.0086771009464,11.623858360114701,0.2550053636441869,1.5265611355554467,1.6461141595190514,ddos
1.7674555045297864,354.78478359820343,1.9273057668629854,2,0.003983102904372704,1.4301531437563497,0.11992493050431097,3263.1831248907674,735.4398755399227,0.8044717538451054,0.9228134091384179,1.961166786265658,1.6057636829171953,c2_beacon
1.421827360160302,169.23246688991725,0.8333866401670396,3,0.2727449925022841,1.6720685598515876,0.2505429833220324,373.50683962356,756.9925451642785,18.463681573117494,0.09887375314153006,13.299458544873167,3.2956908417410724,exfiltration
1.6849546765228969,211.40580013234404,1.9626339700036086,7,0.2009662959946951,4.718756696639527,0.061549567113489065,4476.867612614881,348.47056786407836,19.058321874250083,0.24180068868710494,0.542288957471594,1.9634024734168831,dga
1.6892875071277125,134.15035114567445,1.5734984534809255,5,0.21295521093852646,1.5728978357720615,0.27432982162830954,3773.3043977230172,943.2188445067509,0.7011106120545595,0.4854881590375362,1.824507769304564,1.605508474606368,c2_beacon
2.0893846373576115,103.57246169276353,1.477217439476226,6,0.2180950123288124,1.2346731001993902,0.2981372985836237,3416.8082681578308,525.8550733474995,0.32852095590583413,0.453828436559925,1.9803910969446727,0.8367799783512642,c2_beacon
2.0709414351404565,194.9431478649728,0.5575108646890425,7,0.0980198852484068,1.4450882647499443,0.25741963290985004,440.7207093170336,607.2637228867151,0.031006653934258957,0.7111296952717505,1.3477059635759279,0.6524082515069738,c2_beacon
2.415305467383786,495.31858763927045,1.434913326741246,6,0.18893739240679816,4.110722196244731,0.0787135521439192,3834.3777136298904,420.5879867267378,5.488237618605409,0.24638043443939112,0.6003104167566808,0.6806283748568334,dga
2.4985325159268674,125.4656302625676,1.493062119688417,5,0.2978367434827575,2.410287910772865,0.2400061725460353,2558.160063214163,776.7148107704108,19.18918999783303,0.11832914883967599,19.023038759402247,6.8171463101499965,exfiltration
1.047662265637876,157.1225573508731,0.7683698405314442,7,0.03838932726748074,2.964772764943561,0.11427320990953715,1950.3492674486572,514.8858177182341,9.861633362061701,0.1656409140578901,11.694810993507268,8.370660945480509,exfiltration
1.2481437233936474,149.5573003500996,0.5668426167200777,2,0.19409997327043627,5.323673207720457,0.07594741526602776,2442.5278900303597,934.6495113979823,3.9644494109452655,0.06170486418111003,0.6486769345277825,1.9909105071357425,dga
1.478297841553327,363.086991403063,1.400578424425122,81,0.8898176491435623,2.8088690283274644,0.2060693056842145,1721.1209028386277,976.7207192296413,12.19463182883273,0.22569631562344117,0.2659555713365925,0.7009535654677669,port_scan
2.3722400161901454,441.38127435936775,1.685140329262175,7,0.1531659621763801,1.9039081225878074,0.10312526361630243,4153.878495599921,379.40274855484654,0.37965134949552454,0.8960789740734891,0.4703628042192798,0.7833675593835963,c2_beacon
1.1587800195836582,158.2989292559186,0.6706728966378948,85,0.6652118342063316,2.9129243293824736,0.17230285230116343,4645.410601020273,847.7555892159176,5.678071065099046,0.17317480290693274,1.4257400567175205,1.219122065827633,port_scan
2.968330840945162,9780.26653788862,6.630419390611305,4,0.051101121113277116,1.3652679859989143,0.12218662648964479,4931.64674774993,310.45586095976273,18.581286317180933,0.2893980694802399,1.7158577802696056,0.6043696521107287,ddos
2.0926196718349113,429.10813853351397,1.1365967554249636,3,0.11810566118573311,2.1798910444791453,0.14482815411496047,2668.200600944705,759.6626567592984,7.7190303970430465,0.1462951747450467,9.297790604011436,9.30778344385804,exfiltration
1.0270676175914206,53.02617101737679,0.7648775174596671,2,0.11843444244622703,5.457550346920542,0.03605278977638725,4609.16167084139,307.17633878299114,1.630213397644599,0.03135045126778455,0.897325328127565,1.910843580272095,dga
2.129948430152025,211.54588861146755,1.5352179010553155,3,0.2589195448966887,1.9616854474277208,0.21313977666502681,4032.2645939858107,913.2143093074448,0.18384768892390727,0.6988448351896899,0.7191784895986812,1.7325629135802094,c2_beacon
2.0824299337827115,171.33518000810236,1.3662438508845063,7,0.28593544270138366,2.046954198524242,0.1898695462535361,4355.6021283838545,968.6205967676357,16.7971829592922,0.12369582598638122,11.570067841093628,3.609881696995984,exfiltration
2.3315369953266307,43.962242634367854,1.4742829595429856,4,0.14332982967490834,2.7496136306240855,0.2554366404896871,4768.578978003884,323.9756437789274,0.5625067081169564,0.6173848575505891,0.3106233830089303,0.7974199064601118,c2_beacon
2.4794237060998303,247.6762789476217,0.8973123040383247,4,0.10941754800140926,5.444092621901544,0.03782259542243255,830.7047163764207,898.0899197177549,18.3991994749695,0.06042493534728066,0.9274632962605192,1.2449175634080443,dga
2.162353025988158,462.1836011560949,1.2924553576352427,7,0.15325055028998377,5.272449057327558,0.03759585175888338,4760.246205291412,988.1805659707561,19.285115630543373,0.22920271127541764,1.3856386466906703,0.766604286976115,dga
1.9454238896783327,146.23083223439878,1.1149735823375648,6,0.18799176530924447,1.132796558086549,0.21756438591380584,3392.2491702509105,655.8409138867736,19.043072375358246,0.0904385003964051,0.324949756608858,1.8337965279720008,normal
2.052250481827865,163.96605071885782,1.782602717029753,13,0.9641928512981356,2.9566828103929907,0.2996202621931134,151.01023745331446,935.6321058961746,2.4615702354610707,0.14263518157927038,0.28498815400731475,0.7582881797582058,port_scan
4.820399702881884,9650.8634187904,10.64667281286453,3,0.2267812250854245,1.4940396762328534,0.25755118472412,3164.254888129882,349.2313205073298,4.648816567752271,0.08430374527041591,0.541004347749275,1.6913659892889936,ddos
1.5729173396463438,275.8637922301658,1.1439636869420822,5,0.2187580191631743,1.5165420907359013,0.11755904305980865,1207.964120087514,511.79994596732945,4.7355714286517205,0.09970309536680008,16.172093151476133,3.6036781426035507,exfiltration
1.983856069919695,34.44832788064065,1.0281887324007437,7,0.15366834374659033,2.7566615662135696,0.2755552737434144,2274.684845408555,847.0485342851849,0.5474902536105163,0.9017798397810759,0.41726477532358186,0.6643679844510348,c2_beacon
2.48129294546606,9729.980401618166,11.603637000663099,4,0.11186754778694005,2.1919212198822358,0.20255272614607556,4636.70644715317,775.7485891333388,4.9530100855666195,0.09183698839961617,1.649533060802544,1.432571383935016,ddos
1.751276194432073,432.09583795519114,0.6509266928952825,43,0.6867989951804818,1.7805261683718714,0.20338119495438894,4671.934516332796,748.2027342609899,18.5485868616569,0.28636905366769533,1.3343663810167148,0.8691170586598217,port_scan
2.221065062039575,115.84220427847262,1.1999863996858648,3,0.2762982315393353,2.729982956880299,0.16503201307363874,2344.643767513639,845.0062406804815,0.1218981022725092,0.7283929409740171,0.6296348082282852,0.5622210972037918,c2_beacon
1.920670355792369,178.9899345380936,0.8840352457545881,5,0.2255551815679841,4.426573653186798,0.02015645137005203,4264.4592450014015,951.6647689005246,17.39394811329701,0.2875755740418611,0.6078972587648359,0.733714338944047,dga
2.2679288719674395,477.0653029870165,1.087487702134108,64,0.7580568424782421,1.086415360832865,0.24872001910996777,1859.3876817468379,883.5782776918177,1.5095696179017148,0.2942601276818638,0.6957286859612126,1.6146735710228148,port_scan
1.1977333266797816,398.0674683192733,1.4023376786840236,7,0.1650970517092918,2.2123928577756216,0.13140509946683857,4694.06976798744,992.3545545295805,3.830578659410901,0.25760193614515925,0.5208428056719683,1.3190783691131507,normal
1.882386999953831,129.36240522571762,0.6762565733789023,6,0.23006267043215928,2.1497380840554685,0.29920315102050543,4097.583441100368,323.43849829797034,10.001587284799882,0.09569087777479264,1.6111128443700113,0.6438193065516282,normal
2.3164337162379134,327.8858301581274,0.6160504890156879,1,0.13230321738842651,1.7914897607293705,0.15487998222245497,530.6302380624929,552.5871940383131,0.3629489028641124,0.6292039636295654,0.8719343640198929,1.438000951800013,c2_beacon
4.704530173588212,1246.0861699344657,10.383197027965046,1,0.1265800066058816,2.098907933926202,0.2777014114524331,315.49096451676616,464.62074009424254,9.639079288895426,0.05120800348593245,0.26964932756655596,1.8491370613664768,ddos
1.4430385380161348,109.0231698062842,1.8736172868180643,7,0.29828075374898483,2.5974996555235217,0.2423434239843593,2007.736627399085,783.2856761452665,5.08644035497035,0.14500050396484102,0.34627644910554045,0.9895370191888637,normal
2.022954516593243,82.26251396652009,0.9313434507882066,4,0.1490225338764894,2.353897986069848,0.15539865152089893,3895.654070368397,465.9082142096702,0.29068745711630856,0.6405221633182498,1.4948233944253746,1.4032174429414075,c2_beacon
1.2937746270110404,429.72383425248995,1.124234848116791,4,0.22353127867874814,2.9587959660921332,0.29309374371024804,4371.9053210205875,690.6960504596805,4.377075557773361,0.07118408038460412,15.280205549671757,9.580483736587677,exfiltration
2.3294634995393073,394.62351042224714,1.3533131224246917,3,0.1337911684865088,1.516514979846295,0.2498611650589937,2143.449543729376,598.8385017228748,2.6969498154685363,0.015981757465530145,7.689208345994131,9.155905051118424,exfiltration
2.096695975930748,116.7842194321853,1.4910574968292394,91,0.6947516983499311,2.3672984766906904,0.20333884817591552,1753.0464465328148,347.1816450432929,4.358236189934528,0.004275452855210027,1.1750202752189451,0.6456990753417844,port_scan
1.8492862476694256,109.98644596174911,0.9463684978408492,6,0.17227919966778474,1.7362778878109206,0.10319393195605675,4718.637946349982,846.0077001518405,0.9758800758362377,0.6485607116738084,1.4281348741529807,0.743633720452453,c2_beacon
2.015317867513342,414.3949201175478,1.7388662171593952,42,0.8216398407526821,2.8876842547274073,0.11396299105146224,4953.904420880531,785.8144471889723,1.0918629499983874,0.01040324488611356,1.271859961504492,1.422554126077385,port_scan
1.8088233446914534,441.82072673723746,0.5230832543792248,5,0.2293042927632811,2.991791224955688,0.23806700759498203,1374.0234474416318,303.6582941571969,0.3654622886430249,0.8889495019382888,0.41628461874507183,1.4451353133992457,c2_beacon
2.4490038532240748,1492.001162497732,18.947635042685295,5,0.2757698088908311,1.4875379495380674,0.27544785255499893,2352.310693120771,981.2579723661843,5.14540488702583,0.14782264950456955,1.0801570332331563,1.7121642395243222,ddos
2.3359012218631925,288.6960003092978,1.1159603384916899,3,0.09397881730787704,5.584879709863445,0.05436272764933821,1349.0183130535909,804.6066979594241,15.961944736644462,0.21066383892033888,1.970683364487993,0.8533198526043266,dga
2.457362425651988,113.58537841857118,0.6655232997598104,5,0.2347192208876932,1.0058911594153168,0.16361539083893864,4892.611906973021,765.539039536767,0.8266588408003743,0.8752010950261943,1.5367769240562292,0.6919463065806025,c2_beacon
1.2796553319267518,391.25270394693274,0.7358427539300811,1,0.03650393368990239,5.215481249564685,0.06335197683498951,4762.1338594545205,588.3420755558491,12.323543833684825,0.12098036326458587,1.4697644134091867,1.074044179853763,dga
2.283745941715905,467.55250118080073,1.7325057646262008,4,0.024668966467947105,1.8483844033995156,0.26743824157657453,751.2525132624935,998.3358569538647,0.9737374660359333,0.683627877119374,1.076055258033703,0.5701382817987222,c2_beacon
1.1838586789437822,238.570011548478,1.926003490886525,3,0.22898259893112052,2.9207384626276847,0.260257003383044,27267.028426330926,1200.9488166950948,2.273630477451536,0.12488976763558932,0.9779244261454649,1.6170177736385336,ja4_malware
3.907292386660993,6581.574634122335,13.905167944124821,6,0.2257045569895156,2.5638585115754315,0.10267442662410826,1199.2826533666498,908.390690560657,11.45160829967731,0.23259576413565833,1.4135064034237212,1.50272059675162,ddos
1.761761008326653,252.8436188414336,1.7606294322466431,1,0.010293822936922825,3.6266754422487697,0.0713296861724709,2636.7184838381027,993.3153233878628,17.041089812892473,0.2939445599664967,1.2149329988466158,1.0431606675508431,dga
1.3486766912502235,398.91746556554585,1.5089130996959499,6,0.28931949950669633,1.4509374727633686,0.24278430056361391,18989.070277355084,1433.7599672678002,15.022083763012454,0.05272457926420915,0.4082007668214338,0.7274431644535473,ja4_malware
2.7281407544990257,8079.8916214308,13.497152365699737,6,0.08341754071534528,1.3238727067567793,0.19779281485999656,3192.609837779719,441.8865217583269,4.249745581137709,0.2637827916573775,1.0464258387673888,0.6125837455820303,ddos
1.2637627971336394,395.3166739684991,1.9846851106386096,7,0.1059117833376975,1.9256660907593008,0.2139363529435303,3997.4586139135135,339.34832895053376,13.597557106597518,0.22526041156793447,17.98807932088696,5.561420855048653,exfiltration
2.3931403899786723,101.70515262059389,1.686650292351807,4,0.18298962930263776,1.5227637427220246,0.1763324152268224,3853.4019099223087,309.1138030173781,15.108094673033289,0.11988525003422477,13.350059751550315,7.086234830227125,exfiltration
1.3350604646579232,46.00947344275559,0.5263619319709192,5,0.24218772818953332,1.9843901012046292,0.1317039546669469,1807.5649492609875,715.7345121238434,0.3933693774343601,0.4668874070922423,1.873352827010073,1.4203412963289361,c2_beacon
4.301047605434035,6078.645033995783,13.9144182181295,5,0.09643203989537148,1.474671029492744,0.2851726130574431,4091.1815910732444,988.6876548598342,10.210791623430458,0.09191734177498459,1.9074874112957791,1.4849463974422519,ddos
1.9579797834871566,112.7541594559192,1.6961999964483778,3,0.09896391640912573,3.8932768609328616,0.047616932936010194,1496.6281052530262,773.9121261952312,13.344825559353326,0.22644296042799178,0.48569782026906083,1.5748613244920053,dga
2.1661072573617663,128.27231019706483,1.349630976214467,7,0.2855786370242724,2.314667923536747,0.1307155733895513,3490.2103323680503,597.795840883615,17.002602710502053,0.06834334532591521,0.21053004081249305,1.0205464389553853,normal
2.0162757097128408,350.4343910717196,1.8515049631984324,1,0.17779197052776072,2.8462236116437687,0.2564105574382721,11298.226086282259,1799.9350281137245,5.541696433929443,0.04421060785525562,1.2006944300534117,1.9741871632690016,ja4_malware
1.0165730967976099,102.46451622525515,1.2336328912093555,2,0.0017846990657879535,1.8767838151653067,0.28278117827178473,2755.333413300998,316.196645095099,11.321928858969356,0.03139943701046075,6.929157434425747,3.120867043750835,exfiltration
1.0142933603943454,93.56149943606496,0.524094134472644,5,0.027111841923541,1.43683176499065,0.2114257037815404,25198.641684646867,1743.1632858200267,1.0169685589318136,0.28512354524414607,1.6391784531177924,1.1514211716053615,ja4_malware
1.9645288108267522,234.02631329308906,1.2597315850609163,6,0.2993320952713146,2.9597190520195014,0.2635150330023788,1490.6928397868712,592.1966571167608,3.958468348550432,0.26099458823367594,10.847358642166363,9.970747483857796,exfiltration
1.4340950087913529,196.6927418121242,1.9276291692582521,5,0.15177649408787725,2.341543881812945,0.25890314929852276,25994.500485998255,1461.4648986465727,17.764095499555072,0.23038527812794687,1.6147991722238726,1.115450689224577,ja4_malware
1.6026623316440882,418.81033253260324,1.7399922298802113,2,0.059387284421915154,4.619151357215804,0.07289400838078552,800.699229160209,375.7592116480483,8.821042348278954,0.015857515069858164,0.7506476856431659,1.1376346535707806,dga
1.5749797341661147,308.2831531601409,1.4513516509500923,7,0.026919383322375368,1.5771060139219042,0.23777940159776703,3249.3756808763674,858.9025335600942,4.707720213583741,0.27500852342560494,0.3061563867019301,1.3022028697706027,normal
2.0981450269075648,347.19963439088514,1.251756956068447,6,0.2568381910750881,2.1067505882724586,0.143674261336339,34887.08101559736,1801.2128404797618,6.029617050721376,0.2852679813950475,0.27481993656796816,1.8733317331350285,ja4_malware
1.2973063408193468,159.18859797325612,1.8483823644807704,1,0.09834231620819579,2.149641462480231,0.1153277322901763,1961.9921331180683,675.540542690803,17.623046808979197,0.03724500387320349,1.3829055651635058,1.0185455459762869,normal
1.9148761408957127,297.26718066770337,0.6387693832976604,3,0.17904827038975404,3.781996829668257,0.04926053755043184,4055.187412213578,960.5720917922612,6.299041378133779,0.04824268178445988,1.0561493013982994,0.9427676006964072,dga
1.182882517502669,477.90021200934575,1.7562136156816655,4,0.13030477446758873,2.519970022992305,0.13460478426865938,248.02874638614526,670.2812658390706,1.0175960278966936,0.16888735613588743,1.6345485054478375,0.7350626844284123,normal
2.380093126723694,248.40934295018315,1.322101774735996,1,0.19740069763695492,1.1997624324534228,0.2671503375281819,1501.7468442196716,673.1148674593258,0.303068093365595,0.6436820009543455,0.8441786501505928,0.9263562276499154,c2_beacon
1.1965854716371722,234.24572046969342,1.879273067858948,2,0.07591731834459432,4.73531819029146,0.02625587846729391,827.9583363927537,338.28132728014396,15.876780568253642,0.06493782447339554,0.7847878342422581,0.8828331109162916,dga
2.27155863784034,397.31116911301706,1.6118896180205469,50,0.7273576180470649,2.3267599758317368,0.1881824108992285,128.39069703531953,477.6512614246825,19.707667554680818,0.2958735329551789,0.9842470802060184,0.8609835442625722,port_scan
2.292174796205393,68.47393018443006,1.3064019496402581,5,0.18755676380259592,2.243292665445697,0.26747046799015406,4734.039451040613,420.9427840198684,10.462203951553878,0.22681170014033142,13.586239814799244,8.931993972739285,exfiltration
1.96204416282673,438.74076705636844,1.5091730323442984,76,0.8317606877718996,2.165127037986603,0.1636356681472503,3210.853686900969,848.9831412584302,18.325858422653322,0.03511772511648746,1.3454793041366246,0.5795846589792019,port_scan
2.426119669128154,138.7936369204864,1.291249459191694,5,0.23186564942376156,2.1051182751786146,0.18634471016986803,2731.0906076177403,386.1256922860349,0.5086521626543887,0.9476089691344972,1.209560824121985,1.4008390412403307,c2_beacon
2.300703159482295,211.3503901760564,0.8486507893136015,1,0.1887966714930791,2.734684665071703,0.1747037923905142,46908.27674225983,1987.5271125905242,5.60556571424797,0.22707478684359148,1.265466357160192,1.1515696272349953,ja4_malware
2.364426117610218,223.74840077901789,1.7538980246129967,26,0.9706111129644728,2.6337074911772573,0.20630350769943004,2506.1276420432428,977.8600927828405,2.9355249949499393,0.08701391165561602,1.5813471851584486,1.9263390549564692,port_scan
2.3764059051816684,11.48961781033503,1.3505963680915858,90,0.506980558236797,2.7598247051879325,0.10858371836059928,1298.2683541991498,395.79408219269055,12.142545534562995,0.08909046342501704,0.9374238069447893,0.5951973194426654,port_scan
2.2561381202910145,494.65639978186005,1.1869875574935014,7,0.17740501365666964,2.020497268186994,0.12948746631487898,4921.402966625278,799.1587915643245,0.7553414913061007,0.8455568333713894,1.1797925339974968,1.7579155913661817,c2_beacon
1.9520774800008862,328.08303456579443,0.9807367425170243,5,0.24892497303747343,1.7042409478510674,0.10565846112762292,1530.2825674737242,601.6194281875969,1.058160992417766,0.12840845447450586,0.8210503763167065,1.2854407543170268,normal
1.3960427891616,42.45499063060651,1.056374027207389,3,0.2390259359988133,2.2547654497987004,0.24226464696080452,38515.22906093245,1308.1806122624243,17.570280633590638,0.09878335154117893,1.476645388754387,1.9123763278682018,ja4_malware
1.7309439373483109,433.47713654321484,1.1888046847761795,64,0.7954606974810181,2.511786830283101,0.27912133414225654,994.1793264851144,588.9206820948149,13.061355568460382,0.2619752807919335,0.8096333648665457,1.99326087148545,port_scan
1.5177197178139754,106.54264747488092,1.506952849807324,2,0.05617779985345576,1.572884702769817,0.1441671271297366,2251.3248737281265,955.328214309049,8.00838047885526,0.02338157748261782,9.824252769014539,4.753404750455706,exfiltration
1.9786495847815473,398.88133809256493,1.4722755945007016,3,0.11066351422124121,1.3499556749749764,0.2838319797866623,4296.830404417799,633.3991801585768,15.803631791528602,0.09178289892917246,1.6179548939587283,0.5558090573501591,normal
2.094528563016067,294.68479313654484,1.1435391820361192,3,0.00756148413784865,1.4826286759550575,0.28878942517251927,1029.8638723327638,936.0324407605084,6.0354048103067734,0.2929739970370002,0.7465851507977641,0.6749688721162791,normal
1.4925104530370603,262.6801262716218,1.5783567068046487,1,0.030012860477759182,2.204192429173675,0.1925089434625414,29777.13486751447,1235.3007725887715,12.851760135398727,0.1830914691505601,1.3099999797968154,1.0951580184729806,ja4_malware
4.158333970809059,4050.153359024169,9.689411106752337,1,0.2818958762394676,2.3310412918927135,0.27003682540817836,1530.5231889620184,470.3372146272019,16.642781818378694,0.08605185652092953,0.4668359185164674,0.803201604888561,ddos
1.6843385180902721,292.82408288533975,0.5706007130404795,2,0.15789305666928496,2.299716663818316,0.19766599329345363,23211.56544778272,1741.460976932016,7.347296836962588,0.03971261853460637,1.6491747996701103,0.7393129697433924,ja4_malware
2.4442871772358292,5714.331004842161,17.924304683466943,5,0.28473904982298276,2.71013986050799,0.27323832167802176,692.0896673304052,827.9066366241274,16.509505634730772,0.10838575248673404,1.3258916006403096,1.5746406715207693,ddos
1.4061521076343795,327.76334994984023,1.345124934247112,97,0.6516216109533214,2.1669152756692966,0.2425065247145406,4234.448145958826,462.7692107696765,8.71401662293144,0.17640117994648455,1.8431498332058194,1.967941197854466,port_scan
3.950980824563107,8137.593739365087,16.709410964376872,1,0.12274209953081211,1.3439933567322866,0.16711153947497187,958.8983596691962,665.2193261687765,7.372244164763323,0.17910600985414502,0.2874182398725414,1.669996713044186,ddos
2.0885734424071405,491.8743672365394,1.3914090414523699,1,0.10465819561391924,1.3319858229740547,0.19072283569092438,2472.6462199723155,731.9160371123926,18.342001122441395,0.12489404661954008,0.7303179904178123,0.8622626783707146,normal
1.1752166499201924,188.91812003216177,1.7212094323348002,5,0.1565437534438985,2.3862881113710372,0.10336007506637622,508.07654470234553,859.896599851249,0.2481465078959501,0.4818070565857491,0.5760473391657657,1.081756670699852,c2_beacon
2.1095193470342535,85.28071330147328,1.8090008100238875,6,0.05877041201781542,1.5392820737721835,0.14840732814825208,26300.84057844301,1887.5987925033705,9.925407047159958,0.21218537375404892,1.2154641517466596,1.573998405598551,ja4_malware
1.5666388706001475,309.9377858877487,1.0703883755942334,50,0.5757879060922517,2.329523881606381,0.1254041524645016,117.88829993754224,575.2482669722963,8.163669580054805,0.0634078808182947,1.9149597719364702,1.0583228720674984,port_scan
2.075401993436126,52.03961923249299,1.822985308200182,12,0.9449464103764351,2.0229310417817192,0.10279678691722732,2076.290882256124,951.1745672687773,8.626507367731891,0.15254846014418585,1.5910853683045487,0.9936812961575494,port_scan
1.2752998433204785,445.11452601673415,0.635868587803159,7,0.1762904923959129,1.9368106392313467,0.18334082061649265,850.1918414365477,825.7568123380098,6.641836018536732,0.005915683203445731,0.946186443362574,1.5160319436726626,normal
2.269646879086877,57.16337162302643,1.1511447881414312,1,0.21260592800508912,2.0685837529352327,0.12882369046201794,1409.877656184502,468.39590075822434,16.682947825805904,0.11918528590705892,12.376283932896257,7.2738187711224676,exfiltration
3.11242580521502,3668.3636636171905,19.502389259152157,6,0.16417557421427784,1.6264774610068786,0.2882465113521486,954.9569519876666,894.0132241593041,2.3611893187986155,0.0666986782755839,1.5038396727499426,1.0506688838842435,ddos
2.3279210850367877,404.8012029705686,1.9487608064648025,1,0.0956703825985536,1.6591666504586524,0.1667512480033096,37401.54294499095,1559.4139026308299,2.4250569815864633,0.2592510211806419,1.165409044241404,0.6696428446802658,ja4_malware
3.1385617547831006,4891.3610567606975,8.667797092581138,4,0.15802438396228696,2.8667881213234554,0.13215804813190754,2289.060472699165,908.1664385849232,16.7314825632489,0.1089917680374056,1.6484727800075543,1.8785952034357638,ddos
2.165558251247324,205.94276646345824,1.0940582424394105,4,0.20750248101303712,5.647644269194961,0.07825790644131939,4143.286384886511,649.4042950088547,16.079305371060297,0.007203824547844728,1.4611786405778333,0.903988732317758,dga
2.457739639091451,168.021250112646,1.3263631527356043,7,0.0036155589047775602,2.4404320580053276,0.25533773526985803,2840.2869206346627,971.3184688087097,19.49961739029343,0.2225462740718753,1.2340319483704838,1.1836110961992412,normal
2.3740177677064116,444.41320546421593,1.478386409698783,7,0.053581252709135316,2.9491808265022117,0.12983683677726968,756.4883742221374,632.1710624315235,1.993358205605137,0.13968255300207993,1.5944646674202088,0.6571965337150927,normal
1.7561039706467318,51.98763219503895,1.7231573271637686,7,0.008749122649633045,4.930362230662797,0.06926554035383171,2971.352226021718,951.3905962521313,14.445303506300071,0.20711808789212213,1.0514682021920954,1.5044952199383441,dga
2.3271490631413605,160.9149935555922,1.8907221938849663,1,0.02344919175582406,2.7212143737059153,0.16613457559266204,466.75508453748176,865.0244217928912,0.02026787459597187,0.8710071592273231,0.8245974601291104,1.1632979946004411,c2_beacon
1.1903918287813031,398.40785409712134,0.8680295920242947,1,0.1857457540009319,2.052723789630398,0.23687891900339142,35373.38525362427,1742.6213819055301,18.241443323566354,0.13665353946246328,1.7657415453849503,0.9152354123416837,ja4_malware
4.092944810340667,5802.756149964195,6.429232195645708,5,0.07774395471306152,1.4200132156244538,0.18938886307857522,4891.684629852683,594.8740261519692,3.7027358325036444,0.20045822203510325,0.5712369896029836,1.4423198895562561,ddos
1.542511905440575,140.38412741265262,1.229488821221466,6,0.25099816754033427,4.84735796824762,0.06313234409309751,2728.4671197252933,474.7938312600452,19.362119395063566,0.014609345742752676,0.870257149354889,1.7271042074649698,dga
1.4353477119255138,239.10021662886578,1.1312025093047693,94,0.9741234493011113,1.6992755937464812,0.22313669608054348,2489.8381975646926,637.62833894204,18.136711181846522,0.14994697515469355,1.6046544579028,1.465078054185585,port_scan
2.1815135269594395,366.1484057987683,1.127062468308364,1,0.054362993338865746,1.2253106405640883,0.22662885589841658,930.5257766633149,628.1974625872151,0.31532208920049587,0.5856450457083462,0.8968906445136942,1.0123951046636648,c2_beacon
1.3748187693125866,157.69848765485136,1.8519643422114922,80,0.5809167906243914,2.985066924341665,0.2866457708923548,2404.451540524874,596.6112448590014,19.819731056729154,0.1297381373968229,0.33800134848784735,0.6076486096816743,port_scan
1.1843091050509225,25.443409608587146,1.2257028207193876,7,0.2182243649997285,2.9166255787795543,0.14237076108656496,4857.891751815876,824.498845240114,14.79234089745796,0.13696477083908434,11.5833768302993,8.232359402122427,exfiltration
1.5197579680678377,189.43099809351943,1.1941404269304274,5,0.08539163406807657,4.484222802438009,0.020490507716674527,3986.2743717883823,767.8764381545641,15.699319901668199,0.20274350315215714,0.862886019514419,0.6203496134081575,dga
2.2507611565349066,277.7133108658165,1.7894711122758826,7,0.17522422552982736,4.800319008179705,0.039287338559580685,297.9676281006773,400.43508454157336,19.677056844500378,0.07069608765028887,1.99731021987182,0.6491089205360367,dga
1.2097895007119988,416.8530892775643,1.8366782422751609,3,0.15153793390313014,1.253753861828692,0.1879142979773228,4544.215054936422,403.75172894741115,7.2252008806230945,0.2103629651768858,13.553960123661184,8.29847399442805,exfiltration
2.122086353582917,78.33666547029192,1.1534097244064172,4,0.19963487023700202,1.9320772788969063,0.22751851556347985,22689.560839739468,1387.6275852964507,8.933467625970248,0.0888744654286976,1.8273665927330913,0.8904661981692967,ja4_malware
1.7043337169137118,15.256546038081359,1.1289514818917152,1,0.07390567253496803,1.4087190904232776,0.14332668764117448,1034.5630708813185,667.3678313264427,18.035531330801245,0.2900841415904791,0.5595022946378592,0.8653528337083352,normal
2.156792447042698,9531.746020493058,10.536752011692187,2,0.11144150705041005,1.3592352033903066,0.1090010774796222,627.459975895232,394.0423360825872,7.370377390049571,0.10590444879369572,0.2458692855722342,1.1681737508847523,ddos
2.3783152641198084,198.13352125718626,0.6390431778194798,7,0.1978124019535763,1.5590739741081012,0.21823681101479075,1400.6305884807211,327.34042354008193,0.16332070581840705,0.5859346823842725,0.958477011317199,1.5499675203391803,c2_beacon
1.071293982041106,447.5522472495433,0.6657293421772961,92,0.7423172868262187,2.7527004692129466,0.28815201578933836,4954.3272651940515,310.34666338812764,10.322649634545511,0.22440147194420834,0.2436149297208157,0.9448287510824114,port_scan
2.2772304505548453,335.06453435702724,1.260760360100625,4,0.05964953705507176,1.3239104767592729,0.17198750643089042,3405.914073380999,316.6077416300145,17.06132861989212,0.1168366003612146,17.050853477199063,4.7087767114118195,exfiltration
2.020834243620997,498.1863566567233,1.204668501504464,54,0.7977471667148752,1.8619415931266414,0.27488841353406834,3768.5263726673584,744.051244340774,4.403890669071647,0.2111815908846231,0.6749275504935116,0.9056378418941484,port_scan
1.2695837824287137,197.69636483435914,0.7789972954790945,6,0.20337291040442265,2.97552160893567,0.2149143711099499,40454.026575690616,1794.706676254697,17.95143578311919,0.11912847332753002,0.7103567028444138,0.6247295119443941,ja4_malware
1.8581841720885102,84.43891544106108,1.8257978349222252,89,0.5557112585409609,2.320844116437817,0.25708334471716865,3065.7450558984615,544.4327444301259,17.880876544051883,0.14579017240660602,0.8084838271866424,1.1098858158244913,port_scan
1.1638020706030512,272.8003644549861,1.275067537442387,5,0.0999634002200028,2.220998283567856,0.13609530436391265,1029.1069702123457,312.0756011036631,0.10059385075816533,0.6330400831906466,0.4241043945787686,1.9897225030313184,c2_beacon
1.5499062608515408,272.28149018310097,0.8177646760281756,6,0.22316144827740267,1.482477176245506,0.25095161397501975,3662.729706386752,900.8326106625843,0.5158793037358719,0.5546356655304414,1.7766852899840566,1.4464380529075953,c2_beacon
1.3487846410538917,170.21391416325812,1.0026724455486242,3,0.06274793005394336,1.1446285435598766,0.26684909601005435,3223.710264695997,566.2931385531012,16.01209837700076,0.2592976176378419,12.53060264838861,5.721639779166435,exfiltration
1.6266875596988972,57.842166291365885,0.6957314060304703,3,0.1088480800018012,2.4402136359950948,0.28061630107549906,2967.3517710206165,603.4691773172444,0.47578791302110035,0.8826975871437667,1.5679097685351466,1.5396187345988228,c2_beacon
1.0215980208615714,406.0592892617744,0.6110752911975739,6,0.18841491224111664,1.9225042340458662,0.2567755426531822,30164.095990330567,1676.2441286083194,1.8949496327337028,0.16851188078916632,0.6218682389069079,1.8493567544903784,ja4_malware
2.195225632487743,64.91448178936179,0.9805958053959618,2,0.20225855773344484,1.8042761498071078,0.2643761441543725,112.1418611994131,596.1604704102293,17.158192505240958,0.25648353858915995,1.3938284513189922,1.5317402440643388,normal
2.0714075399435075,75.91243152025906,0.5430231527756642,5,0.26454802034824626,2.42483869430568,0.1441818022865696,40306.7620577091,1454.139828994709,1.9686399619353026,0.2501823541496229,0.20669938915815864,0.7154613121117606,ja4_malware
1.4602642158244556,21.62722455815161,1.2280128817332763,1,0.2047413723865931,2.49295606329217,0.23525458687242584,19899.370106640086,1662.9213461051716,6.167878650255674,0.011129199691839764,1.9466154536932696,1.4428440889431942,ja4_malware
4.213484536609361,1315.9488180663116,14.268722021847383,7,0.05971495868552687,2.0726772727746856,0.16283869121117536,2693.600400091288,982.477097333307,14.88820911995476,0.2577274975640162,1.7278992916201021,0.7191532769030178,ddos
1.119422634865172,112.17450286594486,0.7207115317893591,5,0.12854545472819243,2.125702618535705,0.22410791938298943,41181.88487330189,1701.6258746030308,19.774677322841413,0.17455920902168595,0.33280294338357475,1.2816991748538302,ja4_malware
1.5472647357399398,67.80111854586454,0.7943304477272987,20,0.5806784040058504,1.9652676391243133,0.27286757789009397,3924.1405032207326,674.5063656604073,16.394863767351367,0.08503439936588698,1.1268055101333978,0.715374227111006,port_scan
1.506648708665849,353.2360807269808,1.3260422783831916,2,0.23929680036045037,1.1499071356648276,0.2238969396981428,14029.423718202892,1444.244978156772,14.524802296107104,0.1441596635490669,1.2832812254181085,1.0599239733300938,ja4_malware
1.5558735580800356,498.36206653039073,1.4592975047773622,2,0.21274795416595396,1.8105041400515647,0.2517091984934857,4810.751687208661,584.2389074329894,0.824603922392153,0.6702368687513615,1.3828200038425222,1.8263314174891496,c2_beacon
1.4296565834586228,387.11822159338453,1.724734819850994,3,0.04536035937174453,2.5288755950756605,0.15419841297067993,20376.649571764563,1438.6648792523736,3.964535603920565,0.2149187781286181,0.553385770870293,1.4376120233714516,ja4_malware
2.406111379363529,9675.251904880222,14.349031850870293,4,0.0767135260805626,2.3695618368846905,0.1476874373602986,2200.370317090229,305.9366051656784,10.460624648302138,0.03703270614013243,1.2493005130115684,1.1133159285310998,ddos
1.815597904065824,202.4094279412442,0.5736805827417342,5,0.023172354642688974,2.635724027760321,0.13798675109945938,3832.70085034498,939.9874855334652,12.717369541133666,0.16945047034808114,14.942233690595646,7.0551073295101885,exfiltration
2.196716722062094,384.427401937684,1.6777344812321564,5,0.05035993033332505,4.243908281426208,0.02617522279533646,4937.1582625101655,728.1278017759951,18.515691404004066,0.2616857677073655,1.5622626256641292,0.9064279140937825,dga
2.1210683280703106,436.30923911895337,0.6047381595742667,5,0.03366347399099596,2.837937264673525,0.2150153351119688,432.78938431612386,780.010198244416,0.476228164199855,0.7027764605158497,1.623613253464888,0.8646942024890834,c2_beacon
2.267025171163083,251.71016149240228,0.6650922113391232,86,0.5581143707985072,2.076261258334572,0.19699041330837275,140.17147504646448,579.7084595941416,19.36731221844176,0.09008787342424884,0.4790123640540852,1.0984521893965153,port_scan
1.0847993929594164,402.2281440472939,0.9066386689897143,7,0.1305440164433642,4.8934496037371495,0.047224848442647155,4895.668316731247,503.60681547358365,8.506858566710786,0.2998491628069652,0.6763677836131112,1.447828927759199,dga
4.238425339727165,6322.124730173747,16.910256476640384,2,0.16323273441650596,2.7341936309610224,0.1956338915271698,380.95327676640625,868.9720982374566,16.37991229219284,0.06907821468438168,0.9946471021992269,1.5504544357155734,ddos
1.3122885645130495,241.814416675919,0.771000082577181,5,0.2282204131492962,1.6073906127308493,0.12120364052475228,2663.6822342911014,343.54667200324764,3.561518455998445,0.10757703823167791,15.007590823412533,9.547308310208322,exfiltration
2.0475183978737177,192.90707973054225,1.5151138870198593,6,0.10480640075670897,1.2746751167241872,0.11853092825469619,351.5153730890931,585.1269130058326,0.30574889620475415,0.7982369118189923,0.3083622525198471,1.3482521663269027,c2_beacon
2.103712355617538,403.7312202033803,1.5291861327817489,2,0.12535461272470447,1.7844504910291015,0.1661649498626489,589.927741294442,595.510830201099,4.696971589626061,0.14053317530563728,10.641416232623694,6.366066919572493,exfiltration
1.393690773884297,275.0197521030261,1.4803097385404649,6,0.012765545294032954,2.512241619486149,0.10223735061737538,3021.5731067848715,365.2527488672223,6.733923241166619,0.05635821760125659,0.4799824398870823,1.7540393053665904,normal
2.2482903774840826,66.895062659302,0.6041478642353777,5,0.13516607116551865,4.053071073014825,0.025345120737486113,691.4516895935133,496.8264413330514,14.824144715289567,0.2316758835322029,1.09401594734807,0.5373541105810168,dga
2.208606402528482,6335.154503489766,17.278266204033095,7,0.06952255922750945,1.1563518660893988,0.2950032655749635,642.5273051142209,346.7626345178575,6.304849640973784,0.007324645904408044,0.6325494190668783,1.533469322384161,ddos
2.0955122095241485,92.30956955764479,0.6253052932821852,6,0.06564664543113424,2.120660964658401,0.24875914681617986,3704.980227981759,317.68032845818067,0.6718555200394974,0.4185769731043288,0.30218916280619995,0.8700932265329537,c2_beacon
1.8604290520111135,163.1578101221808,0.9313617538305425,5,0.29015781729522705,2.283090424785936,0.19587298874692527,47745.56112550619,1792.4778487347041,19.64311940831908,0.2361077943201665,1.1098417005778582,1.422832724367324,ja4_malware
1.757247863227371,319.9447458091289,0.721659725665595,1,0.1870597415357585,2.5555853136284954,0.12487271789091768,2208.283837133557,351.3692663156847,0.43184990799172834,0.56988560215179,1.6616723225395071,1.6707801739287997,c2_beacon
1.5099604831858906,240.70022331908729,0.9877961388472657,36,0.5707567458860439,2.8633656279418456,0.12618020779938877,1176.4252927781358,663.5802731203004,7.628165712504045,0.241431559754745,1.5069671855397149,1.4475789724382504,port_scan
1.417113318671886,167.55116582634255,1.2793243971645412,3,0.26951261518181235,1.3358759611977273,0.12780101570245306,4116.661178609191,452.8879331836822,2.333041890218987,0.14415411444580456,1.6408096621732116,1.26462375997787,normal
2.051851922382623,253.52040221114856,0.5797824363312813,3,0.00894104666730454,2.661983273490825,0.25721423942588895,892.3874893212377,695.5040431600385,0.42082270611316563,0.5776689778782045,0.5468513646208006,1.8282181402041582,c2_beacon
3.0293615886352896,3059.5902503636626,11.633866169792562,1,0.021933552002751443,2.7131865717375603,0.17289501195539947,4481.739657819482,572.2640897586684,16.875011165872113,0.14719788463698194,0.47482605583136805,1.5465257424614607,ddos
1.2588043751275078,123.97683795014018,1.7772243292004297,5,0.28848032625784265,2.5984648181590337,0.11781054487767538,44405.459522322046,1809.8164855438297,16.023773152113776,0.2887964555165817,1.0793810963977504,0.6554548353958205,ja4_malware
1.5317889521948025,192.4081708638586,1.6244279283843013,1,0.2323251613707997,2.224878658506363,0.25990252114364576,3014.3362670280085,972.8823617238658,10.091736757886293,0.11920016526196224,1.7754352565815568,1.8137668901440716,normal
2.321269766102418,12.45156816622067,1.0365749062537355,3,0.23703358203898886,2.1666415991130776,0.2481956261734543,1262.1659336743933,364.4556455367012,3.8179999966868814,0.2537493198808846,9.22574296472614,6.6404928213852195,exfiltration
1.9546125131616652,269.575376429424,1.0674647335601228,3,0.031245448140861474,2.285607528667163,0.11907069063657205,3697.555834269402,441.7397416711823,7.581728173513765,0.021954207174287865,1.3089570354941102,1.7690757457677238,normal
2.3814564219763876,203.05354653943556,1.966807862986471,87,0.5348065234370925,1.3371321193037853,0.2226901007366375,1475.0390568941027,459.5712767894742,17.31397327139472,0.2320927870017485,1.7486031945442664,1.580526319010023,port_scan
1.5373503985248644,418.68054553849555,1.732597923560626,6,0.04654827565021181,1.1877507011757948,0.15151679166651913,18851.402227224706,1298.8748507106907,6.060798048951517,0.11439740935622808,1.2327763541991477,1.3145005720757075,ja4_malware
2.901684495724339,6121.31065720153,14.436515019136802,7,0.023681902710961343,1.7443010205042873,0.1275029738930327,2435.3117592947856,846.168185233218,19.43745109474716,0.006390697859755012,1.3880782737307995,1.8139679223303096,ddos
1.4815940827689231,32.33867921343462,1.177699993046959,97,0.5392293549910249,2.5206000878293255,0.24663169640502527,2772.0900108596306,829.5815166311795,10.212479495008136,0.2911168078969676,1.9405304874118638,1.4705146295640656,port_scan
1.3225099444473845,306.14541021438583,0.8060972951509873,4,0.14104538239090095,2.2791728402549256,0.10741762762749202,36855.54604420751,1462.9872820040075,18.356013807183196,0.1080341181153351,0.2845640119500382,1.84246204112086,ja4_malware
2.2657817905791577,348.89733066509746,1.002991367272596,2,0.018821587835453114,2.1002268419198473,0.2067819695147161,4022.5405514230183,478.19816307129435,0.12524725774794054,0.474221930796916,1.2761123124775962,1.1026706930670147,c2_beacon
1.4500590381704697,274.2986136735926,1.264747766329421,6,0.1986388029422578,4.506467751331268,0.05111834079887753,1916.72516151413,405.0279456291337,15.775493782395479,0.06763655078747864,1.9600994191802932,1.5203627349827937,dga
1.280338496357822,430.06761770231736,1.2166509240940502,6,0.1957096157388726,1.7573341585270306,0.24406257076339824,36147.631816444075,1247.5265580375615,18.47079667999024,0.16554091778326555,0.7734299325837948,0.525430707458308,ja4_malware
2.404523982944703,8035.295674318323,10.273080094594084,1,0.10479144583130835,1.1581343429272155,0.27449698063091466,516.791450386798,456.27090113953955,16.12707057174958,0.0556649489140445,0.6009466662800926,0.7148658266707524,ddos
2.4468214397475947,317.3276847604537,0.5032621531775214,6,0.22337400276422031,2.083183438534662,0.20726895922531707,4873.270152131609,697.3028171631704,13.385702081682943,0.2477413485529349,8.334549662800839,4.230542338005579,exfiltration
1.498005910655739,485.3377675969383,0.5838149728492967,1,0.10110922847382231,5.305286201508577,0.031146149346146713,4541.905778881481,683.8684078646387,19.219080353846653,0.08284026389859857,0.8102062839491044,1.5339647298664318,dga
1.255889452805329,463.1038169377454,1.9991328638362817,3,0.1516508458071201,2.695332935995946,0.13237387212574817,1505.0451147981676,802.2343101794592,10.917950353868983,0.044920262480031156,0.5944100133523422,0.9673372075909412,normal
1.6088249504380763,478.5239124220277,1.6655458227824569,2,0.18117421049182605,1.1667724207332704,0.23479071207223134,1901.2041861270288,767.2972175237014,0.2932336701672945,0.9110505569224245,0.6487947239039441,1.1936536731687202,c2_beacon
1.592228605256568,52.31506125079064,1.2035554480905621,7,0.05848025127998737,1.8374930745599012,0.19924092300062013,832.6810817317299,651.3354547519839,6.437752377997841,0.15434314083035341,17.495255879813406,6.97880182559971,exfiltration
1.9485122690879406,493.8384769993052,1.6437647568947322,7,0.038447084115022255,1.4563106024557377,0.28178850786952947,1822.4121940173075,324.84743868573025,18.39655093548524,0.1866041076143977,19.18612969241187,8.960095857997146,exfiltration
1.8811225857740714,336.63942859416625,1.818176190382877,4,0.10781570418683965,1.8052434879323682,0.15872608710496325,42060.010117229205,1461.108381439691,8.171859649824253,0.056396837844312916,1.4688396392738985,1.3376185472254278,ja4_malware
2.2792383057107006,465.22200803978325,1.3798968673336758,39,0.9324644104024966,2.3073657202928937,0.26895348663704066,3913.271550591487,847.2240764471646,17.951669926126065,0.1706284527350621,0.7663658152983874,1.469009713736988,port_scan
2.102339743465436,309.27736528535496,1.662361855071992,5,0.11755131297301581,1.05203480710314,0.14439045028941344,3852.121626823798,558.629732326877,13.880168116168772,0.052338643128172366,1.4568360931805422,0.7878414081881111,normal
1.9525493423103701,180.81265575722907,1.5990338014799048,32,0.8868900314387194,2.005592592782463,0.21346471810689743,2852.5255368741146,780.0742260115169,11.695066431989744,0.15190633087523567,0.4514775840996139,1.3619099511279753,port_scan
1.9738497328679634,477.0707072035426,1.1521396202135692,4,0.034205757400365286,2.0063570534497757,0.1709603838275198,3678.3022351722284,775.289962640456,7.550557685353132,0.11253409592267105,1.6872421181590316,1.300082001252421,normal
1.7089498471652724,281.35150590404174,1.7217163935743174,6,0.19636202325955862,2.1656103196957064,0.20654581967646923,33325.19488043088,1301.037765170197,6.989030842367207,0.27177822441881416,1.4026592256228476,1.390141794765674,ja4_malware
1.1692742348895695,444.0726591084617,1.6349636758757569,1,0.24392083783551088,5.95638125358083,0.021485334374357783,274.4234489812129,458.5356488533545,13.946288608547937,0.03424311229903798,1.1022141024276184,1.2002806511523425,dga
1.9149651101174767,498.66383455907106,1.5368695231355374,5,0.18541898613780566,2.66184844593995,0.19153947751074973,148.9211818387521,745.8138323021091,2.792864839551033,0.28146570269065263,11.73993380621183,6.6051462473054325,exfiltration
1.5710957774272667,330.6873391984781,1.9359097311390112,93,0.7880291887285957,1.08019103685897,0.13286716538882826,1454.4226785565766,554.8068461901606,6.1161226162023805,0.13328211617550198,0.9828205650464579,1.0342331714096638,port_scan
2.2975749716882214,114.07150165932931,1.679192361791901,84,0.6697628005091516,2.997647564533011,0.14312320323737268,4511.057411578523,603.150655356085,3.640241389902399,0.101698431867961,0.26695952314859106,0.6749481442713252,port_scan
1.6386391581334445,213.06742330350423,1.8505675780082715,28,0.5403257029999287,2.854806987745386,0.23958681497032822,3162.3890597527256,929.2010315419457,16.55996739029336,0.08597673038769728,0.5026734425744173,1.0430474634490308,port_scan
3.6962464448566217,2523.73628398898,11.787485704182087,6,0.05153870802400063,1.4278437046150945,0.15586375606894748,850.3705781705708,876.3098557022282,8.429428415870321,0.24758296859488557,1.9133419721904923,0.5778607821132451,ddos
2.0456052103432887,446.72460749256106,1.9143003593164725,5,0.2808300587022594,1.2443270360134138,0.15482097716079157,1556.6681169152234,856.8746129627494,14.648474546228357,0.0362769685524258,14.4782494571756,8.91167066734514,exfiltration
